placement_id,front_json,rank,support_name,category_id,sphere_radius,clearance,pos_x,pos_y,pos_z,surface_z,viable,source_csv
7,0c0431b0-fbbf-415e-aa86-5aaee0815805.json,2,Tea Table,3,3.0000,13.0766,-57.0839,-8.1123,35.2764,35.0764,True,prescan_batch_0000.csv
8,07f296b5-8bfe-4525-84b3-c4f31b85d22b.json,0,table,36,3.0000,11.9310,-21.4405,-48.0094,35.2764,35.0764,True,prescan_batch_0000.csv
9,cec93e6e-888a-4e2d-a6b6-870d764f35d6.json,0,Tea Table.001,3,3.0000,11.8000,29.4129,-32.0517,35.2764,35.0764,True,prescan_batch_0005.csv
11,00808820-c206-4cc8-98a5-6b7d2ff364af.json,2,table.001,36,3.0000,11.0951,-28.4721,14.1391,35.2764,35.0764,True,prescan_batch_0000.csv
12,acea7e3d-ffe9-49b8-96af-a54e53e5f8a8.json,1,Tea Table,3,3.0000,11.0519,-34.5809,35.5543,35.2764,35.0764,True,prescan_batch_0004.csv
13,cf94fa93-585e-4b9c-b07e-ba982d22cc79.json,1,Tea Table,3,3.0000,10.7135,-21.2238,-54.2595,35.2764,35.0764,True,prescan_batch_0005.csv
14,0a9f5311-49e1-414c-ba7b-b42a171459a3.json,1,table.011,36,3.0000,10.0183,-50.1052,30.0599,35.2764,35.0764,True,prescan_batch_0000.csv
15,5f730139-4d72-453f-b4e0-e8861590dbfd.json,7,Cabinet.039,48,3.0000,9.9677,-41.7737,-2649.2690,1.0000,0.8000,True,prescan_batch_0002.csv
16,667e9ce4-3087-40d8-97a8-2b45a6800093.json,2,Tea Table,3,3.0000,9.8780,-57.2039,-4.2694,35.2764,35.0764,True,prescan_batch_0002.csv
17,6f377015-c4c1-4e89-bda1-57b02744fd6d.json,1,table.002,36,3.0000,9.6640,-20.4949,-47.2576,35.2764,35.0764,True,prescan_batch_0002.csv
18,fbb5e9c8-a731-4c49-9a11-176820219861.json,2,table,36,3.0000,9.5731,-1.6768,-71.5131,35.2764,35.0764,True,prescan_batch_0006.csv
19,d8a14c3b-6bd7-49e7-a3d8-8eb69cb74270.json,0,Tea Table,3,3.0000,9.4708,-74.7633,35.2840,35.2764,35.0764,True,prescan_batch_0005.csv
20,0f039b8c-53ee-47cb-b4c9-58ba9a0141b9.json,3,Tea Table.001,3,3.0000,9.3502,35.3161,58.6757,35.2764,35.0764,True,prescan_batch_0000.csv
21,3fbfce0d-b385-4543-ba82-aabb03c1399e.json,0,table.002,36,3.0000,9.3214,40.5017,18.3244,35.2764,35.0764,True,prescan_batch_0001.csv
22,5738a0e6-b70a-46b1-bf0b-883209231ce8.json,0,table.002,36,3.0000,8.5976,23.6124,-17.5207,35.2764,35.0764,True,prescan_batch_0002.csv
23,0446844d-66c4-4f8f-8b0f-69048e6c2d8c.json,1,Tea Table.003,3,3.0000,7.6948,-35.8320,19.7556,35.2764,35.0764,True,prescan_batch_0000.csv
24,88136113-6ea9-431e-b7f7-ec53b286ae81.json,1,Tea Table,3,3.0000,7.6934,37.0636,17.6375,35.2764,35.0764,True,prescan_batch_0003.csv
25,4ed421c9-f5d9-4b17-9769-371ea078f6f5.json,0,Cabinet.095,48,3.0000,7.3112,0.8015,-17.5621,0.2000,0.0000,True,prescan_batch_0002.csv
26,a065a8b5-2593-489b-949f-9334f982dddb.json,1,table.008,36,3.0000,7.2473,49.8470,-17.6691,35.2764,35.0764,True,prescan_batch_0004.csv
27,5130545c-cb6d-4547-b120-5815531c8589.json,1,table.007,36,3.0000,6.9988,30.7058,-1.9664,30.5758,30.3758,True,prescan_batch_0002.csv
28,1f870eb0-9894-42b3-9576-e33a111bc265.json,0,table.001,36,3.0000,5.8956,-12.0210,-26.5115,35.2764,35.0764,True,prescan_batch_0000.csv
29,46d37cd0-5b76-4fdd-ad97-efc7ea3ef346.json,1,Tea Table.001,3,3.0000,5.7398,31.1171,46.7436,35.2764,35.0764,True,prescan_batch_0001.csv
30,d575f48e-3268-4e38-90e0-53f47168c303.json,9,Cabinet.077,48,3.0000,5.5909,3.8224,-12459.6052,1.0000,0.8000,True,prescan_batch_0005.csv
31,39cc2839-b317-41cc-90fe-c829d91c800b.json,0,Tea Table,3,3.0000,4.4321,14.9998,19.8300,35.2764,35.0764,True,prescan_batch_0001.csv
32,834d357f-00fa-46b1-b73a-8120c46ecaef.json,0,table.008,36,3.0000,4.3331,45.9617,4.2685,35.2764,35.0764,True,prescan_batch_0003.csv
33,aedb13db-b413-472d-a50e-81017caba93b.json,0,table.001,36,3.0000,3.9950,41.6372,-37.5482,35.2764,35.0764,True,prescan_batch_0004.csv
34,30676bda-6d34-4efc-a32d-3f13f19ba2d7.json,0,Tea Table,3,3.0000,3.9794,-25.5237,-62.7080,35.2764,35.0764,True,prescan_batch_0001.csv
36,83ecfed1-fa86-410e-bba8-37fe041bce65.json,0,Cabinet.009,48,3.0000,3.8770,-0.4657,-7.5889,0.9800,0.7800,True,prescan_batch_0003.csv
37,42dac4e2-8940-4ea3-9039-030961b73776.json,0,Tea Table,3,3.0000,3.6579,-6.5841,44.6649,35.2764,35.0764,True,prescan_batch_0001.csv
38,a10cedae-8ecc-4ef9-aaaa-e2fb5fb8b5c4.json,0,Cabinet.035,48,1.5115,1.6615,3.5345,-6.6997,2.4000,2.2000,True,prescan_batch_0004.csv
39,2eabbe77-5762-4c0a-98e5-3d319637a210.json,0,Cabinet.080,48,1.2292,1.3792,0.8895,2.7240,0.2000,0.0000,True,prescan_batch_0001.csv
40,a7afbf56-39fd-4269-b8f9-9f56938acda6.json,0,Cabinet.080,48,1.1794,1.3294,0.9181,2.6766,0.2000,0.0000,True,prescan_batch_0004.csv
41,1d611ea0-440f-429e-aec2-840708b60211.json,0,Cabinet.001,48,1.1611,1.3111,-11.1914,2.5269,0.9950,0.7950,True,prescan_batch_0000.csv
42,4fad04b4-6651-41ff-bacc-b96090d4d66e.json,0,Cabinet.035,48,1.0771,1.2271,3.5110,-6.2731,2.4000,2.2000,True,prescan_batch_0002.csv
43,cdbd5318-ba1d-423a-b290-40442fd842df.json,0,cabinet.001,48,1.0370,1.1870,2.5317,-4.2242,1.2188,1.0188,True,prescan_batch_0005.csv
44,fc20b1fa-5b64-4821-bbf6-075a7d35741b.json,0,Cabinet.254,48,1.0319,1.1819,-6.0613,-2.5671,1.6850,1.4850,True,prescan_batch_0006.csv
45,d86d22b5-a808-4dfb-acf4-a7a5bfc9457c.json,0,Cabinet.254,48,1.0297,1.1797,-6.0595,-2.2734,1.6850,1.4850,True,prescan_batch_0005.csv
46,00b88e19-d106-4ab8-a322-31c494a0a6b9.json,0,Cabinet.167,48,0.9870,1.1370,-6.6421,-2.8989,1.1370,0.9370,True,prescan_batch_0000.csv
47,21fc89ac-2a4b-4555-90a3-542b05b87543.json,0,Cabinet.162,48,0.9870,1.1370,-7.4506,-4.1508,1.1370,0.9370,True,prescan_batch_0000.csv
48,26ebeff9-d303-4463-a874-48d38ab502eb.json,0,Cabinet.167,48,0.9870,1.1370,-7.3180,-2.9018,1.1370,0.9370,True,prescan_batch_0001.csv
49,fb35ab36-86c0-4e93-ae22-6f42f06702b7.json,0,Cabinet.167,48,0.9870,1.1370,-7.2183,-2.5191,1.1370,0.9370,True,prescan_batch_0006.csv
50,355a7ad3-2bb5-441b-b6cd-211e7f6b46da.json,0,Cabinet.137,48,0.9670,1.1170,-3.6226,-3.7489,1.1170,0.9170,True,prescan_batch_0001.csv
51,42f1b3b9-d5a5-4df2-bfbf-67c5c9606b38.json,0,Cabinet.080,48,0.9670,1.1170,3.4499,-4.8200,1.1170,0.9170,True,prescan_batch_0001.csv
52,c0d599b3-f39b-437a-ba68-cbe816fb9862.json,0,Cabinet.137,48,0.9670,1.1170,-3.5035,-3.7694,1.1170,0.9170,True,prescan_batch_0005.csv
53,e703f50a-b6bb-4452-ae39-119ca37838cc.json,0,Cabinet.137,48,0.9670,1.1170,-3.8448,-4.6707,1.1170,0.9170,True,prescan_batch_0006.csv
54,31eee7bd-f7d4-4326-a68e-bd9016bdce33.json,0,Cabinet.093,48,0.9659,1.1159,-0.2805,-4.8664,1.2774,1.0774,True,prescan_batch_0001.csv
55,7e99f7a0-c0df-4de3-840f-ed0a806760f4.json,0,Cabinet.042,48,0.9574,1.1074,-2.1396,3.4368,1.1470,0.9470,True,prescan_batch_0003.csv
56,99b86feb-981a-4bdd-9ec9-3108afc9b3d3.json,0,Cabinet.003,48,0.9412,1.0912,-5.7484,-2.6686,1.1370,0.9370,True,prescan_batch_0004.csv
57,3723e5d6-5303-4b17-a0fb-e3cf9878e746.json,0,Cabinet.086,48,0.9327,1.0827,-5.8741,-2.6769,1.1370,0.9370,True,prescan_batch_0001.csv
58,1f564c0d-5012-4448-877e-52d8fe9d8cd2.json,0,Cabinet.125,48,0.9320,1.0820,0.6514,-4.7188,1.0820,0.8820,True,prescan_batch_0000.csv
59,a8c505d9-160b-4a66-9358-5c0bb4d90562.json,0,cabinet,48,0.9318,1.0818,-6.0636,-2.3889,1.0818,0.8818,True,prescan_batch_0004.csv
60,2d2220aa-bd4a-4c8d-a716-273daae2bf68.json,0,Cabinet.086,48,0.9227,1.0727,-5.7945,-2.5657,1.1370,0.9370,True,prescan_batch_0001.csv
61,f9f6cab1-833f-4765-9678-013a62097e2b.json,0,Cabinet.086,48,0.9227,1.0727,-6.1917,-2.6287,1.1370,0.9370,True,prescan_batch_0006.csv
62,a440c278-bf0c-44dd-a2c4-1db0efaf782c.json,0,Cabinet.089,48,0.9197,1.0697,-5.9453,-2.6362,1.1220,0.9220,True,prescan_batch_0004.csv
63,d18493f3-ed4b-4e2f-9302-1c0e827fc30f.json,0,Cabinet.082,48,0.9186,1.0686,3.2672,-4.7792,1.0800,0.8800,True,prescan_batch_0005.csv
64,2deeee08-d427-4827-93cf-4314c594d488.json,0,Cabinet.001,48,0.9150,1.0650,-4.8375,0.6168,1.0650,0.8650,True,prescan_batch_0001.csv
65,0e419fb6-6c84-4dd0-ab16-a1d561d36e69.json,0,Cabinet.049,48,0.9000,1.0500,-2.6522,4.5604,1.0500,0.8500,True,prescan_batch_0000.csv
66,5c03cf4a-dcad-4eda-bbba-901e66848c51.json,0,Cabinet.185,48,0.9000,1.0500,3.2723,4.0674,1.0500,0.8500,True,prescan_batch_0002.csv
67,af7bc99c-1565-4ceb-8cdf-05088a7a6718.json,0,Cabinet.056,48,0.9000,1.0500,-4.8947,2.5742,1.0500,0.8500,True,prescan_batch_0004.csv
68,9b098112-9633-4328-b7f8-94054dd2d87e.json,0,Cabinet.108,48,0.8995,1.0495,-4.8112,3.4164,1.0600,0.8600,True,prescan_batch_0004.csv
69,2b7bdb1f-48bf-4987-a420-b3887e7c4a2c.json,0,Cabinet.094,48,0.8970,1.0470,-0.5691,-0.6231,1.0470,0.8470,True,prescan_batch_0001.csv
70,3aaacd06-f617-4914-be3a-0c85e83d180b.json,0,cabinet.003,48,0.8963,1.0463,8.0655,5.9852,1.1020,0.9020,True,prescan_batch_0001.csv
71,55f2b905-d367-443d-8f88-ef71b958c81f.json,0,cabinet.002,48,0.8963,1.0463,8.0987,5.9631,1.1020,0.9020,True,prescan_batch_0002.csv
72,74927c27-b442-4803-882b-70ec8a516fc5.json,0,Cabinet.099,48,0.8953,1.0453,-3.7454,4.7662,1.0370,0.8370,True,prescan_batch_0003.csv
73,00766588-c1d9-4039-ba22-a7e037c929b9.json,0,Cabinet.104,48,0.8870,1.0370,-4.3065,0.7651,1.0370,0.8370,True,prescan_batch_0000.csv
74,032e5dbc-4026-4e03-84f1-e75553e339a3.json,0,Cabinet.153,48,0.8870,1.0370,4.9763,-4.4811,1.0370,0.8370,True,prescan_batch_0000.csv
75,04587e23-2258-481b-af19-0d1b0b724bdb.json,0,Cabinet.113,48,0.8870,1.0370,-4.2378,3.5899,1.0370,0.8370,True,prescan_batch_0000.csv
76,04bba89f-12fe-47ca-9ffd-3086764d466e.json,0,Cabinet.106,48,0.8870,1.0370,-1.4435,-6.7197,1.0370,0.8370,True,prescan_batch_0000.csv
77,05766a96-fb40-4194-a368-279ab1bff0d0.json,0,Cabinet.150,48,0.8870,1.0370,-4.4027,-0.7927,1.0370,0.8370,True,prescan_batch_0000.csv
78,0d60da77-a400-465a-9331-11a3b2d7d1f0.json,0,Cabinet.104,48,0.8870,1.0370,-4.1769,0.8409,1.0370,0.8370,True,prescan_batch_0000.csv
79,1fdd678a-5034-4c5d-b4aa-20e43178a86d.json,0,Cabinet.172,48,0.8870,1.0370,-10.5762,-4.4703,1.0370,0.8370,True,prescan_batch_0000.csv
80,200e121b-543e-4618-9abc-a12ac2753cea.json,0,Cabinet.150,48,0.8870,1.0370,-3.8906,-0.8958,1.0370,0.8370,True,prescan_batch_0000.csv
81,22a128f7-b974-4a57-8f2c-7a00089ea772.json,0,Cabinet.130,48,0.8870,1.0370,6.6921,1.6572,1.0370,0.8370,True,prescan_batch_0000.csv
82,28acfacc-d794-4ed0-b776-220b497a6b7e.json,0,Cabinet.089,48,0.8870,1.0370,-0.0879,-0.4374,1.0370,0.8370,True,prescan_batch_0001.csv
83,29d6297d-aa35-4a6e-afef-534b89943229.json,0,Cabinet.131,48,0.8870,1.0370,5.8636,-1.1412,1.0370,0.8370,True,prescan_batch_0001.csv
84,2ce51e58-c45f-424d-b333-5b56d1641f68.json,0,Cabinet.089,48,0.8870,1.0370,6.4581,-5.9520,1.0370,0.8370,True,prescan_batch_0001.csv
85,2dbf960a-6625-41b2-9fba-dad3b12bbf72.json,0,Cabinet.098,48,0.8870,1.0370,0.9319,-1.2026,1.0370,0.8370,True,prescan_batch_0001.csv
86,2de33337-c48f-418a-9dbd-7a4a9907dac1.json,0,Cabinet.114,48,0.8870,1.0370,2.1759,1.0325,1.0370,0.8370,True,prescan_batch_0001.csv
87,2e46f4c0-648f-44bd-bbbd-559d3aec5ad6.json,0,Cabinet.091,48,0.8870,1.0370,3.9679,2.9283,1.0370,0.8370,True,prescan_batch_0001.csv
88,2f7b66ba-455d-4ee4-8212-3072b100e189.json,0,Cabinet.072,48,0.8870,1.0370,-6.3326,1.8013,1.0370,0.8370,True,prescan_batch_0001.csv
89,352181fb-3bbc-471f-9b64-626e174dbc4b.json,0,Cabinet.069,48,0.8870,1.0370,-2.5729,2.3481,1.0370,0.8370,True,prescan_batch_0001.csv
90,39fc02d5-33cb-45f6-b769-c168ef4b7d82.json,0,Cabinet.281,48,0.8870,1.0370,-5.0001,-3.5593,1.0370,0.8370,True,prescan_batch_0001.csv
91,4102a334-fd59-4495-8ede-c0e6b410b735.json,0,Cabinet.153,48,0.8870,1.0370,0.5744,-6.2009,1.0370,0.8370,True,prescan_batch_0001.csv
92,4ad6d9bd-5131-4926-a8e5-801140c7127d.json,0,Cabinet.034,48,0.8870,1.0370,3.1859,-2.0312,1.0370,0.8370,True,prescan_batch_0001.csv
93,4dd7ade3-346a-466e-9ea5-64519d18029c.json,0,Cabinet.118,48,0.8870,1.0370,-0.0037,0.6419,1.0370,0.8370,True,prescan_batch_0002.csv
94,4f9b9f71-6a39-464a-9953-2500c9057118.json,0,Cabinet.281,48,0.8870,1.0370,-6.4792,-3.2889,1.0370,0.8370,True,prescan_batch_0002.csv
95,503ebcb6-9815-4412-90ea-f0bbd59ddbe9.json,0,Cabinet.143,48,0.8870,1.0370,-0.9297,1.5089,1.0370,0.8370,True,prescan_batch_0002.csv
96,5245da59-db94-49fc-99a3-76e3a2efcbff.json,0,Cabinet.062,48,0.8870,1.0370,-0.3998,-5.2074,1.0370,0.8370,True,prescan_batch_0002.csv
97,52bf981a-1892-4d36-b228-e7090210f87e.json,0,Cabinet.151,48,0.8870,1.0370,-2.2016,-5.2146,1.0370,0.8370,True,prescan_batch_0002.csv
98,53608c94-9c21-4beb-a7c4-fb19b05a1a34.json,0,Cabinet.102,48,0.8870,1.0370,1.5917,-1.6247,1.0370,0.8370,True,prescan_batch_0002.csv
99,5468f835-2ff7-49f8-8b6b-d6ee930ac01a.json,0,Cabinet.086,48,0.8870,1.0370,-3.7169,2.9171,1.0370,0.8370,True,prescan_batch_0002.csv
100,56c0b91b-90d1-4d15-9a3f-5ebd47dda561.json,0,Cabinet.247,48,0.8870,1.0370,5.8882,-0.9254,1.0370,0.8370,True,prescan_batch_0002.csv
101,5a726dd6-5222-445e-b98c-a31b0eaa7866.json,0,Cabinet.314,48,0.8870,1.0370,5.9820,-0.9405,1.0370,0.8370,True,prescan_batch_0002.csv
102,5bb4911d-eeb7-4fbc-8ce1-1cd3826eba60.json,0,Cabinet.047,48,0.8870,1.0370,1.9258,-3.5482,1.0370,0.8370,True,prescan_batch_0002.csv
103,5e162f48-e628-440f-b530-311ed1c337b2.json,0,Cabinet.075,48,0.8870,1.0370,3.4718,-2.1823,1.0370,0.8370,True,prescan_batch_0002.csv
104,65e4e3f5-f185-42d1-b3b0-db8fca65740c.json,0,Cabinet.062,48,0.8870,1.0370,-0.1718,3.9858,1.0370,0.8370,True,prescan_batch_0002.csv
105,660b0def-4f61-4aeb-9aca-5f699462de86.json,0,Cabinet.056,48,0.8870,1.0370,8.2368,0.8376,1.0370,0.8370,True,prescan_batch_0002.csv
106,6634054e-6ff5-43d2-958f-a80bb7eee357.json,0,Cabinet.063,48,0.8870,1.0370,4.1337,-0.5415,1.0370,0.8370,True,prescan_batch_0002.csv
107,6846bd34-bc78-4c4e-bfd5-58b57841b0ae.json,0,Cabinet.163,48,0.8870,1.0370,5.3592,-1.6225,1.0370,0.8370,True,prescan_batch_0002.csv
108,6a59baa9-90bc-4848-b749-c9e4d9e4d7b6.json,0,Cabinet.090,48,0.8870,1.0370,-2.7909,-1.6863,1.0370,0.8370,True,prescan_batch_0002.csv
109,74b36472-5e84-4950-93fa-faf2292e35a8.json,0,Cabinet.183,48,0.8870,1.0370,3.7733,2.2141,1.0370,0.8370,True,prescan_batch_0003.csv
110,791db4e1-eebc-44df-853a-5a14cfcc73d7.json,0,Cabinet.070,48,0.8870,1.0370,3.9292,2.4614,1.0370,0.8370,True,prescan_batch_0003.csv
111,7ecdaf36-b207-4413-bed0-af50a51127f9.json,0,Cabinet.200,48,0.8870,1.0370,9.5382,-1.2925,1.6170,1.4170,True,prescan_batch_0003.csv
112,7f4b4a59-3bc8-4151-8b9f-3cba9c79689b.json,0,Cabinet.085,48,0.8870,1.0370,1.9078,5.9333,1.0370,0.8370,True,prescan_batch_0003.csv
113,8249d7f6-33f3-4fcd-a6bd-8d9eca3e9532.json,0,Cabinet.111,48,0.8870,1.0370,5.0972,2.5583,1.0370,0.8370,True,prescan_batch_0003.csv
114,8649ef74-a41d-4efd-8fce-b6d63ee01374.json,0,Cabinet.102,48,0.8870,1.0370,5.1223,-1.2103,1.0370,0.8370,True,prescan_batch_0003.csv
115,864a6e55-ad69-4803-8922-391d57d061b9.json,0,Cabinet.127,48,0.8870,1.0370,3.2321,-6.3968,1.0370,0.8370,True,prescan_batch_0003.csv
116,881ca3a4-592f-4e86-8dd8-f95513165c94.json,0,Cabinet.304,48,0.8870,1.0370,2.7093,2.6856,1.0370,0.8370,True,prescan_batch_0003.csv
117,89d9aa82-a0dd-4ab7-b8e7-1db1edcf4e34.json,0,Cabinet.061,48,0.8870,1.0370,-0.5096,-5.2380,1.0370,0.8370,True,prescan_batch_0003.csv
118,8b922b7d-26dc-4161-9173-01f7055a7c28.json,0,Cabinet.121,48,0.8870,1.0370,4.2287,2.7509,1.0370,0.8370,True,prescan_batch_0003.csv
119,918a90d8-aaeb-4ca4-bc6d-e251606c9275.json,0,Cabinet.035,48,0.8870,1.0370,-1.5444,3.6012,1.0370,0.8370,True,prescan_batch_0003.csv
120,981389fc-7784-428f-8445-39ec5a5b3e76.json,0,Cabinet.113,48,0.8870,1.0370,4.2614,2.8616,1.0370,0.8370,True,prescan_batch_0004.csv
121,98a1fc47-1484-4dd6-840b-da2d38206db2.json,0,Cabinet.078,48,0.8870,1.0370,-2.1388,0.3685,1.0370,0.8370,True,prescan_batch_0004.csv
122,99a9a277-df69-43f1-a934-3548f4438510.json,0,Cabinet.218,48,0.8870,1.0370,-2.9176,-12.1433,1.0370,0.8370,True,prescan_batch_0004.csv
123,99b2f8ba-993e-4309-83d7-f9dbfde54c75.json,0,Cabinet.151,48,0.8870,1.0370,3.6471,-0.4176,1.0370,0.8370,True,prescan_batch_0004.csv
124,9a360326-75f4-46b1-bc38-d9537846959d.json,0,Cabinet.061,48,0.8870,1.0370,-0.2842,-5.3991,1.0370,0.8370,True,prescan_batch_0004.csv
125,9d9022af-df9f-4d4f-9252-9e0c44101854.json,0,Cabinet.063,48,0.8870,1.0370,-2.4402,-4.9410,1.0370,0.8370,True,prescan_batch_0004.csv
126,9e56ae1c-9267-41d0-ba5c-d550f2136f77.json,0,Cabinet.070,48,0.8870,1.0370,3.9392,2.4842,1.0370,0.8370,True,prescan_batch_0004.csv
127,a468c321-77ce-4657-9018-2e1e2d8757e0.json,0,Cabinet.091,48,0.8870,1.0370,4.0924,3.1807,1.0370,0.8370,True,prescan_batch_0004.csv
128,a5c582e3-749c-4e53-a996-260055e71c97.json,0,Cabinet.051,48,0.8870,1.0370,-3.3062,-5.0236,1.0370,0.8370,True,prescan_batch_0004.csv
129,a69aa762-1950-4e66-8ac4-8531bd9eabed.json,0,Cabinet.314,48,0.8870,1.0370,5.8001,-1.1421,1.0370,0.8370,True,prescan_batch_0004.csv
130,a7203875-f96f-43b7-97db-af7d0b822189.json,0,Cabinet.108,48,0.8870,1.0370,3.4401,2.5125,1.0370,0.8370,True,prescan_batch_0004.csv
131,a9c64da5-40ec-427e-83f3-d86e47809a37.json,0,Cabinet.113,48,0.8870,1.0370,-4.2353,4.0764,1.0370,0.8370,True,prescan_batch_0004.csv
132,aa78e27f-dee2-4d64-b9b4-379209f22659.json,0,Cabinet.319,48,0.8870,1.0370,2.6894,-5.5082,1.0370,0.8370,True,prescan_batch_0004.csv
133,bbd52bbc-166f-4256-998e-a35f3f924f70.json,0,Cabinet.179,48,0.8870,1.0370,-6.1105,2.8552,1.0370,0.8370,True,prescan_batch_0005.csv
134,c12b0843-b098-458f-9695-e509397c6707.json,0,Cabinet.042,48,0.8870,1.0370,-3.4103,0.7085,1.0370,0.8370,True,prescan_batch_0005.csv
135,c2dfd20c-5d38-4c45-8583-ac436d0ce2f4.json,0,Cabinet.041,48,0.8870,1.0370,3.7967,-2.8896,1.0370,0.8370,True,prescan_batch_0005.csv
136,c81f338a-0a3d-44ce-9f96-ec621c2c213d.json,0,Cabinet.113,48,0.8870,1.0370,2.6564,14.1005,1.0370,0.8370,True,prescan_batch_0005.csv
137,c8d23532-0629-40d8-a3bd-00891e4c5dc2.json,0,Cabinet.187,48,0.8870,1.0370,9.3215,1.2299,1.0370,0.8370,True,prescan_batch_0005.csv
138,ca938632-27ac-4744-ae18-6e8378d919a7.json,0,Cabinet.125,48,0.8870,1.0370,3.9025,0.7494,1.0370,0.8370,True,prescan_batch_0005.csv
139,cbf243a7-2333-4a55-99b4-25e868b03da9.json,0,Cabinet.092,48,0.8870,1.0370,3.6826,-5.4815,1.0370,0.8370,True,prescan_batch_0005.csv
140,cdbb99bd-83c9-4a15-b970-6a02ce2b7d25.json,0,Cabinet.096,48,0.8870,1.0370,0.5789,3.5294,1.0370,0.8370,True,prescan_batch_0005.csv
141,ce377776-581d-4b4c-807f-e63f7473e9b3.json,0,Cabinet.155,48,0.8870,1.0370,-2.7967,5.3747,1.0370,0.8370,True,prescan_batch_0005.csv
142,d2c7948e-b02a-49a3-beea-7481d83cd591.json,0,Cabinet.102,48,0.8870,1.0370,4.5389,-3.6126,1.4870,1.2870,True,prescan_batch_0005.csv
143,d3613b4d-75f2-4969-835b-bccbf99c0208.json,0,Cabinet.066,48,0.8870,1.0370,0.1450,-4.6567,1.0370,0.8370,True,prescan_batch_0005.csv
144,d5dc9265-5bdf-45b9-85c3-9bad0d14adc1.json,0,Cabinet.111,48,0.8870,1.0370,1.8679,3.4860,1.0370,0.8370,True,prescan_batch_0005.csv
145,d6c3ddf7-9807-40d5-8523-4a2b871c2419.json,0,Cabinet.140,48,0.8870,1.0370,5.7736,-3.4219,1.0370,0.8370,True,prescan_batch_0005.csv
146,d814978b-2875-4835-9341-011d9cfdf166.json,0,Cabinet.150,48,0.8870,1.0370,-2.9967,0.1556,1.0370,0.8370,True,prescan_batch_0005.csv
147,da2f1aa8-e941-4232-9d54-5c771097ead3.json,0,Cabinet.314,48,0.8870,1.0370,6.0328,-1.5003,1.0370,0.8370,True,prescan_batch_0005.csv
148,db05a54e-7944-49a6-85ae-0be827f515c8.json,0,Cabinet.052,48,0.8870,1.0370,4.1210,-5.1453,1.0370,0.8370,True,prescan_batch_0005.csv
149,df7f3d31-56a9-4251-bad6-4e6c04af2ec6.json,0,Cabinet.218,48,0.8870,1.0370,-2.4182,-12.0290,1.0370,0.8370,True,prescan_batch_0005.csv
150,e08e8941-25c9-4637-b7da-05bc2cd1413a.json,0,Cabinet.297,48,0.8870,1.0370,5.8459,-1.0803,1.0370,0.8370,True,prescan_batch_0005.csv
151,e17688ea-b908-4ea5-9133-2137c282e8b1.json,0,Cabinet.113,48,0.8870,1.0370,-4.2104,3.3664,1.0370,0.8370,True,prescan_batch_0006.csv
152,e2bae01c-2956-4025-8b86-7a8592b9e831.json,0,Cabinet.208,48,0.8870,1.0370,1.4641,7.4328,1.0370,0.8370,True,prescan_batch_0006.csv
153,e4822a12-4032-4229-bf70-a3c35a30840c.json,0,Cabinet.113,48,0.8870,1.0370,-4.2144,4.0313,1.0370,0.8370,True,prescan_batch_0006.csv
154,e5f5c020-50fd-4deb-83ca-ad91542fd9c2.json,0,Cabinet.109,48,0.8870,1.0370,8.2019,-5.3566,1.0370,0.8370,True,prescan_batch_0006.csv
155,e5fc8228-c9fd-4a8a-9033-e8e68d9bbe49.json,0,Cabinet.089,48,0.8870,1.0370,-3.1758,-7.4668,1.0370,0.8370,True,prescan_batch_0006.csv
156,e6857bc7-8708-409c-8fa4-4aeea5dd9a78.json,0,Cabinet.102,48,0.8870,1.0370,4.0981,0.7791,1.0370,0.8370,True,prescan_batch_0006.csv
157,f10d8b7b-fef2-443e-80d7-afc5e71a2e21.json,0,Cabinet.088,48,0.8870,1.0370,-2.7687,-1.9465,1.0370,0.8370,True,prescan_batch_0006.csv
158,f25272c2-6718-4baa-8458-e5ee500eefff.json,0,Cabinet.094,48,0.8870,1.0370,2.9234,-2.5415,1.0370,0.8370,True,prescan_batch_0006.csv
159,f93473b4-3fa4-401b-924d-ee78112f516b.json,0,Cabinet.171,48,0.8870,1.0370,-4.1876,5.0830,1.0370,0.8370,True,prescan_batch_0006.csv
160,f9dc2ac9-66f2-4b50-8ba6-5be8b8f43bc6.json,0,Cabinet.059,48,0.8870,1.0370,-1.9585,-4.7388,1.0370,0.8370,True,prescan_batch_0006.csv
161,3b345ac3-1647-4f97-9134-44b7487ed588.json,0,Cabinet.091,48,0.8838,1.0338,-5.7658,4.3055,1.0370,0.8370,True,prescan_batch_0001.csv
162,7581635e-6702-4e03-ad0b-60b859d19bcb.json,0,Cabinet.063,48,0.8830,1.0330,-2.4461,-4.8395,1.0370,0.8370,True,prescan_batch_0003.csv
163,a5af1aa3-c188-4036-85af-d00e026a6e37.json,0,Cabinet.266,48,0.8830,1.0330,2.0487,-1.5216,1.0370,0.8370,True,prescan_batch_0004.csv
164,5c304c9d-debb-4dc3-b3d2-a7666d60b2d8.json,0,Cabinet.086,48,0.8818,1.0318,-1.2343,-4.6273,1.0370,0.8370,True,prescan_batch_0002.csv
165,b8cbe2a4-b525-47c8-899b-9b68b599636f.json,0,Cabinet.078,48,0.8816,1.0316,-5.1089,-2.1571,1.0370,0.8370,True,prescan_batch_0004.csv
166,e76ebb28-f9f8-40d6-a1e6-5fa1420191fb.json,0,Cabinet.118,48,0.8801,1.0301,13.6715,4.1019,1.0370,0.8370,True,prescan_batch_0006.csv
167,826e5c98-4cce-4076-8d85-768a94e6519a.json,0,Cabinet.099,48,0.8737,1.0237,-3.8733,4.6074,1.0370,0.8370,True,prescan_batch_0003.csv
168,08cfec4b-56a0-43f0-8428-e31c210d8c6c.json,0,Cabinet.100,48,0.8720,1.0220,-0.6226,-7.1386,1.0220,0.8220,True,prescan_batch_0000.csv
169,0b2bc0ab-adef-4db2-b681-84b8adf592ed.json,0,Cabinet.089,48,0.8720,1.0220,-6.0020,6.7605,1.0220,0.8220,True,prescan_batch_0000.csv
170,135958f5-17d5-467c-a8c2-ea5b3dfc48eb.json,0,Cabinet.169,48,0.8720,1.0220,-7.3873,5.2700,1.0220,0.8220,True,prescan_batch_0000.csv
171,143f8bd2-9633-4f5f-9415-462403eca9c2.json,0,Cabinet.102,48,0.8720,1.0220,-1.7602,2.9123,1.0220,0.8220,True,prescan_batch_0000.csv
172,1e7966ed-1b5b-426b-aaef-395475df7dcd.json,0,Cabinet.116,48,0.8720,1.0220,2.5275,14.1780,1.0220,0.8220,True,prescan_batch_0000.csv
173,21569333-a837-4228-9440-bfbaf37cd57e.json,0,Cabinet.064,48,0.8720,1.0220,-0.1354,-5.4999,1.0220,0.8220,True,prescan_batch_0000.csv
174,32464ab3-31d1-440f-88d6-62ea8e3a60c3.json,0,Cabinet.136,48,0.8720,1.0220,-13.3096,-2.9623,1.0220,0.8220,True,prescan_batch_0001.csv
175,338025eb-9da6-4d7a-9226-269351c76269.json,0,Cabinet.118,48,0.8720,1.0220,-1.3554,-6.3378,1.0220,0.8220,True,prescan_batch_0001.csv
176,34dd0565-e998-4953-b094-2adb6b90e240.json,0,Cabinet.042,48,0.8720,1.0220,-0.3147,-5.8464,1.0220,0.8220,True,prescan_batch_0001.csv
177,35c715da-b871-4059-8115-7d06e7395a54.json,0,Cabinet.069,48,0.8720,1.0220,3.8555,3.3980,1.0220,0.8220,True,prescan_batch_0001.csv
178,3a21d630-787d-4e28-ad03-b218993ca1b1.json,0,Cabinet.161,48,0.8720,1.0220,4.9127,2.5049,1.0220,0.8220,True,prescan_batch_0001.csv
179,42986cef-25a2-462f-a127-44a0c99eb0f3.json,0,Cabinet.038,48,0.8720,1.0220,5.0305,-3.6917,1.0220,0.8220,True,prescan_batch_0001.csv
180,430331c7-7d91-42c1-83d7-47774a4e1b41.json,0,Cabinet.111,48,0.8720,1.0220,-2.0272,-0.6500,1.0220,0.8220,True,prescan_batch_0001.csv
181,4350baf8-0e3e-471e-bccd-4a6695158579.json,0,Cabinet.182,48,0.8720,1.0220,-6.2679,3.1415,1.0220,0.8220,True,prescan_batch_0001.csv
182,45dddc0b-2505-4dcd-b07e-f0ff4e5c90d4.json,0,Cabinet.154,48,0.8720,1.0220,4.7785,-1.5012,1.0220,0.8220,True,prescan_batch_0001.csv
183,468b4761-ff9d-420e-a6f8-5f595e903a42.json,0,Cabinet.107,48,0.8720,1.0220,-4.6750,1.2983,1.0220,0.8220,True,prescan_batch_0001.csv
184,553bad36-7062-4034-9ad9-9b46b7d09f16.json,0,Cabinet.101,48,0.8720,1.0220,0.9863,-1.1549,1.0220,0.8220,True,prescan_batch_0002.csv
185,5b7e4dbe-32c5-46f4-afc5-85b4884068a0.json,0,Cabinet.099,48,0.8720,1.0220,6.2769,-3.2608,1.0220,0.8220,True,prescan_batch_0002.csv
186,5e80e23f-a2a7-43a0-b3a8-5c705cae3075.json,0,Cabinet.079,48,0.8720,1.0220,0.4639,-4.3969,1.0220,0.8220,True,prescan_batch_0002.csv
187,65cd43e1-1294-44f7-a560-7a230ff893d2.json,0,Cabinet.175,48,0.8720,1.0220,1.3448,-0.0042,1.0220,0.8220,True,prescan_batch_0002.csv
188,677d7c8d-5f1b-421e-bbf4-d729ee00dadd.json,0,Cabinet.095,48,0.8720,1.0220,4.1669,-5.5129,1.0220,0.8220,True,prescan_batch_0002.csv
189,67f1d8aa-6ef0-404a-b540-fdb4f1f3dbb1.json,0,Cabinet.151,48,0.8720,1.0220,-3.6164,2.1299,1.0220,0.8220,True,prescan_batch_0002.csv
190,71f2ab3f-b9de-4d34-a58c-f4e48e70ccd7.json,0,Cabinet.037,48,0.8720,1.0220,3.1896,-2.0978,1.0220,0.8220,True,prescan_batch_0003.csv
191,844dfcbe-0ab2-47e1-aa19-024c5b2a3fd8.json,0,Cabinet.146,48,0.8720,1.0220,-0.0167,-1.2905,1.0220,0.8220,True,prescan_batch_0003.csv
192,86b16b1f-1846-46bf-959b-1c7ae05b4ed6.json,0,Cabinet.083,48,0.8720,1.0220,2.7774,-4.5044,1.0220,0.8220,True,prescan_batch_0003.csv
193,89e19da8-8eb7-448b-aa89-9ce0aa6ac3b1.json,0,Cabinet.304,48,0.8720,1.0220,2.5216,-0.8938,1.0220,0.8220,True,prescan_batch_0003.csv
194,91f9a318-06ef-4eaa-9892-e9d91c1161fd.json,0,Cabinet.032,48,0.8720,1.0220,-5.5140,0.0425,1.0220,0.8220,True,prescan_batch_0003.csv
195,93b46a6a-9703-4487-a125-89972c1e6a4a.json,0,Cabinet.056,48,0.8720,1.0220,7.6783,3.3909,1.0220,0.8220,True,prescan_batch_0003.csv
196,95dc6d32-fbf0-4183-b09a-3a352fa0cd57.json,0,Cabinet.095,48,0.8720,1.0220,-3.1831,-3.1695,1.0220,0.8220,True,prescan_batch_0003.csv
197,a205b9cf-88c0-4426-9eff-117a5bc0a977.json,0,Cabinet.175,48,0.8720,1.0220,2.1973,0.0941,1.0220,0.8220,True,prescan_batch_0004.csv
198,a50b6ec6-e668-472f-a741-514c9bfef011.json,0,Cabinet.045,48,0.8720,1.0220,5.5689,-0.5050,1.0220,0.8220,True,prescan_batch_0004.csv
199,a7e3448a-11fa-470d-a59c-3e50bb8bc36d.json,0,Cabinet.116,48,0.8720,1.0220,-1.5724,-3.0645,1.0220,0.8220,True,prescan_batch_0004.csv
200,b587f55e-a677-4107-9ad1-5c067cbd7c0a.json,0,Cabinet.071,48,0.8720,1.0220,-0.7321,-1.6763,1.0220,0.8220,True,prescan_batch_0004.csv
201,c59272a6-c41f-45c3-86c5-c813e8af6492.json,0,Cabinet.107,48,0.8720,1.0220,-2.6304,-3.8603,1.0220,0.8220,True,prescan_batch_0005.csv
202,d0e0f18e-7d93-4c1d-b93e-218470d8f283.json,0,Cabinet.106,48,0.8720,1.0220,5.8962,-4.5453,1.0220,0.8220,True,prescan_batch_0005.csv
203,d253d879-a5f7-436f-b617-24207803b871.json,0,Cabinet.118,48,0.8720,1.0220,-1.1039,-6.2871,1.0220,0.8220,True,prescan_batch_0005.csv
204,d639f68b-01a0-4814-a382-dcba3c0f030f.json,0,Cabinet.070,48,0.8720,1.0220,1.6015,-3.5698,1.0220,0.8220,True,prescan_batch_0005.csv
205,d78cbb1e-c52a-431f-a4ea-b340f2d2cc3a.json,0,Cabinet.101,48,0.8720,1.0220,-0.7126,-0.9511,1.0220,0.8220,True,prescan_batch_0005.csv
206,dabfd6fb-2bf4-40e6-9816-6be9708cf9c8.json,0,Cabinet.102,48,0.8720,1.0220,-2.1402,2.7695,1.0220,0.8220,True,prescan_batch_0005.csv
207,fa3ea8f6-d237-4d01-b3d9-e2b9c8ec2d7a.json,0,Cabinet.080,48,0.8720,1.0220,-0.7648,-4.5510,1.0220,0.8220,True,prescan_batch_0006.csv
208,fb15b0ca-9d57-4394-b5fa-a3377dc7fb48.json,0,Cabinet.175,48,0.8720,1.0220,1.8347,-0.8987,1.0220,0.8220,True,prescan_batch_0006.csv
209,5140bbfa-680e-4a3d-904b-e6b4a4dd9d79.json,0,Cabinet.111,48,0.8718,1.0218,-4.0883,3.2816,1.0220,0.8220,True,prescan_batch_0002.csv
210,33ed8cde-22ec-495f-bbe9-fe35fe87c76b.json,0,cabinet,48,0.8711,1.0211,-3.8928,-3.1861,1.0614,0.8614,True,prescan_batch_0001.csv
211,9eadccd7-7fb3-4bf6-bf47-f3bd9a0cb31e.json,0,Cabinet.089,48,0.8704,1.0204,6.9337,-5.5823,1.0370,0.8370,True,prescan_batch_0004.csv
212,aa2174af-a1ed-403f-b46d-bb44f315c181.json,0,Cabinet.014,48,0.8700,1.0200,5.1647,-5.9371,1.0200,0.8200,True,prescan_batch_0004.csv
213,3f8e0c63-02e1-4a9a-962d-6a0b5d6e45d1.json,0,Cabinet.150,48,0.8670,1.0170,9.7956,2.2422,1.0170,0.8170,True,prescan_batch_0001.csv
214,871a8a69-b714-41c1-9950-0b8235baa52a.json,0,Cabinet.083,48,0.8670,1.0170,4.2287,2.7163,1.0170,0.8170,True,prescan_batch_0003.csv
215,c36bebbe-ba39-4667-9507-8899d50b9e87.json,0,Cabinet.091,48,0.8670,1.0170,-0.9469,-4.2407,1.0170,0.8170,True,prescan_batch_0005.csv
216,b29bb3cc-2209-4809-b9b3-a145ea8c57c8.json,0,Cabinet.094,48,0.8655,1.0155,4.9785,0.8268,1.0220,0.8220,True,prescan_batch_0004.csv
217,70e042e1-ebde-4dc0-84cc-c54b99a00e6a.json,0,Cabinet.003,48,0.8642,1.0142,-4.7831,6.9376,0.9800,0.7800,True,prescan_batch_0003.csv
218,a00c91ea-e2be-4891-889a-426ecf364a14.json,0,Cabinet.036,48,0.8597,1.0097,-3.7070,1.2196,1.0370,0.8370,True,prescan_batch_0004.csv
219,022bcb77-3234-43c5-b91a-0fc211f4a2c3.json,0,Cabinet.155,48,0.8575,1.0075,-8.2296,-2.4709,1.0370,0.8370,True,prescan_batch_0000.csv
220,08c484ff-79ea-42dd-88a0-ac798be8bb95.json,0,Cabinet.059,48,0.8562,1.0062,-1.4968,-0.4675,1.0370,0.8370,True,prescan_batch_0000.csv
221,cedbec31-e5b6-48b6-bf73-becb689097a9.json,0,Cabinet.001,48,0.8550,1.0050,1.8709,2.8038,1.0050,0.8050,True,prescan_batch_0005.csv
222,e1beeab5-1299-4241-95ed-2843243e9a2b.json,0,Cabinet.008,48,0.8550,1.0050,-5.3112,0.6283,1.0050,0.8050,True,prescan_batch_0006.csv
223,a171969e-9921-4fba-bd4c-194d9b864237.json,0,Cabinet.089,48,0.8548,1.0048,-1.4404,-4.8757,1.0220,0.8220,True,prescan_batch_0004.csv
224,73828256-c8de-4bbd-9400-095b1243642e.json,0,cabinet,48,0.8542,1.0042,-1.8414,-2.4879,1.0042,0.8042,True,prescan_batch_0003.csv
225,038a2c74-9698-490e-866d-709b5eeb3cf9.json,0,Cabinet.313,48,0.8502,1.0002,-1.0642,-4.8234,1.0370,0.8370,True,prescan_batch_0000.csv
226,2028e75b-2925-4f7f-b8ce-b542148134ab.json,0,Cabinet.108,48,0.8501,1.0001,-7.2084,1.1346,1.0001,0.8001,True,prescan_batch_0000.csv
227,aede3187-159c-4351-b41e-8fa5f23f0bc8.json,0,Cabinet.180,48,0.8501,1.0001,-1.0686,-0.8570,1.0001,0.8001,True,prescan_batch_0004.csv
228,e5808070-9156-45fa-809f-ee5e05312282.json,0,Cabinet.105,48,0.8501,1.0001,-4.8306,1.2778,1.0001,0.8001,True,prescan_batch_0006.csv
229,0b0aa9c5-fe43-4926-bfaa-34764214c250.json,0,Cabinet.066,48,0.8500,1.0000,2.5164,1.6414,1.0000,0.8000,True,prescan_batch_0000.csv
230,0e02ee68-5940-49dd-bbdc-0e3667ec9e49.json,0,Cabinet.062,48,0.8500,1.0000,2.0106,-2.8297,1.0000,0.8000,True,prescan_batch_0000.csv
231,0eb102fc-89cd-4d87-a289-c4b3ee55d44e.json,0,Cabinet.071,48,0.8500,1.0000,1.8742,-3.4765,1.0000,0.8000,True,prescan_batch_0000.csv
232,122feb6c-450f-4d1b-a02a-25c976b14ba4.json,0,Cabinet.083,48,0.8500,1.0000,-3.2893,-6.1022,1.0000,0.8000,True,prescan_batch_0000.csv
233,1a8dbd8d-0025-4373-8b94-ee9dd9fa7295.json,0,Cabinet.106,48,0.8500,1.0000,6.1263,3.4658,1.0000,0.8000,True,prescan_batch_0000.csv
234,1ba9ae7f-5074-4b11-9b38-43ea7e5ff693.json,0,Cabinet.101,48,0.8500,1.0000,-4.4650,1.4223,1.0000,0.8000,True,prescan_batch_0000.csv
235,28b5e0bd-6017-4298-88da-7af8d5a521a1.json,0,Cabinet.064,48,0.8500,1.0000,0.5688,-5.0697,1.0000,0.8000,True,prescan_batch_0001.csv
236,4000ed3d-3e7c-41a1-a869-107813bc55a7.json,0,Cabinet.076,48,0.8500,1.0000,-2.9861,4.1570,1.0000,0.8000,True,prescan_batch_0001.csv
237,4e31e0ef-fdf9-4083-9d90-127cab47b445.json,0,Cabinet.092,48,0.8500,1.0000,3.5539,0.2703,1.0000,0.8000,True,prescan_batch_0002.csv
238,5a676e0c-f469-413b-b5b3-8176f2fc63bc.json,0,Cabinet.032,48,0.8500,1.0000,1.2087,-3.9633,1.0000,0.8000,True,prescan_batch_0002.csv
239,5a6e4200-430f-4d0a-8f7a-deb7d98567be.json,0,Cabinet.070,48,0.8500,1.0000,2.7700,-6.4592,1.0000,0.8000,True,prescan_batch_0002.csv
240,64ac0b68-fc6c-490d-ab08-6f45e947b4a7.json,0,Cabinet.122,48,0.8500,1.0000,-5.0954,2.3201,1.0000,0.8000,True,prescan_batch_0002.csv
241,67f526c0-865c-42d8-8390-94251681daca.json,0,Cabinet.147,48,0.8500,1.0000,4.1567,-1.5566,1.0000,0.8000,True,prescan_batch_0002.csv
242,6cf680e2-ed2a-4ca0-a66c-ae25c016e7d3.json,0,Cabinet.046,48,0.8500,1.0000,-2.3621,-4.2338,1.0000,0.8000,True,prescan_batch_0002.csv
243,70daf81b-199a-4571-9e11-89959489c7a8.json,0,Cabinet.072,48,0.8500,1.0000,3.8916,2.5115,1.0000,0.8000,True,prescan_batch_0003.csv
244,72cc1707-1c00-43bf-a961-b0a70249d86d.json,0,Cabinet.066,48,0.8500,1.0000,-2.8964,-2.7272,1.0000,0.8000,True,prescan_batch_0003.csv
245,7534aaa5-254a-48dd-a5d8-b13432bb0217.json,0,Cabinet.091,48,0.8500,1.0000,2.4179,3.9221,1.0000,0.8000,True,prescan_batch_0003.csv
246,7896e9be-3ed9-4736-89c3-5eec7820e5b7.json,0,Cabinet.109,48,0.8500,1.0000,2.8204,1.9659,1.0000,0.8000,True,prescan_batch_0003.csv
247,790deb19-1801-4421-8832-2b10e9b7790c.json,0,Cabinet.316,48,0.8500,1.0000,5.9415,-0.9551,1.0000,0.8000,True,prescan_batch_0003.csv
248,7ac7b8b0-6ea1-4930-9f50-7328e00e579a.json,0,Cabinet.127,48,0.8500,1.0000,-3.0439,4.9211,1.0000,0.8000,True,prescan_batch_0003.csv
249,870c6e14-5d7f-42ff-9060-1a6ebd25a109.json,0,Cabinet.069,48,0.8500,1.0000,1.6149,-3.5425,1.0000,0.8000,True,prescan_batch_0003.csv
250,87bc713c-3bc1-4174-9642-fca816bb76a9.json,0,Cabinet.056,48,0.8500,1.0000,-0.2063,-5.8353,1.0000,0.8000,True,prescan_batch_0003.csv
251,8fe7021a-83f3-40ce-be12-3b5378617faa.json,0,Cabinet.112,48,0.8500,1.0000,-5.1907,3.3751,1.0000,0.8000,True,prescan_batch_0003.csv
252,9105f71c-bbd1-4bc5-8b06-88057dfefa08.json,0,Cabinet.086,48,0.8500,1.0000,-3.8867,0.0842,1.0000,0.8000,True,prescan_batch_0003.csv
253,92371d20-5d60-4fed-9207-755c3f8335f1.json,0,Cabinet.088,48,0.8500,1.0000,-1.1728,-4.8583,1.0000,0.8000,True,prescan_batch_0003.csv
254,930621ed-def9-4e62-998a-5c121b87055f.json,0,Cabinet.124,48,0.8500,1.0000,13.6196,-1.9330,1.0000,0.8000,True,prescan_batch_0003.csv
255,9530cba8-728f-4b6e-8653-d3a023d146b0.json,0,Cabinet.105,48,0.8500,1.0000,5.8886,-4.6907,1.0000,0.8000,True,prescan_batch_0003.csv
256,9c8a5b19-7d72-40a6-b4af-048e2bb1f385.json,0,Cabinet.100,48,0.8500,1.0000,1.0019,-1.4796,1.0000,0.8000,True,prescan_batch_0004.csv
257,9cd3b1ad-3d77-47be-b9f6-1439088afe91.json,0,Cabinet.099,48,0.8500,1.0000,1.9844,-2.3403,1.0000,0.8000,True,prescan_batch_0004.csv
258,9d7a01d8-d1a0-4e8f-89b2-70933f44fa46.json,0,Cabinet.316,48,0.8500,1.0000,5.8546,-1.0520,1.0000,0.8000,True,prescan_batch_0004.csv
259,a16b967a-c549-4cd9-9bc8-105dd5a7d664.json,0,Cabinet.088,48,0.8500,1.0000,-1.1581,-5.0064,1.0000,0.8000,True,prescan_batch_0004.csv
260,a698c51d-cd92-43cd-837c-125ec48f0a6d.json,0,Cabinet.195,48,0.8500,1.0000,1.2266,-1.4776,1.0000,0.8000,True,prescan_batch_0004.csv
261,aa7fc990-0ab9-4fcb-ab9a-5dc1e29ed3b3.json,0,Cabinet.066,48,0.8500,1.0000,4.0507,-4.4412,1.0000,0.8000,True,prescan_batch_0004.csv
262,b01b75da-3dad-4961-863a-3834d6479711.json,0,Cabinet.105,48,0.8500,1.0000,5.9835,-4.7383,1.0000,0.8000,True,prescan_batch_0004.csv
263,baefb16c-717d-4028-a9cd-2b5daf5621cc.json,0,Cabinet.082,48,0.8500,1.0000,-8.9815,-3.8884,1.0000,0.8000,True,prescan_batch_0004.csv
264,c255ebda-e30c-4d0d-8252-a60721b4bcaf.json,0,Cabinet.159,48,0.8500,1.0000,8.5716,-2.6008,1.0000,0.8000,True,prescan_batch_0005.csv
265,c6e2ef70-2fc8-4c1a-860b-4afb9332ef20.json,0,Cabinet.152,48,0.8500,1.0000,-3.8637,-0.8672,1.0000,0.8000,True,prescan_batch_0005.csv
266,c7104e7f-65ea-4283-b5f3-7382f265927a.json,0,Cabinet.077,48,0.8500,1.0000,-2.8700,4.2106,1.0000,0.8000,True,prescan_batch_0005.csv
267,c83c564f-ceb1-4cd0-b171-7eb26a283b24.json,0,Cabinet.070,48,0.8500,1.0000,-3.2154,-5.1894,1.0000,0.8000,True,prescan_batch_0005.csv
268,ca0bdaff-4e3a-4677-a328-cfab693b37c4.json,0,Cabinet.085,48,0.8500,1.0000,8.8053,9.2090,1.0000,0.8000,True,prescan_batch_0005.csv
269,cbdcde28-e514-4db2-bf5a-f0b57793ff5d.json,0,Cabinet.081,48,0.8500,1.0000,-2.3633,-4.1910,1.0000,0.8000,True,prescan_batch_0005.csv
270,cd49838a-9798-4118-8c25-cf615dce24b5.json,0,Cabinet.137,48,0.8500,1.0000,0.3273,-3.7316,1.0000,0.8000,True,prescan_batch_0005.csv
271,d26e3408-b2ba-4e24-9078-0e97be945818.json,0,Cabinet.084,48,0.8500,1.0000,3.1165,-2.1131,1.0000,0.8000,True,prescan_batch_0005.csv
272,d4225025-ba05-4929-a0d1-64b225200b78.json,0,Cabinet.050,48,0.8500,1.0000,-3.8184,-8.8902,1.0000,0.8000,True,prescan_batch_0005.csv
273,d55c964d-8cc3-42c4-af2b-0699b90da81e.json,0,Cabinet.036,48,0.8500,1.0000,3.0643,-2.1947,1.0000,0.8000,True,prescan_batch_0005.csv
274,dcde79e6-63d3-4517-9766-0ebc45d8b678.json,0,Cabinet.140,48,0.8500,1.0000,0.8362,-2.3357,1.0000,0.8000,True,prescan_batch_0005.csv
275,eef5ff51-951b-49e7-a2a2-c9d7a81a28e1.json,0,Cabinet.061,48,0.8500,1.0000,5.2957,3.1189,1.0000,0.8000,True,prescan_batch_0006.csv
276,fba13a0d-62f5-4ff8-914b-064b823d5882.json,0,Cabinet.108,48,0.8500,1.0000,0.3359,-4.5590,1.0000,0.8000,True,prescan_batch_0006.csv
277,ffbb5785-e27f-47f4-a4b9-479d74d4815f.json,0,Cabinet.112,48,0.8500,1.0000,-5.1414,3.3774,1.0000,0.8000,True,prescan_batch_0006.csv
278,9fbb12ec-7c97-4dbe-af06-f70bfa742d53.json,0,Cabinet.072,48,0.8499,0.9999,3.9110,2.1186,1.0000,0.8000,True,prescan_batch_0004.csv
279,3340f8b0-2c3e-4a53-96de-4aef0ed87631.json,0,Cabinet.094,48,0.8479,0.9979,-0.4951,-0.8694,1.0470,0.8470,True,prescan_batch_0001.csv
280,d5fa75af-c302-4c73-ad4e-78e4e9765845.json,0,Cabinet.101,48,0.8457,0.9957,0.5156,-1.3227,1.0220,0.8220,True,prescan_batch_0005.csv
281,01861393-3d82-4926-af4c-e2d29c6d0c0b.json,0,Cabinet.001,48,0.8450,0.9950,4.2388,-2.1140,0.9950,0.7950,True,prescan_batch_0000.csv
282,041c7dfd-2422-40d0-9fa4-7fe1c18ff454.json,0,Cabinet.001,48,0.8450,0.9950,-0.0156,-3.2966,0.9950,0.7950,True,prescan_batch_0000.csv
283,0533b7c9-8660-444d-833c-14f81eea2628.json,0,Cabinet.001,48,0.8450,0.9950,-0.4932,-4.6611,0.9950,0.7950,True,prescan_batch_0000.csv
284,06c71abf-71dc-4831-9917-8bc23a49d2a6.json,0,Cabinet.016,48,0.8450,0.9950,2.7395,-4.2364,0.9950,0.7950,True,prescan_batch_0000.csv
285,07cba4b4-3e2b-4c90-8b3c-c44ae6ab014e.json,0,Cabinet.014,48,0.8450,0.9950,-2.0334,-5.3898,0.9950,0.7950,True,prescan_batch_0000.csv
286,0858737a-f738-4f4b-a676-e91cde73168d.json,0,Cabinet.001,48,0.8450,0.9950,2.4447,-3.3816,0.9950,0.7950,True,prescan_batch_0000.csv
287,0d914f4b-07d1-46a7-b1d8-580081f2177d.json,0,Cabinet.012,48,0.8450,0.9950,1.8850,3.7672,0.9950,0.7950,True,prescan_batch_0000.csv
288,0f070e2a-1485-4869-9275-8ba7a72d0a83.json,0,Cabinet.001,48,0.8450,0.9950,0.9055,-2.0452,0.9950,0.7950,True,prescan_batch_0000.csv
289,109c84cd-7194-4b1d-ac52-8d1862565c6c.json,0,Cabinet.006,48,0.8450,0.9950,2.0491,-4.9364,0.9950,0.7950,True,prescan_batch_0000.csv
290,12329142-9d6e-4957-8592-4d156a454bab.json,0,Cabinet.010,48,0.8450,0.9950,4.5686,-2.6477,0.9950,0.7950,True,prescan_batch_0000.csv
291,15de4a4c-2258-4015-9cc3-f2ebbb9d61e5.json,0,Cabinet.014,48,0.8450,0.9950,1.1078,-3.3567,0.9950,0.7950,True,prescan_batch_0000.csv
292,17fefead-db2b-4184-8c9e-f0237b700073.json,0,Cabinet.001,48,0.8450,0.9950,4.7209,3.6292,0.9950,0.7950,True,prescan_batch_0000.csv
293,19b584e7-b54c-4d1b-a6d1-c6a674519311.json,0,Cabinet.001,48,0.8450,0.9950,2.7151,-3.9933,0.9950,0.7950,True,prescan_batch_0000.csv
294,1a1e205b-3f54-49fb-8154-e2d61c3682ae.json,0,Cabinet.010,48,0.8450,0.9950,-2.5908,-1.4518,0.9950,0.7950,True,prescan_batch_0000.csv
295,1b623b8e-0152-4a08-9bf2-4cb0d04436fe.json,0,Cabinet.014,48,0.8450,0.9950,-10.6756,19.2807,0.9950,0.7950,True,prescan_batch_0000.csv
296,1cd0db41-bcd9-4af7-a0be-cce5de62cc35.json,0,Cabinet.001,48,0.8450,0.9950,-3.5393,2.7462,0.9950,0.7950,True,prescan_batch_0000.csv
297,22690830-2a2d-4265-87ae-0a3f4957d085.json,0,Cabinet.001,48,0.8450,0.9950,3.5208,-6.3246,0.9950,0.7950,True,prescan_batch_0000.csv
298,29ac53f9-61fe-4397-96ae-b33522d292ae.json,0,Cabinet.001,48,0.8450,0.9950,-1.6337,-4.6060,0.9950,0.7950,True,prescan_batch_0001.csv
299,326c7e2d-bcdb-4bf4-a7b6-be729039d799.json,0,Cabinet.001,48,0.8450,0.9950,3.5835,-3.3321,0.9950,0.7950,True,prescan_batch_0001.csv
300,371c2846-ec26-43ca-a9dd-05e49db6ba62.json,0,Cabinet.001,48,0.8450,0.9950,-5.1662,-1.7254,0.9950,0.7950,True,prescan_batch_0001.csv
301,3880bb9f-a3bd-410d-91c1-3254d0cfa701.json,0,Cabinet.001,48,0.8450,0.9950,1.9090,-3.3327,0.9950,0.7950,True,prescan_batch_0001.csv
302,3bae496f-c94e-4ed5-af69-14f2cde5af8a.json,0,Cabinet.036,48,0.8450,0.9950,1.3521,6.4148,0.9950,0.7950,True,prescan_batch_0001.csv
303,3bb5bb6d-b566-4218-bead-cba9a146413f.json,0,Cabinet.024,48,0.8450,0.9950,7.8862,-3.1334,0.9950,0.7950,True,prescan_batch_0001.csv
304,3bf54310-1dd3-45a3-b6ce-e192f4d8ff43.json,0,Cabinet.012,48,0.8450,0.9950,-3.0043,8.6824,0.9950,0.7950,True,prescan_batch_0001.csv
305,3d6e9a53-0cf3-473d-ac27-8e7a5007e637.json,0,Cabinet.016,48,0.8450,0.9950,2.5359,-5.6348,0.9950,0.7950,True,prescan_batch_0001.csv
306,42013ebf-55c2-4d43-8e63-19339baf82c1.json,0,Cabinet.006,48,0.8450,0.9950,0.4538,-6.3551,0.9950,0.7950,True,prescan_batch_0001.csv
307,43f1271f-d362-49c1-9ebc-cf9f8c82ea81.json,0,Cabinet.012,48,0.8450,0.9950,-4.4347,-4.1700,0.9950,0.7950,True,prescan_batch_0001.csv
308,43f8cf3d-030c-45d1-82b2-2c28746f58c5.json,0,Cabinet.008,48,0.8450,0.9950,-2.7813,-3.9593,0.9950,0.7950,True,prescan_batch_0001.csv
309,44077407-784d-4f64-9af1-790a19a5aef0.json,0,Cabinet.014,48,0.8450,0.9950,3.4494,-3.7404,0.9950,0.7950,True,prescan_batch_0001.csv
310,44194524-916d-4e20-be22-47837f922661.json,0,Cabinet.001,48,0.8450,0.9950,1.6233,-5.5260,0.9950,0.7950,True,prescan_batch_0001.csv
311,482cacdd-b522-4acb-980b-191a0551d9b6.json,0,Cabinet.012,48,0.8450,0.9950,-3.1073,-5.1346,0.9950,0.7950,True,prescan_batch_0001.csv
312,491af85e-3c8f-40f2-a204-392483bb4308.json,0,Cabinet.016,48,0.8450,0.9950,3.7895,-3.9002,0.9950,0.7950,True,prescan_batch_0001.csv
313,492f7d99-2d61-4c57-a95b-f83d9bb4f2eb.json,0,Cabinet.014,48,0.8450,0.9950,4.7056,-2.8805,0.9950,0.7950,True,prescan_batch_0001.csv
314,493cdab0-045a-40cb-be8d-9227bdc08184.json,0,Cabinet.001,48,0.8450,0.9950,-2.9629,-1.2667,0.9950,0.7950,True,prescan_batch_0001.csv
315,4a9d830e-7de9-470f-a2f5-90b7cd1c233e.json,0,Cabinet.010,48,0.8450,0.9950,0.4140,-0.9272,0.9950,0.7950,True,prescan_batch_0001.csv
316,4af35004-7b2b-4ef5-b148-b5e63b48b569.json,0,Cabinet.001,48,0.8450,0.9950,1.4834,7.3332,0.9950,0.7950,True,prescan_batch_0001.csv
317,506447d2-23e2-47df-83e3-85ae02dc5661.json,0,Cabinet.020,48,0.8450,0.9950,-4.7253,-2.8018,0.9950,0.7950,True,prescan_batch_0002.csv
318,55edb089-573a-4701-9290-1ed05a2590e4.json,0,Cabinet.001,48,0.8450,0.9950,-1.2192,-4.0044,0.9950,0.7950,True,prescan_batch_0002.csv
319,56539026-2d77-4f19-88ee-ca390f01e145.json,0,Cabinet.001,48,0.8450,0.9950,0.5348,-3.3956,0.9950,0.7950,True,prescan_batch_0002.csv
320,5d09aa48-6249-4c1f-b445-c2d956825c66.json,0,Cabinet.012,48,0.8450,0.9950,4.9567,-4.2013,0.9950,0.7950,True,prescan_batch_0002.csv
321,5d0ed2ea-d959-47b1-a981-8586ba55ef43.json,0,Cabinet.010,48,0.8450,0.9950,-3.6908,-2.5862,0.9950,0.7950,True,prescan_batch_0002.csv
322,5fc60854-130c-44dd-b95f-e4611c847cb4.json,0,Cabinet.001,48,0.8450,0.9950,3.3459,-1.5889,0.9950,0.7950,True,prescan_batch_0002.csv
323,5fe0be69-8fb3-46ad-8e77-78f426e7a832.json,0,Cabinet.001,48,0.8450,0.9950,2.5520,-4.1431,0.9950,0.7950,True,prescan_batch_0002.csv
324,6be85d18-7b40-49a6-8731-7fa25f310b4c.json,0,Cabinet.026,48,0.8450,0.9950,1.9976,-3.4615,0.9950,0.7950,True,prescan_batch_0002.csv
325,6d13bd56-8931-486a-8490-61752942a6de.json,0,Cabinet.012,48,0.8450,0.9950,0.8173,-3.6694,0.9950,0.7950,True,prescan_batch_0002.csv
326,6f1f5670-b6d8-4590-bd30-97818c3754f8.json,0,Cabinet.001,48,0.8450,0.9950,3.3625,-1.5527,0.9950,0.7950,True,prescan_batch_0002.csv
327,714a1f8b-192c-48f5-965f-2bd0764a7546.json,0,Cabinet.016,48,0.8450,0.9950,-4.2212,2.9387,0.9950,0.7950,True,prescan_batch_0003.csv
328,724eb4ee-bd9e-4036-8579-d5379605f941.json,0,Cabinet.012,48,0.8450,0.9950,0.0270,5.1716,0.9950,0.7950,True,prescan_batch_0003.csv
329,74dbc810-1bbb-43b6-9a26-714b3742c631.json,0,Cabinet.001,48,0.8450,0.9950,1.6333,6.9403,0.9950,0.7950,True,prescan_batch_0003.csv
330,7be5d4f4-2460-4e6f-90a6-9ffbca8d7ae4.json,0,Cabinet.001,48,0.8450,0.9950,0.7163,-2.1669,0.9950,0.7950,True,prescan_batch_0003.csv
331,7d1a7697-3051-4e51-8d6c-fed5d3a0dd8f.json,0,Cabinet.010,48,0.8450,0.9950,3.9193,3.4073,0.9950,0.7950,True,prescan_batch_0003.csv
332,8321a64d-d3ba-4901-b3d2-2b3d1101e529.json,0,Cabinet.001,48,0.8450,0.9950,5.2447,-1.1619,0.9950,0.7950,True,prescan_batch_0003.csv
333,85a00664-674f-47d8-9982-c295048f4c82.json,0,Cabinet.001,48,0.8450,0.9950,5.2273,-2.3145,0.9950,0.7950,True,prescan_batch_0003.csv
334,865efbe7-e24e-4080-9c8e-dc6c52180ea6.json,0,Cabinet.001,48,0.8450,0.9950,4.4740,1.4650,0.9950,0.7950,True,prescan_batch_0003.csv
335,889d36fb-5fa3-4f2a-b706-a2843127e101.json,0,Cabinet.001,48,0.8450,0.9950,-0.9095,4.2615,0.9950,0.7950,True,prescan_batch_0003.csv
336,8b86425c-527d-4100-b9da-3610ef78f876.json,0,Cabinet.012,48,0.8450,0.9950,0.8447,-4.6138,0.9950,0.7950,True,prescan_batch_0003.csv
337,8f4216a6-4af9-4a20-92b5-4ac4aac836e3.json,0,Cabinet.001,48,0.8450,0.9950,-4.8371,-3.0418,0.9950,0.7950,True,prescan_batch_0003.csv
338,91d0fcc8-8934-47c9-8ebd-3555da0412b0.json,0,Cabinet.001,48,0.8450,0.9950,4.0208,4.6545,0.9950,0.7950,True,prescan_batch_0003.csv
339,92c1c4c2-73f3-4688-b0e8-493c94f7fbe4.json,0,Cabinet.001,48,0.8450,0.9950,4.3068,-0.9311,0.9950,0.7950,True,prescan_batch_0003.csv
340,9dd6c801-a614-4418-ab03-d521a7e0cf33.json,0,Cabinet.001,48,0.8450,0.9950,3.1776,-1.8774,0.9950,0.7950,True,prescan_batch_0004.csv
341,9ddbde94-1d82-4d74-b262-a19cf0f9c5fd.json,0,Cabinet.001,48,0.8450,0.9950,-0.4775,-4.8074,0.9950,0.7950,True,prescan_batch_0004.csv
342,9f1fb816-ff49-446b-892f-0cd7d1cd5647.json,0,Cabinet.001,48,0.8450,0.9950,-0.8090,-4.1960,0.9950,0.7950,True,prescan_batch_0004.csv
343,9f60fd75-9050-4aa6-a78c-c6f873822632.json,0,Cabinet.001,48,0.8450,0.9950,-1.0454,-4.1962,0.9950,0.7950,True,prescan_batch_0004.csv
344,a0e57ce4-f5b5-4ca6-b46d-513cca1e290e.json,0,Cabinet.001,48,0.8450,0.9950,2.4822,-6.0760,0.9950,0.7950,True,prescan_batch_0004.csv
345,a1af2150-95a7-4047-82e3-6b4c22875390.json,0,Cabinet.006,48,0.8450,0.9950,-4.2167,-6.1611,0.9950,0.7950,True,prescan_batch_0004.csv
346,a4e28b69-2a4e-47fe-910e-c0df5879dcd5.json,0,Cabinet.001,48,0.8450,0.9950,2.2438,-4.6211,0.9950,0.7950,True,prescan_batch_0004.csv
347,a68c6257-db07-4f5f-ae13-ec2878d3cbe6.json,0,Cabinet.001,48,0.8450,0.9950,5.9381,-3.0169,0.9950,0.7950,True,prescan_batch_0004.csv
348,a6fdfbbb-1b24-4d34-b863-88ef9e49f0a4.json,0,Cabinet.032,48,0.8450,0.9950,3.1957,-1.9089,0.9950,0.7950,True,prescan_batch_0004.csv
349,a7ffcabd-1760-4064-a7a8-6bdcf7d91e02.json,0,Cabinet.012,48,0.8450,0.9950,-1.6155,-3.0154,0.9950,0.7950,True,prescan_batch_0004.csv
350,ad454df7-f400-4d9a-b619-9d00d8b0a138.json,0,Cabinet.001,48,0.8450,0.9950,5.7172,-0.8516,0.9950,0.7950,True,prescan_batch_0004.csv
351,b3560738-2e83-4f6f-9528-3f0a00c4c3b0.json,0,Cabinet.008,48,0.8450,0.9950,-4.9895,0.8062,0.9950,0.7950,True,prescan_batch_0004.csv
352,b3d57bb3-3859-4986-8da8-568bb1095d43.json,0,Cabinet.001,48,0.8450,0.9950,-2.7110,1.7465,0.9950,0.7950,True,prescan_batch_0004.csv
353,b45897de-6fe4-421c-b292-dfc31f3880ec.json,0,Cabinet.001,48,0.8450,0.9950,-5.8135,-0.3332,0.9950,0.7950,True,prescan_batch_0004.csv
354,b7d1e3e1-0ede-460d-9b03-cf016a3b2b3c.json,0,Cabinet.001,48,0.8450,0.9950,-0.1012,-1.3736,0.9950,0.7950,True,prescan_batch_0004.csv
355,b8366424-8564-4127-9238-097bf6200861.json,0,Cabinet.001,48,0.8450,0.9950,0.3100,-4.6776,0.9950,0.7950,True,prescan_batch_0004.csv
356,bb755eb0-434b-4805-9d28-214380ae6a29.json,0,Cabinet.001,48,0.8450,0.9950,-3.4460,-2.3090,0.9950,0.7950,True,prescan_batch_0004.csv
357,bc62f166-d9c1-4b04-a971-f6e8c9b05811.json,0,Cabinet.016,48,0.8450,0.9950,-4.8353,-1.3954,0.9950,0.7950,True,prescan_batch_0005.csv
358,bdaeaa5c-d79d-4540-a08c-be2cda8c5eb3.json,0,Cabinet.010,48,0.8450,0.9950,2.6403,-3.1504,0.9950,0.7950,True,prescan_batch_0005.csv
359,c01453b3-1cea-41b2-a21e-37e1aef5b689.json,0,Cabinet.001,48,0.8450,0.9950,5.1521,-1.1218,0.9950,0.7950,True,prescan_batch_0005.csv
360,c26d36fa-6f61-49b9-929d-8cb6f76ff916.json,0,Cabinet.018,48,0.8450,0.9950,-1.1887,3.7127,0.9950,0.7950,True,prescan_batch_0005.csv
361,c3d031f9-4241-4b79-bb27-7246f4fb3eef.json,0,Cabinet.018,48,0.8450,0.9950,-0.1351,-2.6626,0.9950,0.7950,True,prescan_batch_0005.csv
362,c5831f4a-ee0f-41c5-afd6-3cbff5507aad.json,0,Cabinet.008,48,0.8450,0.9950,4.3493,1.4681,0.9950,0.7950,True,prescan_batch_0005.csv
363,c8c38e9d-b1e5-4911-b893-942bc3c75860.json,0,Cabinet.018,48,0.8450,0.9950,-0.7187,-3.0515,0.9950,0.7950,True,prescan_batch_0005.csv
364,c9e81151-4655-4615-8988-03ad824d5836.json,0,Cabinet.018,48,0.8450,0.9950,-3.2208,-3.8153,0.9950,0.7950,True,prescan_batch_0005.csv
365,cc884b8c-65c3-496e-81eb-9c7ddc348606.json,0,Cabinet.020,48,0.8450,0.9950,-4.3438,-2.5583,0.9950,0.7950,True,prescan_batch_0005.csv
366,d437e510-c78a-4931-987d-6ef2d683382c.json,0,Cabinet.010,48,0.8450,0.9950,-1.7438,-3.8048,0.9950,0.7950,True,prescan_batch_0005.csv
367,d97a1fd8-ec70-438d-a7fd-a7badea1eda3.json,0,Cabinet.016,48,0.8450,0.9950,2.4086,-2.0253,0.9950,0.7950,True,prescan_batch_0005.csv
368,db2b1031-0769-4d04-a2bd-4fe8651c8461.json,0,Cabinet.001,48,0.8450,0.9950,-0.9043,4.0988,0.9950,0.7950,True,prescan_batch_0005.csv
369,eed80970-cdc9-4f3c-bbaa-a482c76fbb7e.json,0,Cabinet.001,48,0.8450,0.9950,3.3043,-1.7102,0.9950,0.7950,True,prescan_batch_0006.csv
370,fe4aa477-9203-4c50-a540-e1bbdf2d9fec.json,0,Cabinet.012,48,0.8450,0.9950,1.8562,-6.3579,0.9950,0.7950,True,prescan_batch_0006.csv
371,ffc7ddf1-827b-4154-9eee-5f8b497d0a12.json,0,Cabinet.018,48,0.8450,0.9950,3.9958,-1.3135,0.9950,0.7950,True,prescan_batch_0006.csv
372,103cce55-24d5-4c71-9856-156962e30511.json,0,Cabinet.050,48,0.8438,0.9938,-1.6307,-3.0864,1.0220,0.8220,True,prescan_batch_0000.csv
373,91efeb20-7892-46d5-8846-35a2c8773e73.json,0,Cabinet.130,48,0.8438,0.9938,1.7570,2.4318,1.0000,0.8000,True,prescan_batch_0003.csv
374,49779fa2-226f-4e40-8f8c-1205e9a36475.json,0,Cabinet.102,48,0.8435,0.9935,-3.9492,4.4891,1.0220,0.8220,True,prescan_batch_0001.csv
375,fe83c18f-620d-4d5c-882b-2a614d01d766.json,0,Cabinet.100,48,0.8434,0.9934,1.1091,-1.1117,1.0000,0.8000,True,prescan_batch_0006.csv
376,64264e40-c4bf-4e01-af63-cb6ab5cf93f9.json,0,Cabinet.001,48,0.8427,0.9927,-1.2769,-4.2651,0.9950,0.7950,True,prescan_batch_0002.csv
377,22843330-f141-4cb6-8ce6-8b32b56388ba.json,0,Cabinet.120,48,0.8423,0.9923,0.1491,-4.2998,1.0220,0.8220,True,prescan_batch_0000.csv
378,32320a79-b44d-45cf-8742-a654a5348bba.json,0,Cabinet.066,48,0.8423,0.9923,-3.5979,0.9562,1.0220,0.8220,True,prescan_batch_0001.csv
379,96a88d21-2c10-4c2c-80b3-8aae43ea471d.json,0,Cabinet.115,48,0.8423,0.9923,-8.5739,3.0714,1.0220,0.8220,True,prescan_batch_0003.csv
380,a3bb94ee-d785-477c-b5b9-19c7cd860a0a.json,0,Cabinet.089,48,0.8423,0.9923,-5.6327,-2.5010,1.1220,0.9220,True,prescan_batch_0004.csv
381,db5e0c75-e464-46b8-8d87-a0bafe9fc137.json,0,Cabinet.071,48,0.8423,0.9923,4.1775,0.2212,1.0220,0.8220,True,prescan_batch_0005.csv
382,a7668a37-5ba1-4eb6-a016-f122c1733f4a.json,0,Cabinet.088,48,0.8414,0.9914,-6.0473,-2.5798,1.1000,0.9000,True,prescan_batch_0004.csv
383,de20da69-7f34-4048-9081-db8760dc88f6.json,0,Cabinet.123,48,0.8396,0.9896,2.9347,1.8880,1.0220,0.8220,True,prescan_batch_0005.csv
384,7ca45ed7-bfae-4d71-907b-747fd2725858.json,0,Cabinet.072,48,0.8392,0.9892,-4.9832,1.2673,1.0000,0.8000,True,prescan_batch_0003.csv
385,555d38a7-689e-4340-ae91-a9a1dd650216.json,0,Cabinet.001,48,0.8391,0.9891,4.3791,1.5467,0.9950,0.7950,True,prescan_batch_0002.csv
386,6028388c-fad8-4a37-a1f0-15700a78ef71.json,0,Cabinet.066,48,0.8371,0.9871,-3.8749,0.6296,1.0370,0.8370,True,prescan_batch_0002.csv
387,7dff252d-745d-493c-843f-6d8a070bfd3d.json,0,Cabinet.072,48,0.8370,0.9870,-6.5361,-1.4226,1.4370,1.2370,True,prescan_batch_0003.csv
388,c3b5ef1d-9ca1-4c6f-b793-443d7682f970.json,0,Cabinet.226,48,0.8362,0.9862,-5.4404,3.4756,1.0000,0.8000,True,prescan_batch_0005.csv
389,473f4a9e-505e-4864-9ffd-59a793b26d5a.json,0,Cabinet.082,48,0.8359,0.9859,-9.0089,-3.7874,1.0000,0.8000,True,prescan_batch_0001.csv
390,7ba559ee-a2d9-425c-9111-cf2a9c543c57.json,0,Cabinet.008,48,0.8341,0.9841,4.6022,-0.4301,0.9950,0.7950,True,prescan_batch_0003.csv
391,9e84166d-ff70-496e-92b2-489f58936fbf.json,0,Cabinet.060,48,0.8340,0.9840,0.1851,-5.4982,1.0000,0.8000,True,prescan_batch_0004.csv
392,ecc68946-5d3d-461f-85e4-536cc01a5c4d.json,0,Cabinet.083,48,0.8340,0.9840,3.2597,2.2519,1.0000,0.8000,True,prescan_batch_0006.csv
393,d6b6b169-12d7-4a33-8407-7bed5d1d4a05.json,0,Cabinet.012,48,0.8339,0.9839,1.4548,-5.9982,0.9950,0.7950,True,prescan_batch_0005.csv
394,77315352-be0a-44b9-ab5a-7a2f3e0e33c9.json,0,Cabinet.001,48,0.8333,0.9833,-1.3034,-5.1117,0.9950,0.7950,True,prescan_batch_0003.csv
395,4a44797a-9a10-4d38-bab1-fb8c196f94df.json,0,Cabinet.017,48,0.8318,0.9818,1.1653,2.6214,0.9818,0.7818,True,prescan_batch_0001.csv
396,46c55e05-16f4-4b90-a789-4b2a2e1a5235.json,0,Cabinet.081,48,0.8313,0.9813,3.0510,0.3145,0.9813,0.7813,True,prescan_batch_0001.csv
397,b91a4f89-7d1c-4333-b3a1-c7e9a6cd79a7.json,0,Cabinet.081,48,0.8313,0.9813,3.0994,0.2680,0.9813,0.7813,True,prescan_batch_0004.csv
398,946b8287-73c8-4387-ac28-01710466195a.json,0,Cabinet.059,48,0.8311,0.9811,-1.4266,-0.4321,1.0370,0.8370,True,prescan_batch_0003.csv
399,888f5f5c-4947-4bfe-b50b-ee6d4f80ae28.json,0,Cabinet.001,48,0.8305,0.9805,-7.4484,-3.1270,0.9950,0.7950,True,prescan_batch_0003.csv
400,06beed0e-c97a-4110-943c-d5ef6eb988e8.json,0,Cabinet.003,48,0.8300,0.9800,1.8413,2.6199,0.9800,0.7800,True,prescan_batch_0000.csv
401,0ed3cea7-f8c0-4f91-87b8-9414ec60a713.json,0,Cabinet.017,48,0.8300,0.9800,0.2295,-4.3194,0.9800,0.7800,True,prescan_batch_0000.csv
402,168c24cf-f3fd-41bd-b5f5-348edb6358c7.json,0,Cabinet.003,48,0.8300,0.9800,0.2457,-3.0497,0.9800,0.7800,True,prescan_batch_0000.csv
403,191e6801-4ec6-4dd2-a922-17b81de51431.json,0,Cabinet.004,48,0.8300,0.9800,6.6264,3.2865,0.9800,0.7800,True,prescan_batch_0000.csv
404,1dc74c70-21d3-40c6-8bd4-afb94dab934c.json,0,Cabinet.016,48,0.8300,0.9800,5.8087,-3.8896,0.9800,0.7800,True,prescan_batch_0000.csv
405,20365dbe-40b9-4cc9-b0ef-d7d6b89799ab.json,0,Cabinet.003,48,0.8300,0.9800,-2.3290,-3.8979,0.9800,0.7800,True,prescan_batch_0000.csv
406,20a7fc06-43d8-4a15-b73d-8c57ba18faad.json,0,Cabinet.003,48,0.8300,0.9800,-5.1442,-1.7400,0.9800,0.7800,True,prescan_batch_0000.csv
407,2c6130fe-0d6d-4b7c-a496-e211c5c8a75a.json,0,Cabinet.017,48,0.8300,0.9800,-1.3567,-5.7071,0.9800,0.7800,True,prescan_batch_0001.csv
408,2d6aa8c6-58fc-40cb-9e14-705d60d932c7.json,0,Cabinet.004,48,0.8300,0.9800,-4.3968,2.2995,0.9800,0.7800,True,prescan_batch_0001.csv
409,35e55da0-dbe2-4a3f-bdec-a74d06852d16.json,0,Cabinet.004,48,0.8300,0.9800,1.4323,-2.8701,0.9800,0.7800,True,prescan_batch_0001.csv
410,35ebe516-1aa0-4694-aa9f-e7dec5aab07d.json,0,Cabinet.004,48,0.8300,0.9800,6.3091,1.3167,0.9800,0.7800,True,prescan_batch_0001.csv
411,36a9e2d2-2165-4ea7-ba91-f20ec6f76553.json,0,Cabinet.019,48,0.8300,0.9800,-2.4988,-4.0202,0.9800,0.7800,True,prescan_batch_0001.csv
412,38f82400-ca3e-4149-9db4-0b7c7ccf9fe8.json,0,Cabinet.013,48,0.8300,0.9800,-5.4894,-3.7738,0.9800,0.7800,True,prescan_batch_0001.csv
413,3e488d02-ae06-43f4-b0f6-bacd4436deab.json,0,Cabinet.003,48,0.8300,0.9800,-2.6176,-3.8868,0.9800,0.7800,True,prescan_batch_0001.csv
414,3f04b82c-f64d-427f-bfeb-2eb8a0cf8655.json,0,Cabinet.015,48,0.8300,0.9800,2.0245,-3.6070,0.9800,0.7800,True,prescan_batch_0001.csv
415,423a87ad-9f80-426b-8faf-9015764a0978.json,0,Cabinet.004,48,0.8300,0.9800,-1.1585,-3.4262,0.9800,0.7800,True,prescan_batch_0001.csv
416,45ec06f9-3d29-459b-9403-705f6fea1814.json,0,Cabinet.003,48,0.8300,0.9800,1.4273,-3.0818,0.9800,0.7800,True,prescan_batch_0001.csv
417,47f45b86-8dd6-4cee-bd43-9c32a777dd20.json,0,Cabinet.021,48,0.8300,0.9800,4.6481,-7.3902,0.9800,0.7800,True,prescan_batch_0001.csv
418,483a9404-b305-403b-860a-d5aa86cbb66a.json,0,Cabinet.016,48,0.8300,0.9800,4.9089,-2.6417,0.9800,0.7800,True,prescan_batch_0001.csv
419,4a7da40a-e901-4bb0-938d-d50bd0a474d7.json,0,Cabinet.003,48,0.8300,0.9800,-5.7534,0.1494,0.9800,0.7800,True,prescan_batch_0001.csv
420,4af67e06-6f16-46b8-ac12-dd8f0d481906.json,0,Cabinet.018,48,0.8300,0.9800,0.3437,-4.4408,0.9800,0.7800,True,prescan_batch_0001.csv
421,4f0a1627-dbe5-43a7-98db-68b9c1335e58.json,0,Cabinet.012,48,0.8300,0.9800,2.0126,-4.1101,0.9800,0.7800,True,prescan_batch_0002.csv
422,52982a7b-ed79-44e6-bb37-f878754c07d3.json,0,Cabinet.012,48,0.8300,0.9800,2.5870,-4.5680,0.9800,0.7800,True,prescan_batch_0002.csv
423,529be18a-a998-40c9-89ea-074be3172e1b.json,0,Cabinet.015,48,0.8300,0.9800,-1.1393,4.5059,0.9800,0.7800,True,prescan_batch_0002.csv
424,5336ca84-512e-48af-b02f-19d19a529403.json,0,Cabinet.003,48,0.8300,0.9800,3.3044,2.5103,0.9800,0.7800,True,prescan_batch_0002.csv
425,54a23d09-17fe-4e6a-9960-e45dafca32d5.json,0,Cabinet.012,48,0.8300,0.9800,-5.1761,-2.3433,0.9800,0.7800,True,prescan_batch_0002.csv
426,5ac451ba-b3f0-4734-ac59-e7ac821e3c83.json,0,Cabinet.003,48,0.8300,0.9800,3.7393,1.7843,0.9800,0.7800,True,prescan_batch_0002.csv
427,5c337554-ee3f-4c1b-80c0-f8ee49d87e8d.json,0,Cabinet.012,48,0.8300,0.9800,4.3257,-2.6940,0.9800,0.7800,True,prescan_batch_0002.csv
428,624ea9fb-febe-49ae-98c8-d5cd01590a09.json,0,Cabinet.004,48,0.8300,0.9800,3.6086,-3.2024,0.9800,0.7800,True,prescan_batch_0002.csv
429,6f3094b8-689f-4f0c-adb2-748fbc81ec8a.json,0,Cabinet.003,48,0.8300,0.9800,-8.2680,-10.1959,0.9800,0.7800,True,prescan_batch_0002.csv
430,6f37e768-7bb5-423a-a64a-86b747e8cc50.json,0,Cabinet.015,48,0.8300,0.9800,-1.8406,2.9368,0.9800,0.7800,True,prescan_batch_0002.csv
431,7494d638-7311-416a-874b-282ccf1a131d.json,0,Cabinet.003,48,0.8300,0.9800,5.8316,-2.1516,0.9800,0.7800,True,prescan_batch_0003.csv
432,789015e3-c63f-4bf9-a557-3a3cd6867a83.json,0,Cabinet.013,48,0.8300,0.9800,-0.9814,-7.6178,0.9800,0.7800,True,prescan_batch_0003.csv
433,78e9ca5b-4781-45dc-8417-1c82e7435761.json,0,Cabinet.004,48,0.8300,0.9800,2.7353,-4.9345,0.9800,0.7800,True,prescan_batch_0003.csv
434,7a2de022-745d-4f10-a4fa-d7ab5bb8809f.json,0,Cabinet.071,48,0.8300,0.9800,-4.3779,3.3653,0.9800,0.7800,True,prescan_batch_0003.csv
435,81558907-9dff-4a6d-a766-6e0748997ae6.json,0,Cabinet.011,48,0.8300,0.9800,5.3642,-1.1790,0.9800,0.7800,True,prescan_batch_0003.csv
436,82eb76dd-8673-4f2b-b2bb-5e28d92ffb6c.json,0,Cabinet.015,48,0.8300,0.9800,4.8990,-0.7812,0.9800,0.7800,True,prescan_batch_0003.csv
437,88cb5556-1b87-4153-8497-18c08f26787c.json,0,Cabinet.003,48,0.8300,0.9800,-5.0720,-2.2751,0.9800,0.7800,True,prescan_batch_0003.csv
438,896678cc-190d-4208-95f5-28911b3905c3.json,0,Cabinet.019,48,0.8300,0.9800,5.2423,1.8367,0.9800,0.7800,True,prescan_batch_0003.csv
439,8b46f7c1-c1f5-43b8-ac0c-bb0dd121c234.json,0,Cabinet.004,48,0.8300,0.9800,5.7649,-1.2653,0.9800,0.7800,True,prescan_batch_0003.csv
440,8b8e91b1-3337-4ba6-ae2a-45390121ddbd.json,0,Cabinet.018,48,0.8300,0.9800,3.5236,4.3337,0.9800,0.7800,True,prescan_batch_0003.csv
441,967b39f8-073d-4ace-83fc-c1e67ea1a78c.json,0,Cabinet.003,48,0.8300,0.9800,3.1650,-1.8557,0.9800,0.7800,True,prescan_batch_0003.csv
442,9b383eb3-9453-4853-ae45-a4a461406696.json,0,Cabinet.011,48,0.8300,0.9800,1.8238,-0.8832,0.9800,0.7800,True,prescan_batch_0004.csv
443,9dd0eb9f-3f31-4db7-95f4-438b7eacc295.json,0,Cabinet.003,48,0.8300,0.9800,3.1800,-1.9764,0.9800,0.7800,True,prescan_batch_0004.csv
444,9f524658-1955-42a7-a344-eeb240b23267.json,0,Cabinet.009,48,0.8300,0.9800,3.6569,1.7644,0.9800,0.7800,True,prescan_batch_0004.csv
445,9f7ebccd-db81-4599-aafa-936c371f9012.json,0,Cabinet.004,48,0.8300,0.9800,0.5347,2.4228,0.9800,0.7800,True,prescan_batch_0004.csv
446,9f8197bc-9d2d-4e29-94a0-358b41ae3948.json,0,Cabinet.017,48,0.8300,0.9800,-0.9364,-5.6262,0.9800,0.7800,True,prescan_batch_0004.csv
447,a2a8f036-c0d0-4d57-b55f-f6aa5e56d7fa.json,0,Cabinet.003,48,0.8300,0.9800,-5.2003,1.8196,0.9800,0.7800,True,prescan_batch_0004.csv
448,a519f3d0-6287-466e-953d-52939e5be494.json,0,Cabinet.012,48,0.8300,0.9800,3.5866,-4.9451,0.9800,0.7800,True,prescan_batch_0004.csv
449,a90f38f6-c1ad-4d64-9fcc-0f3d982912c4.json,0,Cabinet.004,48,0.8300,0.9800,3.7785,-4.0418,0.9800,0.7800,True,prescan_batch_0004.csv
450,a99c1e8e-0f26-4c2e-a471-9b9a308aaebc.json,0,Cabinet.015,48,0.8300,0.9800,1.8973,6.9272,0.9800,0.7800,True,prescan_batch_0004.csv
451,ab0e29af-145f-4578-a700-d78f1e043dc5.json,0,Cabinet.013,48,0.8300,0.9800,2.2834,-1.9975,0.9800,0.7800,True,prescan_batch_0004.csv
452,b1aff8e4-49da-48f0-b6d7-34331895676e.json,0,Cabinet.016,48,0.8300,0.9800,3.9873,2.7338,0.9800,0.7800,True,prescan_batch_0004.csv
453,b31b4898-6395-4283-9be9-872c7559cac8.json,0,Cabinet.003,48,0.8300,0.9800,-1.5400,-5.4950,0.9800,0.7800,True,prescan_batch_0004.csv
454,b6e6f6a4-9407-4911-9b72-c336a59545e0.json,0,Cabinet.017,48,0.8300,0.9800,2.6715,4.1631,0.9800,0.7800,True,prescan_batch_0004.csv
455,b8c5d876-d015-4283-844c-6196e05d9007.json,0,Cabinet.003,48,0.8300,0.9800,4.2015,-0.8269,0.9800,0.7800,True,prescan_batch_0004.csv
456,b8c79259-df95-4696-9a1f-b929d9fedcd9.json,0,Cabinet.003,48,0.8300,0.9800,0.9174,-5.1469,0.9800,0.7800,True,prescan_batch_0004.csv
457,bd2aa9dd-15d7-4de3-adec-4bddf66bff49.json,0,Cabinet.011,48,0.8300,0.9800,3.1669,-1.5679,0.9800,0.7800,True,prescan_batch_0005.csv
458,c34f0011-6d7a-4b69-b121-1028b993f611.json,0,Cabinet.017,48,0.8300,0.9800,1.2093,-3.1663,0.9800,0.7800,True,prescan_batch_0005.csv
459,dee82180-497b-489f-8554-cb27be17300f.json,0,Cabinet.003,48,0.8300,0.9800,3.7389,-4.0643,0.9800,0.7800,True,prescan_batch_0005.csv
460,e1f97282-7ce0-4eb3-86ab-448eb00db818.json,0,Cabinet.003,48,0.8300,0.9800,-1.1082,4.2463,0.9800,0.7800,True,prescan_batch_0006.csv
461,e63cf4ce-9f0a-42ce-8761-b044a5a7837c.json,0,Cabinet.004,48,0.8300,0.9800,3.4146,-2.3865,0.9800,0.7800,True,prescan_batch_0006.csv
462,e68032b2-11be-476a-b4b3-cf9a601db316.json,0,Cabinet.003,48,0.8300,0.9800,0.3307,-2.1000,0.9800,0.7800,True,prescan_batch_0006.csv
463,e77a9362-f91b-49bb-b9fe-8162f53f4c6a.json,0,Cabinet.004,48,0.8300,0.9800,2.4380,1.4676,0.9800,0.7800,True,prescan_batch_0006.csv
464,eb93a16f-a167-4776-968d-cd42148c7e2f.json,0,Cabinet.002,48,0.8300,0.9800,3.3390,-1.5647,0.9800,0.7800,True,prescan_batch_0006.csv
465,ec1d45dd-4935-490b-9c2b-f6caf4261d82.json,0,Cabinet.004,48,0.8300,0.9800,1.6818,-4.3634,0.9800,0.7800,True,prescan_batch_0006.csv
466,ed41e047-ee12-4f00-8add-0ee6b95d1585.json,0,Cabinet.013,48,0.8300,0.9800,3.3670,-4.9781,0.9800,0.7800,True,prescan_batch_0006.csv
467,ee1efacd-d7a1-48c9-bc7e-808187b95022.json,0,Cabinet.019,48,0.8300,0.9800,4.3196,-1.3301,0.9800,0.7800,True,prescan_batch_0006.csv
468,ef49fbf5-040b-48d1-9370-e6d496b8d1d0.json,0,Cabinet.003,48,0.8300,0.9800,-4.6415,1.5153,0.9800,0.7800,True,prescan_batch_0006.csv
469,f01e1a67-a4cb-4a75-b37d-c473c47319a9.json,0,Cabinet.004,48,0.8300,0.9800,-2.7993,2.4610,0.9800,0.7800,True,prescan_batch_0006.csv
470,f47e91bf-c4c3-4399-9917-ac2c0d393fee.json,0,Cabinet.004,48,0.8300,0.9800,2.5752,-3.4458,0.9800,0.7800,True,prescan_batch_0006.csv
471,f623fc6b-ed49-451d-9858-85a3c1091631.json,0,Cabinet.003,48,0.8300,0.9800,2.1123,-0.6582,0.9800,0.7800,True,prescan_batch_0006.csv
472,f990fb99-46f6-449d-8b58-3d4c210f667f.json,0,Cabinet.018,48,0.8300,0.9800,-1.1025,-5.5122,0.9800,0.7800,True,prescan_batch_0006.csv
473,fa21ce43-f02e-43a0-8f64-31f81cb339b1.json,0,Cabinet.003,48,0.8300,0.9800,5.8274,-2.7440,0.9800,0.7800,True,prescan_batch_0006.csv
474,fccf3211-1e60-40df-8b6b-9c20a10a2a41.json,0,Cabinet.018,48,0.8300,0.9800,-3.9945,1.7642,0.9800,0.7800,True,prescan_batch_0006.csv
475,fdc0b569-e71a-4cf9-9a16-a6f60bffc326.json,0,Cabinet.003,48,0.8300,0.9800,-4.0822,6.4140,0.9800,0.7800,True,prescan_batch_0006.csv
476,9ca09b71-f23c-481f-8860-4bfaf4849cba.json,0,Cabinet.099,48,0.8298,0.9798,-2.8105,1.0810,1.0370,0.8370,True,prescan_batch_0004.csv
477,91f11959-db47-4c01-b1b1-4b134ac1909c.json,0,Cabinet.111,48,0.8296,0.9796,3.4755,0.2523,1.0000,0.8000,True,prescan_batch_0003.csv
478,6843f446-eb87-4f4c-b6f7-9b1b4d03f3eb.json,0,Cabinet.004,48,0.8295,0.9795,-1.2248,4.1531,0.9800,0.7800,True,prescan_batch_0002.csv
479,a1cddd39-455f-410c-aaf0-2ff1957505be.json,0,Cabinet.039,48,0.8292,0.9792,-0.3720,-5.6070,1.0370,0.8370,True,prescan_batch_0004.csv
480,8a6c7bb0-54d0-4ee9-aeeb-c3ff24b707c7.json,0,Cabinet.104,48,0.8290,0.9790,-4.4881,1.3818,1.0370,0.8370,True,prescan_batch_0003.csv
481,1c810945-176e-4857-af0c-6722eec3755b.json,0,Cabinet.081,48,0.8288,0.9788,-4.0619,-1.7334,1.0000,0.8000,True,prescan_batch_0000.csv
482,8207dd97-de33-4456-91c8-b085fb42b6a5.json,0,Cabinet.004,48,0.8288,0.9788,3.9546,0.8541,0.9800,0.7800,True,prescan_batch_0003.csv
483,a42ac970-4696-4382-a902-0e13e66953ff.json,0,Cabinet.039,48,0.8276,0.9776,1.9180,-3.2818,1.0370,0.8370,True,prescan_batch_0004.csv
484,5c25a0f5-b020-4c9b-b26f-52133beea6ea.json,0,Cabinet.046,48,0.8274,0.9774,1.9052,-4.7796,1.0370,0.8370,True,prescan_batch_0002.csv
485,0953aa27-1f92-4068-aed9-41f0cc7401d6.json,0,Cabinet.103,48,0.8267,0.9767,5.8983,-1.9601,1.0000,0.8000,True,prescan_batch_0000.csv
486,93df04a6-caae-4a10-8728-bacd525c061b.json,0,Cabinet.086,48,0.8244,0.9744,-1.2755,-4.7148,1.0370,0.8370,True,prescan_batch_0003.csv
487,5bd22e7d-960b-4e14-93bd-f955001f799e.json,0,Cabinet.058,48,0.8238,0.9738,-3.8289,-3.3031,1.0370,0.8370,True,prescan_batch_0002.csv
488,7d6bfedc-a000-498d-993d-62099a5fa5fb.json,0,Cabinet.014,48,0.8225,0.9725,0.2686,5.1386,0.9800,0.7800,True,prescan_batch_0003.csv
489,adb3ce6b-6a50-458b-a082-946ff74f4e14.json,0,Cabinet.150,48,0.8208,0.9708,1.0322,-9.2906,1.0000,0.8000,True,prescan_batch_0004.csv
490,7c0653dd-592d-452f-b214-c2a5844e1c0a.json,0,Cabinet.088,48,0.8205,0.9705,-1.2241,-4.9571,1.0000,0.8000,True,prescan_batch_0003.csv
491,d7ebdee4-fdc6-4ddf-a064-4324b1f5d2ce.json,0,Cabinet.124,48,0.8200,0.9700,-4.9445,-3.7683,1.0000,0.8000,True,prescan_batch_0005.csv
492,7c8d576f-e723-4851-b793-adcf46e03d69.json,0,Cabinet.170,48,0.8196,0.9696,-4.6549,0.6067,1.0370,0.8370,True,prescan_batch_0003.csv
493,ac0350e1-3e77-4d21-a450-9599d2967e9a.json,0,Cabinet.121,48,0.8193,0.9693,9.9499,-3.0723,1.0000,0.8000,True,prescan_batch_0004.csv
494,cd33b4f0-0813-42a9-9f18-d794bef96482.json,0,Cabinet.013,48,0.8182,0.9682,-2.4512,-2.8847,0.9800,0.7800,True,prescan_batch_0005.csv
495,4a97a190-268c-4b0a-adb2-62e3eb5a29ec.json,0,Cabinet.092,48,0.8177,0.9677,-3.6920,-0.0059,1.0000,0.8000,True,prescan_batch_0001.csv
496,e34a46b2-90de-4a2a-8726-c83d5529a886.json,0,Cabinet.082,48,0.8162,0.9662,2.5453,-4.1812,1.0000,0.8000,True,prescan_batch_0006.csv
497,1fb04296-436f-4676-bd6c-b56fa9e31f05.json,0,Cabinet.107,48,0.8160,0.9660,3.8087,-7.8352,1.0720,0.8720,True,prescan_batch_0000.csv
498,1f397944-0127-417c-aebc-397096d2614d.json,0,Cabinet.067,48,0.8155,0.9655,-2.4773,4.2184,1.0000,0.8000,True,prescan_batch_0000.csv
499,67f446e9-5418-452a-a992-3797c825e7f4.json,0,Cabinet.088,48,0.8155,0.9655,-1.4529,-4.8033,1.0000,0.8000,True,prescan_batch_0002.csv
500,69a6010d-0fa7-426b-9b9a-e126bd7031cc.json,0,Cabinet.088,48,0.8155,0.9655,-1.3769,-4.8432,1.0000,0.8000,True,prescan_batch_0002.csv
501,b346e87a-515e-4aaf-acad-b896a3144d53.json,0,Cabinet.088,48,0.8155,0.9655,-1.4723,-4.8758,1.0000,0.8000,True,prescan_batch_0004.csv
502,cd1e7e8b-4a46-49c3-a757-bdd2f91e59d4.json,0,Cabinet.088,48,0.8155,0.9655,-1.3956,-4.8228,1.0000,0.8000,True,prescan_batch_0005.csv
503,882b0669-0498-4ec9-8baf-2932c5c7112a.json,0,Cabinet.126,48,0.8144,0.9644,-3.9547,0.6440,1.0000,0.8000,True,prescan_batch_0003.csv
504,011b264d-e2ef-426a-a4d5-d99de5bc68e2.json,0,Cabinet.086,48,0.8132,0.9632,-1.5572,-6.9234,1.0370,0.8370,True,prescan_batch_0000.csv
505,dbab9e2d-87df-4c2c-b9b8-612f5b14b28d.json,0,Cabinet.073,48,0.8119,0.9619,1.4919,-4.6637,1.0000,0.8000,True,prescan_batch_0005.csv
506,131fb697-ef09-458a-b28d-df6f10798fb2.json,0,Cabinet.091,48,0.8117,0.9617,-8.0531,-2.6704,1.0000,0.8000,True,prescan_batch_0000.csv
507,eb29ee2c-5f25-4dbe-965a-ec1c07904585.json,0,Cabinet.108,48,0.8097,0.9597,3.7283,1.0558,1.0370,0.8370,True,prescan_batch_0006.csv
508,a5a40e5f-d289-4d2a-96e5-9de97ae2220f.json,0,Cabinet.110,48,0.8095,0.9595,-4.5183,2.8337,1.0000,0.8000,True,prescan_batch_0004.csv
509,004f900c-468a-4f70-83cc-aa2c98875264.json,0,Cabinet.069,48,0.8083,0.9583,-2.8546,-4.3139,1.0220,0.8220,True,prescan_batch_0000.csv
510,a4b4d452-05f0-4c77-b367-cc0799a1f996.json,0,Cabinet.003,48,0.8082,0.9582,5.9185,-3.0468,0.9800,0.7800,True,prescan_batch_0004.csv
511,b9d74420-fc18-4a49-aee4-b99763f9f4fa.json,0,Cabinet.013,48,0.8075,0.9575,-0.1334,-3.6802,0.9800,0.7800,True,prescan_batch_0004.csv
512,428a7b43-7cd0-478a-8dba-50c6ac31ac3b.json,0,Cabinet.004,48,0.8071,0.9571,-0.8158,-4.5854,0.9800,0.7800,True,prescan_batch_0001.csv
513,5669e7d6-ad0f-47ad-be4a-c511786ad433.json,0,Cabinet.004,48,0.8069,0.9569,0.7900,2.3990,0.9800,0.7800,True,prescan_batch_0002.csv
514,1c924224-5cfa-4933-901f-596707001a91.json,0,Cabinet.067,48,0.8065,0.9565,4.8114,-0.4225,1.0000,0.8000,True,prescan_batch_0000.csv
515,c293957a-7445-4795-8157-2e69b1b432fb.json,0,Cabinet.166,48,0.8060,0.9560,2.8678,-2.7140,1.0000,0.8000,True,prescan_batch_0005.csv
516,b003f93a-5664-4fe2-b40a-caf19583fd57.json,0,Cabinet.014,48,0.8058,0.9558,-3.7414,0.6105,0.9950,0.7950,True,prescan_batch_0004.csv
517,9a1bde8f-5502-4a80-8239-0e14821800f6.json,0,Cabinet.088,48,0.8055,0.9555,-6.1356,-2.5683,1.1000,0.9000,True,prescan_batch_0004.csv
518,9ee08ac2-1310-4c3c-be29-d1c9ed68a006.json,0,Cabinet.015,48,0.8055,0.9555,-0.1712,-6.3911,0.9800,0.7800,True,prescan_batch_0004.csv
519,93f02a56-0d3b-41cc-b0f8-fbc572bf2869.json,0,Cabinet.197,48,0.8051,0.9551,1.5107,3.7241,1.0001,0.8001,True,prescan_batch_0003.csv
520,dd650589-4712-40ad-ab56-282aa691c4bd.json,0,Cabinet.095,48,0.8045,0.9545,-0.9710,-4.6087,1.0370,0.8370,True,prescan_batch_0005.csv
521,d9df2354-d80d-49e7-a9e8-2e8fbf31dea3.json,0,Cabinet.092,48,0.8043,0.9543,-2.3660,1.8415,1.0000,0.8000,True,prescan_batch_0005.csv
522,df5730b4-3000-496b-869c-0fb8d4853f55.json,0,Cabinet.003,48,0.8039,0.9539,2.3970,1.4286,0.9800,0.7800,True,prescan_batch_0005.csv
523,b643679b-4313-459c-b537-cd096ea1bdff.json,0,Cabinet.014,48,0.8038,0.9538,2.5269,1.0076,0.9950,0.7950,True,prescan_batch_0004.csv
524,d5d259c9-76a2-43ee-b07e-d270acc11bd5.json,0,Cabinet.229,48,0.8036,0.9536,4.3265,3.8223,1.0220,0.8220,True,prescan_batch_0005.csv
525,91627076-26f4-46cd-8fa1-d62d832bf0f4.json,0,Cabinet.001,48,0.8034,0.9534,4.3120,-0.0270,0.9950,0.7950,True,prescan_batch_0003.csv
526,4c081bb0-22d2-4c08-b0e3-14dc1e9fdd99.json,0,Cabinet.089,48,0.8030,0.9530,-4.6169,-4.3719,1.0370,0.8370,True,prescan_batch_0002.csv
527,f2773a3a-b8fb-4b98-8d6a-be6de57103ee.json,0,Cabinet.003,48,0.8030,0.9530,1.3482,-1.8861,0.9800,0.7800,True,prescan_batch_0006.csv
528,83793e28-7213-400b-b3ef-978fc7962cfa.json,0,Cabinet.036,48,0.8028,0.9528,-1.7872,-4.5810,1.0220,0.8220,True,prescan_batch_0003.csv
529,e5c7cabf-6a21-4575-b2bf-e9fe187eb6f9.json,0,Cabinet.155,48,0.8024,0.9524,2.6580,-4.2374,1.0600,0.8600,True,prescan_batch_0006.csv
530,0c1cea01-e28f-45dd-87df-6f906054c364.json,0,Cabinet.004,48,0.8020,0.9520,0.8865,2.3942,0.9800,0.7800,True,prescan_batch_0000.csv
531,c3c2b237-b863-436f-b66d-27bf5d0ca927.json,0,Cabinet.051,48,0.8017,0.9517,-3.4472,4.2203,1.0000,0.8000,True,prescan_batch_0005.csv
532,72fbdea6-2af2-4c2a-bf00-0d4d90bfa334.json,0,Cabinet.151,48,0.8015,0.9515,4.8407,1.1031,1.0000,0.8000,True,prescan_batch_0003.csv
533,217a37c6-075b-4f4c-a0ab-196e07bb5f3d.json,0,Cabinet.134,48,0.8014,0.9514,5.5152,3.9866,1.0370,0.8370,True,prescan_batch_0000.csv
534,4484a172-6fd0-4eda-8866-1a17ecec6261.json,0,Cabinet.093,48,0.8013,0.9513,5.1065,2.8095,1.0220,0.8220,True,prescan_batch_0001.csv
535,58ff6eaa-c53f-4f88-8e83-352de9374778.json,0,Cabinet.003,48,0.8003,0.9503,3.5901,-3.0208,0.9800,0.7800,True,prescan_batch_0002.csv
536,2f47a9b4-2f26-4c54-9e85-fb78df28c1b1.json,0,Cabinet.116,48,0.8000,0.9500,6.4296,-3.8362,0.9500,0.7500,True,prescan_batch_0001.csv
537,3eee1265-5dfd-4d4a-afae-00c0072fb45a.json,0,Cabinet.080,48,0.8000,0.9500,3.2114,0.2386,0.9500,0.7500,True,prescan_batch_0001.csv
538,ae3855cc-a0de-4e86-8148-d65b94f07f3f.json,0,Cabinet.003,48,0.7999,0.9499,3.4074,-2.6532,0.9800,0.7800,True,prescan_batch_0004.csv
539,16ebc7a1-5845-4030-986a-a9469100d534.json,0,Cabinet.017,48,0.7984,0.9484,4.2065,-3.4907,0.9800,0.7800,True,prescan_batch_0000.csv
540,c45c5b4c-5fca-43b2-9770-02cd174f24c2.json,0,Cabinet.136,48,0.7978,0.9478,2.3339,4.0067,1.0220,0.8220,True,prescan_batch_0005.csv
541,aeeb60a2-f202-4850-ad92-46bc0475ef9c.json,0,Cabinet.097,48,0.7969,0.9469,4.7400,-2.4871,1.0220,0.8220,True,prescan_batch_0004.csv
542,fb996907-278a-462e-ae4a-cc5c127c866c.json,0,Cabinet.145,48,0.7965,0.9465,3.8341,-1.3380,1.0370,0.8370,True,prescan_batch_0006.csv
543,bd926b39-5c42-4c01-b5f1-9f4bf153e821.json,0,Cabinet.067,48,0.7964,0.9464,4.0711,1.5677,1.0370,0.8370,True,prescan_batch_0005.csv
544,324fbf5e-7d81-4e44-9d6c-08e5a0c626c0.json,0,Cabinet.099,48,0.7958,0.9458,-2.0825,2.6518,1.0370,0.8370,True,prescan_batch_0001.csv
545,7506cecc-606e-4387-a6b2-1ce27351c010.json,0,Cabinet.083,48,0.7947,0.9447,1.8162,-3.2133,1.0308,0.8308,True,prescan_batch_0003.csv
546,48831a32-7fed-41a1-a132-18ff65aeba93.json,0,Cabinet.092,48,0.7943,0.9443,-5.1232,-4.4873,1.0000,0.8000,True,prescan_batch_0001.csv
547,26b72959-5261-49ef-ba2f-566c0982dce4.json,0,Cabinet.013,48,0.7942,0.9442,2.1027,2.8262,0.9800,0.7800,True,prescan_batch_0001.csv
548,483eb8ef-60ad-4f4b-85ee-9ee629e7fd85.json,0,Cabinet.004,48,0.7930,0.9430,-2.6789,-4.6804,0.9800,0.7800,True,prescan_batch_0001.csv
549,e580682e-4cfa-4f03-9d85-0c74c929f896.json,0,Cabinet.109,48,0.7930,0.9430,5.4694,2.4842,1.0220,0.8220,True,prescan_batch_0006.csv
550,fe85dcf0-2636-40db-9c2e-42898692ee52.json,0,Cabinet.066,48,0.7919,0.9419,0.6271,-0.2665,1.0220,0.8220,True,prescan_batch_0006.csv
551,aa99f279-fc77-45d8-97f8-6d5b9a1452d0.json,0,Cabinet.056,48,0.7915,0.9415,4.9026,2.2941,1.0220,0.8220,True,prescan_batch_0004.csv
552,b744dce4-8f32-4016-bb25-6d00e9843e79.json,0,Cabinet.010,48,0.7912,0.9412,-3.0982,-3.7023,0.9950,0.7950,True,prescan_batch_0004.csv
553,c9bdf08a-2b29-419b-9a3e-8452b6cc9dd9.json,0,Cabinet.011,48,0.7905,0.9405,3.5349,2.3399,0.9800,0.7800,True,prescan_batch_0005.csv
554,b398f479-12fe-403b-93b6-7b856b6779b5.json,0,Cabinet.012,48,0.7900,0.9400,-4.1394,-0.7781,0.9501,0.7501,True,prescan_batch_0004.csv
555,79c086e6-b5cb-4488-9361-1a70db853c7b.json,0,Cabinet.001,48,0.7894,0.9394,2.1684,0.1888,0.9950,0.7950,True,prescan_batch_0003.csv
556,bd786a9b-f4dc-4b95-8ec1-14f100ea8fa9.json,0,Cabinet.010,48,0.7894,0.9394,-2.1365,-1.2752,0.9800,0.7800,True,prescan_batch_0005.csv
557,185d02b3-ca3f-40a9-a981-71ecb7944538.json,0,Cabinet.083,48,0.7892,0.9392,-3.5109,1.5061,1.0000,0.8000,True,prescan_batch_0000.csv
558,447ddf50-7fdb-43f4-ba37-b6735a1871f1.json,0,Cabinet.073,48,0.7890,0.9390,1.8912,4.0422,1.0000,0.8000,True,prescan_batch_0001.csv
559,5ec747dd-d7be-41b5-856c-215d4803d281.json,0,Cabinet.004,48,0.7889,0.9389,-4.8870,0.7643,1.0500,0.8500,True,prescan_batch_0002.csv
560,401a9c00-571c-491d-a2c6-2201b964ca79.json,0,Cabinet.075,48,0.7885,0.9385,-0.9492,-4.1820,1.0220,0.8220,True,prescan_batch_0001.csv
561,f108224b-4b3f-4919-9ca1-7b4306523f17.json,0,Cabinet.275,48,0.7883,0.9383,-2.0826,0.5830,1.0370,0.8370,True,prescan_batch_0006.csv
562,305d3251-8f1e-4cca-9227-011187146d89.json,0,Cabinet.003,48,0.7882,0.9382,-7.4757,-4.2868,0.9800,0.7800,True,prescan_batch_0001.csv
563,3e2359c4-8bce-4769-8ec1-a5f1f22696a1.json,0,Cabinet.088,48,0.7882,0.9382,-1.1808,-4.4745,1.0000,0.8000,True,prescan_batch_0001.csv
564,7a7785a2-1848-4c79-ae68-03d976a9d1d4.json,0,Cabinet.061,48,0.7882,0.9382,0.6155,-5.3997,1.0000,0.8000,True,prescan_batch_0003.csv
565,0405ce07-e6d8-480e-8e3e-a699b9474b15.json,0,Cabinet.143,48,0.7870,0.9370,0.1132,-3.9343,0.9370,0.7370,True,prescan_batch_0000.csv
566,2ec90c50-4ece-40be-bb69-a2150a4678a9.json,0,Cabinet.097,48,0.7870,0.9370,3.9771,0.7345,0.9370,0.7370,True,prescan_batch_0001.csv
567,46987366-9a63-4f9f-97fd-1bafb4769ef7.json,0,Cabinet.136,48,0.7870,0.9370,3.0343,-4.9276,0.9370,0.7370,True,prescan_batch_0001.csv
568,498e0f05-87d9-4dd8-96fd-7f77cd5d7415.json,0,Cabinet.141,48,0.7870,0.9370,5.0221,-11.5335,0.9370,0.7370,True,prescan_batch_0001.csv
569,4de376c9-ddb7-4f68-9980-e6bba9a093a6.json,0,Cabinet.136,48,0.7870,0.9370,3.1599,-4.2316,0.9370,0.7370,True,prescan_batch_0002.csv
570,706c2d0b-66ca-43f4-9c40-09398a8b4bda.json,0,Cabinet.041,48,0.7870,0.9370,4.8564,-1.0254,0.9370,0.7370,True,prescan_batch_0003.csv
571,7458b8c9-ec21-47d4-b837-f07596625147.json,0,Cabinet.136,48,0.7870,0.9370,2.6569,-4.7536,0.9370,0.7370,True,prescan_batch_0003.csv
572,8c31d21f-f082-49a4-886c-912c321d6244.json,0,Cabinet.058,48,0.7870,0.9370,7.5375,-0.8583,0.9370,0.7370,True,prescan_batch_0003.csv
573,ce9be83e-8209-48cb-910a-17f7375b15c6.json,0,Cabinet.136,48,0.7870,0.9370,2.6900,-5.3463,0.9370,0.7370,True,prescan_batch_0005.csv
574,d6ffc1c3-4fdb-4b87-9e34-6a288879ae78.json,0,Cabinet.076,48,0.7870,0.9370,0.9101,-4.7167,1.0158,0.8158,True,prescan_batch_0005.csv
575,e678b6c5-bf26-4231-88ae-0818530a87b0.json,0,Cabinet.068,48,0.7870,0.9370,4.3051,-2.3550,0.9370,0.7370,True,prescan_batch_0006.csv
576,ff79b941-b656-41b9-a740-5647b52b2605.json,0,Cabinet.093,48,0.7862,0.9362,2.7247,-8.4658,1.0220,0.8220,True,prescan_batch_0006.csv
577,4df0b21c-821f-4e15-b7d3-226a9d80ade8.json,0,Cabinet.003,48,0.7857,0.9357,-0.6097,-5.4771,0.9800,0.7800,True,prescan_batch_0002.csv
578,5b94803c-1148-422b-9c38-fe3922dd9baa.json,0,Cabinet.074,48,0.7856,0.9356,2.6492,-3.8198,1.0300,0.8300,True,prescan_batch_0002.csv
579,b858c92c-9aa4-4767-99a8-661ef1afbd9e.json,0,Cabinet.016,48,0.7853,0.9353,-4.8383,-2.7907,0.9950,0.7950,True,prescan_batch_0004.csv
580,47bee57d-f298-4bf4-b8bd-424b428cb7b0.json,0,Cabinet.012,48,0.7848,0.9348,1.6107,-3.5970,0.9950,0.7950,True,prescan_batch_0001.csv
581,c1982dec-3263-4d8f-abd1-1c4b75f907a0.json,0,Cabinet.003,48,0.7846,0.9346,5.0458,2.5494,0.9800,0.7800,True,prescan_batch_0005.csv
582,20a8c656-6fee-4f90-ac48-4aaeda4f2ce4.json,0,Cabinet.110,48,0.7831,0.9331,-4.4847,2.8528,1.0000,0.8000,True,prescan_batch_0000.csv
583,6799b892-951c-46ea-8606-3391654b8af9.json,0,Cabinet.101,48,0.7827,0.9327,4.5870,0.2852,1.0220,0.8220,True,prescan_batch_0002.csv
584,3cd67309-0795-46f7-86da-4e4fa1f8e2f5.json,0,Cabinet.064,48,0.7825,0.9325,0.5406,-4.9025,1.0000,0.8000,True,prescan_batch_0001.csv
585,8c489604-20a8-4af9-9390-18a59a053fdb.json,0,Cabinet.086,48,0.7824,0.9324,-1.2428,-4.7845,1.0370,0.8370,True,prescan_batch_0003.csv
586,a670180e-769f-4f06-9175-8dedfe40f7e1.json,0,Cabinet.151,48,0.7824,0.9324,5.2109,1.1702,1.0000,0.8000,True,prescan_batch_0004.csv
587,ecbad9b1-6e57-45a3-9cfb-0fd0fccc6e39.json,0,Cabinet.010,48,0.7824,0.9324,2.2633,0.4100,0.9800,0.7800,True,prescan_batch_0006.csv
588,14f8eb99-b0f0-4134-9edc-f67986db6932.json,0,Cabinet.122,48,0.7818,0.9318,2.7535,0.2565,1.0000,0.8000,True,prescan_batch_0000.csv
589,cce3fe83-2d9a-4ac9-9e93-f9b687f1ae51.json,0,Cabinet.012,48,0.7817,0.9317,-0.5373,-2.4277,0.9950,0.7950,True,prescan_batch_0005.csv
590,b379059c-158c-47b7-83d5-d0121cf1e719.json,0,Cabinet.178,48,0.7813,0.9313,4.4096,2.0782,1.0220,0.8220,True,prescan_batch_0004.csv
591,c66de0ae-5dba-443b-b181-09927e2bfe5e.json,0,Cabinet.015,48,0.7813,0.9313,0.9649,-0.7128,0.9800,0.7800,True,prescan_batch_0005.csv
592,d040edab-31c6-4fec-8e69-fcec184a0a9a.json,0,Cabinet.140,48,0.7807,0.9307,-5.7069,-0.8478,1.0370,0.8370,True,prescan_batch_0005.csv
593,38415404-fab1-4911-ae90-96cc538d398b.json,0,Cabinet.010,48,0.7805,0.9305,-1.8798,-2.2741,0.9950,0.7950,True,prescan_batch_0001.csv
594,a477867e-24da-45e5-b57b-aab7de1c1623.json,0,Cabinet.013,48,0.7799,0.9299,-4.8263,3.3141,0.9800,0.7800,True,prescan_batch_0004.csv
595,6ae5c274-8d8c-4832-878c-ea4f74082dfa.json,0,Cabinet.014,48,0.7797,0.9297,-2.8703,-2.8147,0.9800,0.7800,True,prescan_batch_0002.csv
596,7130f8fa-ec52-455e-88a6-fb2a4e440087.json,0,Cabinet.017,48,0.7795,0.9295,-7.4672,-6.4694,0.9800,0.7800,True,prescan_batch_0003.csv
597,87be1ce2-89f4-42eb-b7f5-c3f9ca284a28.json,0,Cabinet.012,48,0.7791,0.9291,-1.2791,4.2033,0.9800,0.7800,True,prescan_batch_0003.csv
598,81e13b7b-a684-4086-a394-0ecc5956a1d1.json,0,Cabinet.090,48,0.7788,0.9288,5.0684,-3.1039,1.0158,0.8158,True,prescan_batch_0003.csv
599,4c7d3c24-b50c-4a53-84b8-d7620fc6b252.json,0,Cabinet.008,48,0.7787,0.9287,-5.0241,0.6327,0.9800,0.7800,True,prescan_batch_0002.csv
600,50ed6947-ae41-4a06-9bae-d4eb36e17a0e.json,0,Cabinet.081,48,0.7785,0.9285,2.2005,3.5030,1.0000,0.8000,True,prescan_batch_0002.csv
601,259f2826-9b2c-4799-9042-eeb161c8f001.json,0,Cabinet.109,48,0.7782,0.9282,1.8766,-2.8410,1.0000,0.8000,True,prescan_batch_0001.csv
602,8a4ff190-a011-4622-8e3f-3beb23eafe55.json,0,Cabinet.145,48,0.7767,0.9267,2.7049,-2.8009,1.0220,0.8220,True,prescan_batch_0003.csv
603,5821b873-037f-459b-afff-35c47f35194a.json,0,Cabinet.113,48,0.7765,0.9265,0.3555,-3.8140,1.0000,0.8000,True,prescan_batch_0002.csv
604,ee964d04-af34-46e0-9eee-e088884ff877.json,0,Cabinet.089,48,0.7763,0.9263,-1.2403,-4.7933,1.0220,0.8220,True,prescan_batch_0006.csv
605,2a23f8b0-9cf7-4655-be69-10508912fc99.json,0,Cabinet.011,48,0.7761,0.9261,-2.4102,-2.7945,0.9800,0.7800,True,prescan_batch_0001.csv
606,a10de0dc-7fe8-479b-ace2-658134f4f258.json,0,Cabinet.120,48,0.7746,0.9246,2.6841,-2.3992,1.0000,0.8000,True,prescan_batch_0004.csv
607,db1bb23c-a728-4e9e-97b8-e98ffa8cb31b.json,0,Cabinet.012,48,0.7742,0.9242,-1.6837,-1.1224,0.9950,0.7950,True,prescan_batch_0005.csv
608,23ff5e09-f7d2-4cb6-bd78-3c940d583526.json,0,Cabinet.014,48,0.7738,0.9238,0.9170,-2.5100,0.9800,0.7800,True,prescan_batch_0001.csv
609,ae6dcfc8-994e-4448-8980-08e5292a8801.json,0,Cabinet.003,48,0.7737,0.9237,0.3245,2.3666,0.9800,0.7800,True,prescan_batch_0004.csv
610,28d29c60-ea18-4761-92d5-58a57b52f2c9.json,0,Cabinet.048,48,0.7731,0.9231,0.7629,-5.2331,1.0370,0.8370,True,prescan_batch_0001.csv
611,d2a39d7a-6114-48dc-9141-4a7a5fa8dc51.json,0,Cabinet.088,48,0.7731,0.9231,-1.1622,-4.4644,1.0000,0.8000,True,prescan_batch_0005.csv
612,771ab4f8-120a-420d-9d06-fb13b7a17c91.json,0,Cabinet.183,48,0.7720,0.9220,7.0155,-9.3871,1.4220,1.2220,True,prescan_batch_0003.csv
613,7de844f8-f4c0-42ae-921c-00aea51109a0.json,0,Cabinet.090,48,0.7720,0.9220,2.5179,-5.4418,0.9220,0.7220,True,prescan_batch_0003.csv
614,a91f24bd-35a0-4b59-a95d-9c20804c13b4.json,0,Cabinet.001,48,0.7720,0.9220,-4.8109,-2.8179,0.9950,0.7950,True,prescan_batch_0004.csv
615,b192b572-8747-483e-ae95-4722a6ad1fed.json,0,Cabinet.082,48,0.7720,0.9220,-3.8336,-0.5692,0.9220,0.7220,True,prescan_batch_0004.csv
616,6010c58f-92ad-4bd6-b515-5aa0f42e48f8.json,0,Cabinet.011,48,0.7712,0.9212,-1.3547,-2.5564,0.9800,0.7800,True,prescan_batch_0002.csv
617,47667365-057e-4dd0-9755-bbec7f70768e.json,0,Cabinet.019,48,0.7700,0.9200,-1.9472,-4.1855,0.9800,0.7800,True,prescan_batch_0001.csv
618,d7aff847-7906-4de1-a241-6ee8a22d57c6.json,0,Cabinet.003,48,0.7700,0.9200,4.5085,1.5306,0.9800,0.7800,True,prescan_batch_0005.csv
619,9b584639-242f-45fe-b7e5-977f6143c739.json,0,Cabinet.120,48,0.7688,0.9188,2.1734,-2.4578,1.0000,0.8000,True,prescan_batch_0004.csv
620,3d848cc4-94db-4a9e-b592-b78bc13ed199.json,0,Cabinet.120,48,0.7684,0.9184,-4.6863,-4.6785,1.0370,0.8370,True,prescan_batch_0001.csv
621,232b4e01-a107-44bd-b2e7-ac40bcdb63b9.json,0,Cabinet.196,48,0.7675,0.9175,3.0960,-4.7917,1.1370,0.9370,True,prescan_batch_0000.csv
622,40de1b9b-b29b-4e8d-a403-b6dfeb1c77d4.json,0,Cabinet.074,48,0.7674,0.9174,-2.7729,-3.3184,1.0220,0.8220,True,prescan_batch_0001.csv
623,540ba094-fac9-4994-a0d3-29c55765698c.json,0,Cabinet.088,48,0.7671,0.9171,-1.1844,-4.5226,1.0000,0.8000,True,prescan_batch_0002.csv
624,29f1ce41-4a5d-4a59-a52b-8cae12648b0c.json,0,Cabinet.096,48,0.7660,0.9160,4.4025,-2.4215,1.0000,0.8000,True,prescan_batch_0001.csv
625,4279081f-e8fe-49a3-9060-5f098e3b17e8.json,0,Cabinet.090,48,0.7652,0.9152,-2.2690,2.7929,0.9220,0.7220,True,prescan_batch_0001.csv
626,871235f6-ecd6-4a95-86e2-312c2f9ffe55.json,0,Cabinet.003,48,0.7652,0.9152,5.3544,3.4240,0.9800,0.7800,True,prescan_batch_0003.csv
627,db70885c-e977-4fac-ada7-7b4915235361.json,0,Cabinet.015,48,0.7639,0.9139,1.6288,3.4540,0.9800,0.7800,True,prescan_batch_0005.csv
628,a8489fa3-46a7-452e-ae5b-dd9bc5c71a05.json,0,Cabinet.068,48,0.7630,0.9130,-6.0608,2.3698,1.0370,0.8370,True,prescan_batch_0004.csv
629,19532cd1-e49f-4ab7-9f46-ae5f4286a3f1.json,0,Cabinet.010,48,0.7626,0.9126,3.9330,3.8673,0.9950,0.7950,True,prescan_batch_0000.csv
630,2fd423de-1a6c-4bf0-ae7a-6e845e74c6af.json,0,Cabinet.004,48,0.7622,0.9122,1.2144,-3.1082,0.9800,0.7800,True,prescan_batch_0001.csv
631,59aed3cf-93be-4630-97b2-bc707ca491c2.json,0,Cabinet.003,48,0.7620,0.9120,2.1074,-1.0282,0.9800,0.7800,True,prescan_batch_0002.csv
632,02f7ad87-8aaf-49a0-bd98-c010e7b84c33.json,0,Cabinet.088,48,0.7611,0.9111,-1.1893,-4.5217,1.0000,0.8000,True,prescan_batch_0000.csv
633,1d3e057a-fdb4-4414-883f-b68776ee0763.json,0,Cabinet.001,48,0.7607,0.9107,-2.8077,-0.8629,0.9950,0.7950,True,prescan_batch_0000.csv
634,b6c31412-9def-40e5-b812-95a22c0a1c9f.json,0,Cabinet.081,48,0.7607,0.9107,-4.5043,2.3453,1.0000,0.8000,True,prescan_batch_0004.csv
635,035b4959-8c9a-4dcb-94c1-e2b2ad7c88b5.json,0,Cabinet.094,48,0.7603,0.9103,3.4052,-4.7732,1.0000,0.8000,True,prescan_batch_0000.csv
636,1fc19a03-37f0-453e-9816-c346bb4bd184.json,0,Cabinet.082,48,0.7603,0.9103,0.4985,1.2158,1.0000,0.8000,True,prescan_batch_0000.csv
637,5d14eac9-e115-41e5-b391-75ee1772a76b.json,0,Cabinet.092,48,0.7603,0.9103,2.7843,-8.4616,1.0000,0.8000,True,prescan_batch_0002.csv
638,7eb7feb4-9b22-4a02-ac6e-b68c8d47b703.json,0,Cabinet.088,48,0.7603,0.9103,-1.0940,-5.0009,1.0000,0.8000,True,prescan_batch_0003.csv
639,946e0b1e-be1a-4cff-ae6d-bb2a0e7a60d9.json,0,Cabinet.030,48,0.7603,0.9103,3.5014,-6.0172,1.0000,0.8000,True,prescan_batch_0003.csv
640,a0b82665-78fa-4b17-b661-ea9dcf487acc.json,0,Cabinet.092,48,0.7603,0.9103,2.7759,-9.1656,1.0000,0.8000,True,prescan_batch_0004.csv
641,bdccfbdb-debd-4ad6-bd4b-0c0318968c81.json,0,Cabinet.044,48,0.7603,0.9103,0.3025,-6.4189,1.0000,0.8000,True,prescan_batch_0005.csv
642,47ad7aa0-ebce-404b-88c9-34505ce20068.json,0,Cabinet.098,48,0.7587,0.9087,-3.8727,0.3954,1.0000,0.8000,True,prescan_batch_0001.csv
643,9d025d89-93d4-4124-8053-029cf86af930.json,0,Cabinet.123,48,0.7587,0.9087,-2.7007,-3.3944,1.0000,0.8000,True,prescan_batch_0004.csv
644,0372081c-e6ef-4cfb-a1bd-ab94a2d917bc.json,0,Cabinet.050,48,0.7577,0.9077,2.1842,-2.7302,1.0370,0.8370,True,prescan_batch_0000.csv
645,109a8e42-f7d7-4893-8262-f2030072b760.json,0,Cabinet.139,48,0.7577,0.9077,3.4372,1.3682,1.0370,0.8370,True,prescan_batch_0000.csv
646,1154c0d6-6d5c-4c64-89a3-238fa042ba6d.json,0,Cabinet.131,48,0.7577,0.9077,-0.4996,2.4731,1.0370,0.8370,True,prescan_batch_0000.csv
647,120e3c35-05c5-40a7-b92b-1abbd5592026.json,0,Cabinet.001,48,0.7577,0.9077,0.8194,3.4410,0.9950,0.7950,True,prescan_batch_0000.csv
648,1e2d5644-9a07-4d9d-b801-e0a57c688856.json,0,Cabinet.010,48,0.7577,0.9077,5.5445,-2.4048,0.9950,0.7950,True,prescan_batch_0000.csv
649,22993c56-81b4-49c2-b0d5-3d5a0565067b.json,0,Cabinet.014,48,0.7577,0.9077,-1.5233,-2.7524,0.9950,0.7950,True,prescan_batch_0000.csv
650,22d9cf09-aa0a-4a14-88de-eb74c9bdc0a5.json,0,Cabinet.131,48,0.7577,0.9077,-0.5867,2.4221,1.0370,0.8370,True,prescan_batch_0000.csv
651,2a187b35-c102-4eab-a160-58698e84a952.json,0,Cabinet.001,48,0.7577,0.9077,5.3552,0.9055,0.9950,0.7950,True,prescan_batch_0001.csv
652,300a30a0-69d3-46c3-99ae-98cc2665ea28.json,0,Cabinet.001,48,0.7577,0.9077,1.8344,-2.6482,0.9950,0.7950,True,prescan_batch_0001.csv
653,370938e1-1b18-46cb-874d-a23ceeb0cd1e.json,0,Cabinet.016,48,0.7577,0.9077,2.9010,-3.8292,0.9950,0.7950,True,prescan_batch_0001.csv
654,400cce14-4ff3-4c67-9e51-c1c1fd089aac.json,0,Cabinet.001,48,0.7577,0.9077,0.0593,-3.4766,0.9950,0.7950,True,prescan_batch_0001.csv
655,572ac6d8-8391-4ff1-9997-958b465ec352.json,0,Cabinet.014,48,0.7577,0.9077,4.9593,0.3503,0.9950,0.7950,True,prescan_batch_0002.csv
656,5a6e5b9c-9962-4637-839b-8084eca3dba3.json,0,Cabinet.012,48,0.7577,0.9077,3.2779,0.7756,0.9950,0.7950,True,prescan_batch_0002.csv
657,709dd71c-8588-4447-ba64-a4ecd64dd844.json,0,Cabinet.010,48,0.7577,0.9077,0.1532,-3.8122,0.9950,0.7950,True,prescan_batch_0003.csv
658,7ad778b7-2b5d-4386-b277-29d45387e0c3.json,0,Cabinet.001,48,0.7577,0.9077,3.5934,-3.3334,0.9950,0.7950,True,prescan_batch_0003.csv
659,7c5f9303-63c1-4f84-a96f-587a8d6c5942.json,0,Cabinet.016,48,0.7577,0.9077,1.7562,-3.7474,0.9950,0.7950,True,prescan_batch_0003.csv
660,809652f3-1c3d-4962-90d3-737fadb964ec.json,0,Cabinet.001,48,0.7577,0.9077,0.0992,-0.4734,0.9950,0.7950,True,prescan_batch_0003.csv
661,97ef997e-d71e-4afe-bd8d-9b18a6641a5e.json,0,Cabinet.085,48,0.7577,0.9077,-5.2656,0.9701,1.0370,0.8370,True,prescan_batch_0004.csv
662,a2a5721d-39ba-4d22-b8f0-e5638e03a06b.json,0,Cabinet.001,48,0.7577,0.9077,0.0012,0.1682,0.9950,0.7950,True,prescan_batch_0004.csv
663,a6941ffe-b452-4e4e-b77e-a75c7fd97c8b.json,0,Cabinet.129,48,0.7577,0.9077,1.8358,1.2593,0.9370,0.7370,True,prescan_batch_0004.csv
664,b88dadff-2e79-465f-916b-14404ffbf4a1.json,0,Cabinet.001,48,0.7577,0.9077,1.3129,-4.4728,0.9950,0.7950,True,prescan_batch_0004.csv
665,bb9f0b8a-b050-4b1c-b8da-43576a577465.json,0,Cabinet.092,48,0.7577,0.9077,-2.9736,-3.2414,1.0370,0.8370,True,prescan_batch_0004.csv
666,bbd4d848-5cf2-4680-b508-bc13325d27b4.json,0,Cabinet.001,48,0.7577,0.9077,-0.4659,-3.1454,0.9950,0.7950,True,prescan_batch_0005.csv
667,bf508dae-cde8-409e-819f-c3c54276b97f.json,0,Cabinet.001,48,0.7577,0.9077,-1.1900,-3.7280,0.9950,0.7950,True,prescan_batch_0005.csv
668,c29f9741-45f8-4e0f-8688-1bc76f7ec3b7.json,0,Cabinet.010,48,0.7577,0.9077,-2.4849,-5.9842,0.9950,0.7950,True,prescan_batch_0005.csv
669,ca0e30eb-62c0-4b91-8df2-1cf1becf6ef2.json,0,Cabinet.001,48,0.7577,0.9077,-0.8918,-0.5567,0.9950,0.7950,True,prescan_batch_0005.csv
670,cf6bc3a8-7f5f-401c-ba9b-45994eac05eb.json,0,Cabinet.001,48,0.7577,0.9077,4.4312,1.5967,0.9950,0.7950,True,prescan_batch_0005.csv
671,d320122e-891f-41c8-b774-7f20bff8d736.json,0,Cabinet.001,48,0.7577,0.9077,3.6104,1.4668,0.9950,0.7950,True,prescan_batch_0005.csv
672,d575b87e-5dff-449e-a851-e4cc6f3a3eab.json,0,Cabinet.084,48,0.7577,0.9077,2.3985,-3.8932,1.0370,0.8370,True,prescan_batch_0005.csv
673,d9912586-02ba-4131-9ec3-600a739492e5.json,0,Cabinet.163,48,0.7577,0.9077,5.8096,2.7166,1.0370,0.8370,True,prescan_batch_0005.csv
674,db78ef58-f372-459e-93c1-ddf43455e805.json,0,Cabinet.066,48,0.7577,0.9077,-6.7919,3.0999,1.0470,0.8470,True,prescan_batch_0005.csv
675,e00c171f-748b-4d28-9e6a-3ebeff291323.json,0,Cabinet.001,48,0.7577,0.9077,1.6942,-3.8598,0.9950,0.7950,True,prescan_batch_0005.csv
676,f783e6e5-ebd1-4cec-94ce-bca4eca8f504.json,0,Cabinet.150,48,0.7577,0.9077,-6.0118,2.6915,1.0370,0.8370,True,prescan_batch_0006.csv
677,fe6717d3-31e0-41a2-83e6-98c29c3461df.json,0,Cabinet.012,48,0.7577,0.9077,1.8206,-4.6888,0.9950,0.7950,True,prescan_batch_0006.csv
678,63b01b86-27b8-4b78-81b4-7136c2581c46.json,0,Cabinet.086,48,0.7565,0.9065,-1.0695,-4.8444,1.0370,0.8370,True,prescan_batch_0002.csv
679,c9fed96c-3e39-49cf-99f3-4d236d010478.json,0,Cabinet.082,48,0.7562,0.9062,-8.9875,-4.4825,1.0000,0.8000,True,prescan_batch_0005.csv
680,3d40026e-b1fc-417a-bdc9-89b22f1a546b.json,0,Cabinet.012,48,0.7559,0.9059,4.3377,1.0138,0.9950,0.7950,True,prescan_batch_0001.csv
681,17b0d207-79c5-448b-b649-5c9c708abc7f.json,0,Cabinet.255,48,0.7555,0.9055,-1.3330,-1.9228,1.0220,0.8220,True,prescan_batch_0000.csv
682,3a55f775-fc7c-4c6f-ab9f-59e31c04e093.json,0,Cabinet.012,48,0.7553,0.9053,-5.0810,-3.6471,0.9950,0.7950,True,prescan_batch_0001.csv
683,29f0cde3-b19e-4b18-92b0-1e33ed59b304.json,0,Cabinet.064,48,0.7548,0.9048,-2.9368,0.6858,1.0000,0.8000,True,prescan_batch_0001.csv
684,6b2a7e3f-4f6a-487e-9da4-9f30a0f064c9.json,0,Cabinet.003,48,0.7548,0.9048,0.1856,-0.5007,0.9800,0.7800,True,prescan_batch_0002.csv
685,0bd6628a-d04c-4fd6-9dbb-78d983b590ad.json,0,Cabinet.010,48,0.7545,0.9045,-1.7180,-4.3100,0.9800,0.7800,True,prescan_batch_0000.csv
686,bc5e1841-2230-4a71-8504-2f24a381742a.json,0,Cabinet.089,48,0.7545,0.9045,-1.1355,-4.5413,1.0220,0.8220,True,prescan_batch_0005.csv
687,3380b061-ebfb-4a8a-9ae6-cff984e1b059.json,0,Cabinet.178,48,0.7544,0.9044,6.7599,-0.8345,1.0220,0.8220,True,prescan_batch_0001.csv
688,b34c215e-1449-4702-8080-e7173e8e8f67.json,0,Cabinet.089,48,0.7542,0.9042,2.0695,1.0877,1.0000,0.8000,True,prescan_batch_0004.csv
689,e8472697-64b0-4c0c-9980-4d8ae0a48c99.json,0,Cabinet.001,48,0.7541,0.9041,1.4696,1.5955,0.9950,0.7950,True,prescan_batch_0006.csv
690,c95ba6b8-e003-43db-b4f0-49aa2ee54916.json,0,Cabinet.089,48,0.7540,0.9040,-1.1448,-4.8239,1.0220,0.8220,True,prescan_batch_0005.csv
691,19eb807e-29b0-4a67-a4d8-2faf8f60ea58.json,0,Cabinet.071,48,0.7535,0.9035,3.3345,0.2576,1.0220,0.8220,True,prescan_batch_0000.csv
692,e5203f49-b5f8-49c0-b07c-775eaafbce33.json,0,Cabinet.103,48,0.7527,0.9027,2.2169,2.4755,1.0370,0.8370,True,prescan_batch_0006.csv
693,f84f04fd-c4bb-4049-93bd-0e4f789108b2.json,0,Cabinet.124,48,0.7526,0.9026,5.0894,-1.2319,1.0720,0.8720,True,prescan_batch_0006.csv
694,21659225-2382-444b-b840-876f22b30237.json,0,Cabinet.012,48,0.7524,0.9024,0.6461,-1.8710,0.9950,0.7950,True,prescan_batch_0000.csv
695,e5bb6de8-52b5-4c04-b26b-b5561946f02d.json,0,Cabinet.013,48,0.7522,0.9022,5.3057,-2.8231,0.9800,0.7800,True,prescan_batch_0006.csv
696,44e71749-8396-4f0a-8b75-0b9d58a00666.json,0,Cabinet.094,48,0.7517,0.9017,4.4732,3.1079,1.0000,0.8000,True,prescan_batch_0001.csv
697,b2943b0f-8b10-4619-9263-d6dc198214ba.json,0,Cabinet.090,48,0.7517,0.9017,-0.8546,-4.3933,1.0000,0.8000,True,prescan_batch_0004.csv
698,cc46988f-ce25-4ce0-84be-5ce67a8d0d42.json,0,Cabinet.014,48,0.7516,0.9016,-0.3789,-4.7837,0.9800,0.7800,True,prescan_batch_0005.csv
699,a7e374d2-d8ed-4999-97e0-7e5ba98908d1.json,0,Cabinet.041,48,0.7514,0.9014,3.0107,-3.8725,1.0370,0.8370,True,prescan_batch_0004.csv
700,5ef62eb2-dae0-4354-b0c4-5424581ec03d.json,0,Cabinet.143,48,0.7506,0.9006,5.4353,2.7595,1.0000,0.8000,True,prescan_batch_0002.csv
701,cd02c5d6-e2cd-4af5-aecb-7cbfef80fa18.json,0,Cabinet.001,48,0.7506,0.9006,4.6787,0.6723,0.9950,0.7950,True,prescan_batch_0005.csv
702,03cf3c1a-32b8-456a-bf56-e24caf231092.json,0,Cabinet.081,48,0.7500,0.9000,-3.7106,-0.6797,0.9000,0.7000,True,prescan_batch_0000.csv
703,2175e145-fe04-4b66-a0e9-6f04a6497bcf.json,0,Cabinet.128,48,0.7500,0.9000,1.8717,1.4936,0.9000,0.7000,True,prescan_batch_0000.csv
704,531c8742-d3b6-43eb-a56a-39b620e70500.json,0,Cabinet.118,48,0.7500,0.9000,-4.5286,2.1702,0.9000,0.7000,True,prescan_batch_0002.csv
705,eb6b36e5-c6d0-45bb-bedb-c4bafb8e49b3.json,0,Cabinet.099,48,0.7492,0.8992,-9.7755,5.5429,1.0370,0.8370,True,prescan_batch_0006.csv
706,75b28f63-bb61-4818-a1d3-0d23ac89be5c.json,0,Cabinet.080,48,0.7491,0.8991,0.8359,3.8054,1.0220,0.8220,True,prescan_batch_0003.csv
707,6197d128-fb8b-4f65-93be-c318bf2eaf7f.json,0,Cabinet.164,48,0.7489,0.8989,-4.8207,4.3747,1.0000,0.8000,True,prescan_batch_0002.csv
708,89b3aa76-c962-484e-bbb1-6750eeb2cf0c.json,0,Cabinet.076,48,0.7489,0.8989,-2.7012,-3.0021,1.0000,0.8000,True,prescan_batch_0003.csv
709,d758c7ad-e322-42d2-a230-330f9859e7d3.json,0,Cabinet.025,48,0.7485,0.8985,3.4960,-2.5768,0.9950,0.7950,True,prescan_batch_0005.csv
710,30b4457b-420a-4c1b-b951-b589e741229c.json,0,Cabinet.116,48,0.7481,0.8981,2.4404,3.5256,1.0220,0.8220,True,prescan_batch_0001.csv
711,bee6daae-fb60-4c9f-a30f-f2c4dd8bfce6.json,0,Cabinet.014,48,0.7480,0.8980,6.0138,4.3059,0.9950,0.7950,True,prescan_batch_0005.csv
713,a88f5922-2f3b-4ad8-b834-82fa1c0d00c8.json,0,Cabinet.001,48,0.7469,0.8969,0.0918,-0.4269,0.9950,0.7950,True,prescan_batch_0004.csv
714,42249ee6-a641-4938-99e1-9e7514b79ab7.json,0,Cabinet.001,48,0.7466,0.8966,-4.1030,-2.0806,0.9950,0.7950,True,prescan_batch_0001.csv
715,e3c257be-bb61-46bb-a0e5-80c356019b48.json,0,Cabinet.016,48,0.7466,0.8966,0.3135,-3.4277,0.9800,0.7800,True,prescan_batch_0006.csv
716,ad1f7f29-f8b2-4c60-b495-b1b4467007e1.json,0,Cabinet.109,48,0.7462,0.8962,-4.9824,3.2442,1.0000,0.8000,True,prescan_batch_0004.csv
717,ac78cdb3-5e37-4381-993c-a6d9d8f10d67.json,0,Cabinet.013,48,0.7460,0.8960,-0.8182,0.0212,0.9800,0.7800,True,prescan_batch_0004.csv
718,0d2ade9f-c238-47b4-8b02-c0f2324e76be.json,0,Cabinet.017,48,0.7459,0.8959,3.7000,-3.2573,0.9800,0.7800,True,prescan_batch_0000.csv
719,06e6dae8-1592-4278-8f40-ffa20cea11d3.json,0,Cabinet.074,48,0.7458,0.8958,2.3631,-3.6875,1.0300,0.8300,True,prescan_batch_0000.csv
720,bc3508cf-b422-480f-baa2-80fd11a6a11d.json,0,Cabinet.003,48,0.7458,0.8958,-2.6960,-0.6532,0.9800,0.7800,True,prescan_batch_0005.csv
721,52d4aa4b-d159-47b7-ad0f-5355b66e635b.json,0,Cabinet.091,48,0.7454,0.8954,3.1553,1.8957,1.0370,0.8370,True,prescan_batch_0002.csv
722,dd2de960-b96c-4f69-905d-1914362fad41.json,0,Cabinet.009,48,0.7446,0.8946,-0.7080,2.8320,0.9800,0.7800,True,prescan_batch_0005.csv
723,3332e155-0105-4d97-937a-b7a64daedb40.json,0,Cabinet.121,48,0.7444,0.8944,-4.7554,10.2660,1.0370,0.8370,True,prescan_batch_0001.csv
724,742c4150-ed00-441f-846c-72d4f1a56c03.json,0,Cabinet.067,48,0.7441,0.8941,0.1922,-5.5031,0.9920,0.7920,True,prescan_batch_0003.csv
725,7a6891e2-9e55-4f16-a2ba-996a754607a4.json,0,Cabinet.113,48,0.7437,0.8937,0.3647,-3.6773,1.0000,0.8000,True,prescan_batch_0003.csv
726,285c4223-33b2-4309-a265-59e3e1430a6c.json,0,Cabinet.085,48,0.7430,0.8930,1.7899,-3.1115,1.0000,0.8000,True,prescan_batch_0001.csv
727,8dc8fc67-db43-418b-b333-702af39ce83a.json,0,Cabinet.012,48,0.7428,0.8928,-3.6227,-6.3037,0.9950,0.7950,True,prescan_batch_0003.csv
728,e97de662-f2d1-4d7f-9179-ae7718710e88.json,0,Cabinet.003,48,0.7424,0.8924,-5.1464,-2.1524,0.9800,0.7800,True,prescan_batch_0006.csv
729,5399de83-ec0c-4ef3-a97e-9bef301222d5.json,0,Cabinet.065,48,0.7419,0.8919,2.2587,-5.7345,1.0158,0.8158,True,prescan_batch_0002.csv
730,18461765-da45-4d0a-8133-a9df3fa8aee1.json,0,Cabinet.003,48,0.7416,0.8916,3.2024,-1.7670,0.9800,0.7800,True,prescan_batch_0000.csv
731,7279cacf-3d83-48f7-9cb4-114caeb86df1.json,0,Cabinet.095,48,0.7412,0.8912,-5.2424,1.5041,1.0000,0.8000,True,prescan_batch_0003.csv
732,7719f139-6a07-47c3-9435-eb894ce81069.json,0,Cabinet.003,48,0.7406,0.8906,-1.1168,-3.4894,0.9800,0.7800,True,prescan_batch_0003.csv
733,f50a3dc4-2f5c-4edd-908a-8e0bcc6ef672.json,0,Cabinet.089,48,0.7400,0.8900,-3.1296,-4.4262,0.9370,0.7370,True,prescan_batch_0006.csv
734,206ffdfc-12b9-4e0f-89f1-037aeb0e5007.json,0,Cabinet.081,48,0.7395,0.8895,0.1172,-4.4611,1.0000,0.8000,True,prescan_batch_0000.csv
735,5f687d94-bb4e-4a8f-938e-e988ddb7de2f.json,0,Cabinet.003,48,0.7391,0.8891,0.8563,-4.0993,0.9800,0.7800,True,prescan_batch_0002.csv
736,5bc87d21-885e-4a9f-b19a-b5c3dd26a3f7.json,0,Cabinet.010,48,0.7384,0.8884,5.4320,-2.3268,0.9950,0.7950,True,prescan_batch_0002.csv
737,c78845fd-ca3d-4984-a96f-9e7d33d9ae14.json,0,Cabinet.088,48,0.7384,0.8884,-1.3424,-4.5257,1.0000,0.8000,True,prescan_batch_0005.csv
738,be5538a6-455b-486f-a46a-fd03d864587e.json,0,Cabinet.081,48,0.7371,0.8871,12.4222,-1.2522,1.0800,0.8800,True,prescan_batch_0005.csv
739,5909d95e-ee06-4fa3-bb01-5b0f43185a6a.json,0,Cabinet.001,48,0.7361,0.8861,-0.0649,-1.4839,0.9950,0.7950,True,prescan_batch_0002.csv
740,86bd6c59-e949-41d5-a944-832b67e3d763.json,0,Cabinet.013,48,0.7361,0.8861,3.2711,-0.9334,0.9800,0.7800,True,prescan_batch_0003.csv
741,3aa40ca2-8d84-4fc1-b2b8-ce2234c45f60.json,0,Cabinet.012,48,0.7356,0.8856,1.0441,-4.9084,0.9800,0.7800,True,prescan_batch_0001.csv
742,2ac3d327-93e6-49c9-b722-200d808ab279.json,0,Cabinet.014,48,0.7353,0.8853,4.0652,-5.2041,0.9800,0.7800,True,prescan_batch_0001.csv
743,4c1b75c2-351b-4b6b-a7df-c867a2d9b3d6.json,0,Cabinet.086,48,0.7345,0.8845,-1.2327,-4.3941,1.0370,0.8370,True,prescan_batch_0002.csv
744,7659a6c9-9fc7-4be5-bc93-5b202ff2a22b.json,0,Cabinet.066,48,0.7336,0.8836,-2.4427,-4.6013,1.0370,0.8370,True,prescan_batch_0003.csv
745,c1877e6b-8428-480a-997e-cc81e6139023.json,0,Cabinet.008,48,0.7336,0.8836,5.0998,-4.2973,0.9950,0.7950,True,prescan_batch_0005.csv
746,97105c30-ee2b-450c-9397-69ed7667ddfc.json,0,Cabinet.109,48,0.7333,0.8833,0.6490,-0.9291,1.0370,0.8370,True,prescan_batch_0004.csv
747,0c646244-f779-46f2-8723-3cfef6bfc23b.json,0,Cabinet.054,48,0.7324,0.8824,1.5599,2.5746,1.0000,0.8000,True,prescan_batch_0000.csv
748,7f4b525c-6962-4d55-9947-fe8b92f54900.json,0,Cabinet.037,48,0.7318,0.8818,3.7037,-5.0005,1.0220,0.8220,True,prescan_batch_0003.csv
749,e95ecf25-bf6b-443b-9f23-c2151152da14.json,0,Cabinet.001,48,0.7315,0.8815,-1.6477,-3.7945,0.9950,0.7950,True,prescan_batch_0006.csv
750,6b774494-78d2-4def-a1df-24e4d907e796.json,0,Cabinet.098,48,0.7313,0.8813,-2.7559,5.1354,0.9000,0.7000,True,prescan_batch_0002.csv
751,bfe0a627-89e5-4077-8bd7-f93a66c696c1.json,0,Cabinet.131,48,0.7313,0.8813,-1.8937,-5.6913,1.0370,0.8370,True,prescan_batch_0005.csv
752,427c58f2-2fec-4b52-af11-495ae831174f.json,0,Cabinet.119,48,0.7308,0.8808,-2.0554,-2.6902,1.0000,0.8000,True,prescan_batch_0001.csv
753,6417999f-abfd-4c11-8ca1-0100d8738214.json,0,Cabinet.153,48,0.7305,0.8805,5.2785,1.5859,1.0820,0.8820,True,prescan_batch_0002.csv
754,162ad134-44c6-4eef-9c22-bb1929486b7a.json,0,Cabinet.066,48,0.7304,0.8804,4.5336,-0.5522,0.9000,0.7000,True,prescan_batch_0000.csv
755,bc610c89-14e3-4971-9067-51f6d8a2a924.json,0,Cabinet.097,48,0.7304,0.8804,6.5831,3.0353,1.0000,0.8000,True,prescan_batch_0005.csv
756,1bae485f-bd6f-402f-9aae-e08a729a148b.json,0,Cabinet.051,48,0.7290,0.8790,2.8381,3.5923,1.0000,0.8000,True,prescan_batch_0000.csv
757,b214afdb-2761-443e-82a2-a6720d7a0578.json,0,Cabinet.026,48,0.7287,0.8787,-5.5990,-6.0329,0.9800,0.7800,True,prescan_batch_0004.csv
758,337b9770-f524-48fb-914c-89dd9f2d927e.json,0,Cabinet.053,48,0.7286,0.8786,3.1197,4.2213,1.0000,0.8000,True,prescan_batch_0001.csv
759,e414e3aa-24fb-4922-bbc1-058a04829bbd.json,0,Cabinet.013,48,0.7277,0.8777,-5.7257,2.4934,0.9800,0.7800,True,prescan_batch_0006.csv
760,ec8a5215-83a6-4325-ad7e-176c9c6f450f.json,0,Cabinet.059,48,0.7276,0.8776,0.6301,-3.7769,1.0000,0.8000,True,prescan_batch_0006.csv
761,ae07aa05-8333-48c3-8637-0845be0fadb4.json,0,Cabinet.010,48,0.7275,0.8775,1.2266,-4.2266,0.9950,0.7950,True,prescan_batch_0004.csv
762,116f9473-b473-49a4-a4da-1cf81ba45e3a.json,0,Cabinet.071,48,0.7273,0.8773,4.8162,1.2543,1.0370,0.8370,True,prescan_batch_0000.csv
763,4eef69d7-5c1f-441d-8f8b-3d0624627e4e.json,0,Cabinet.069,48,0.7268,0.8768,4.0927,3.0214,1.0220,0.8220,True,prescan_batch_0002.csv
764,e0cca4a8-56b1-40c2-911f-357bcdf1168a.json,0,Cabinet.083,48,0.7265,0.8765,-3.8049,-0.2816,1.0001,0.8001,True,prescan_batch_0005.csv
765,45fb7506-342f-4dc6-b2c3-2e041fe69faa.json,0,Cabinet.037,48,0.7262,0.8762,1.2642,-8.6320,0.9370,0.7370,True,prescan_batch_0001.csv
766,7dc7e442-1894-42b0-a95a-8d06a25ace65.json,0,Cabinet.029,48,0.7262,0.8762,-1.5202,-3.1472,1.0000,0.8000,True,prescan_batch_0003.csv
767,e4ca237e-c12f-4fc8-a8ec-9eac636b3224.json,0,Cabinet.035,48,0.7257,0.8757,-0.1980,-4.5058,1.0370,0.8370,True,prescan_batch_0006.csv
768,08f49426-b0e1-4524-b1e3-d004b2523a39.json,0,Cabinet.074,48,0.7255,0.8755,-3.2566,4.4381,1.0150,0.8150,True,prescan_batch_0000.csv
769,4730c7a2-a034-42d7-bb76-017e2a3b6d9a.json,0,Cabinet.069,48,0.7250,0.8750,-2.7117,-4.4321,1.0220,0.8220,True,prescan_batch_0001.csv
770,09defafb-4bb8-44ed-bd94-cd9359b14bb2.json,0,Cabinet.013,48,0.7247,0.8747,-3.2266,-3.8670,0.9800,0.7800,True,prescan_batch_0000.csv
771,e7ea961c-5f0d-437a-9cdc-4b4488f62675.json,0,Cabinet.014,48,0.7246,0.8746,-1.1904,-3.9171,0.9950,0.7950,True,prescan_batch_0006.csv
772,45c3dc01-a2eb-41ce-a395-69ebf0325ac6.json,0,Cabinet.095,48,0.7243,0.8743,9.8406,5.0135,1.0300,0.8300,True,prescan_batch_0001.csv
773,477c5752-848a-45ec-b2ee-d0bbae47e4e6.json,0,Cabinet.101,48,0.7243,0.8743,-2.2335,2.7657,1.0000,0.8000,True,prescan_batch_0001.csv
774,58f50300-29d7-4cd9-ba5e-335994c89672.json,0,Cabinet.101,48,0.7243,0.8743,-2.3811,2.3127,1.0000,0.8000,True,prescan_batch_0002.csv
775,a05b51d1-bfea-4553-a903-dd1b74e35005.json,0,Cabinet.122,48,0.7243,0.8743,-4.8122,1.5034,1.0000,0.8000,True,prescan_batch_0004.csv
776,b25da18f-4165-4ddc-a6f6-a5a84066bc22.json,0,Cabinet.014,48,0.7243,0.8743,2.6621,0.8298,1.0000,0.8000,True,prescan_batch_0004.csv
777,e26c445d-56db-4758-92be-ae5a48e023b6.json,0,Cabinet.091,48,0.7243,0.8743,-4.8252,-4.2066,1.0000,0.8000,True,prescan_batch_0006.csv
778,5ca2854f-76fd-42d9-bb91-678c541e6e99.json,0,Cabinet.115,48,0.7242,0.8742,-4.3800,-3.2940,1.0370,0.8370,True,prescan_batch_0002.csv
779,b9301a72-5a7b-4ab3-bcf4-aa7f67112747.json,0,Cabinet.110,48,0.7239,0.8739,0.4522,-4.9244,1.0000,0.8000,True,prescan_batch_0004.csv
780,5c8e6bc5-c29e-4ac3-813e-df2145b20c69.json,0,Cabinet.016,48,0.7236,0.8736,5.0960,0.7459,0.9800,0.7800,True,prescan_batch_0002.csv
781,21e417a7-6b31-4ce8-9e37-5423b081777f.json,0,Cabinet.004,48,0.7230,0.8730,3.9674,-3.4318,0.9800,0.7800,True,prescan_batch_0000.csv
782,15239adb-29d9-4e61-a6ea-8ff199b8d4aa.json,0,Cabinet.039,48,0.7229,0.8729,1.2975,-3.9047,1.0370,0.8370,True,prescan_batch_0000.csv
783,19bc233c-d867-4ce4-96d7-be8d25be02ae.json,0,Cabinet.099,48,0.7229,0.8729,-0.0074,-4.5487,1.0370,0.8370,True,prescan_batch_0000.csv
784,5abdcc3b-e1c0-42ce-ad5e-cb51e87b2e61.json,0,Cabinet.095,48,0.7229,0.8729,-0.9689,-4.7652,1.0370,0.8370,True,prescan_batch_0002.csv
785,7f73cd78-2b0e-457f-a2e6-1bc7405e77b4.json,0,Cabinet.026,48,0.7229,0.8729,-2.1774,-2.5445,1.0370,0.8370,True,prescan_batch_0003.csv
786,8f582a66-ba22-4e67-897d-d6af39a4c760.json,0,Cabinet.138,48,0.7229,0.8729,-1.7516,-3.2871,1.0370,0.8370,True,prescan_batch_0003.csv
787,cd44195e-94a0-4e44-80e6-976cad1ddcb4.json,0,Cabinet.066,48,0.7229,0.8729,-5.0346,-2.0693,1.0370,0.8370,True,prescan_batch_0005.csv
788,0b16abb1-4a59-4ce3-85b5-8ec10440d9dd.json,0,Cabinet.003,48,0.7222,0.8722,-3.8524,-2.7181,0.9800,0.7800,True,prescan_batch_0000.csv
789,a8c46862-3af3-466a-b5b7-a38fe9965a83.json,0,Cabinet.122,48,0.7221,0.8721,-4.7552,-4.2978,1.0000,0.8000,True,prescan_batch_0004.csv
790,ee5aedcc-fd1e-4de2-93f1-dac088683d96.json,0,Cabinet.043,48,0.7221,0.8721,7.2145,0.6299,1.0370,0.8370,True,prescan_batch_0006.csv
791,1d58e654-b0c2-4a5c-a1b1-ba34eb31b380.json,0,Cabinet.255,48,0.7218,0.8718,-0.7958,-3.2843,1.0000,0.8000,True,prescan_batch_0000.csv
792,42c087e2-924a-406b-aee9-8aa9c57d9d8b.json,0,Cabinet.067,48,0.7209,0.8709,2.0880,-6.2154,1.0370,0.8370,True,prescan_batch_0001.csv
793,8563478a-b3c7-482c-850f-910502fd4e6a.json,0,Cabinet.004,48,0.7208,0.8708,4.7326,-4.7961,0.9800,0.7800,True,prescan_batch_0003.csv
794,3aafcdbc-bdc5-45f8-9da7-4cccc696a373.json,0,Cabinet.009,48,0.7202,0.8702,-1.7715,-4.7241,0.9800,0.7800,True,prescan_batch_0001.csv
795,1b62dffb-e175-4e29-8cf7-8b019d817dcc.json,0,Cabinet.177,48,0.7201,0.8701,6.6047,-0.6206,1.0000,0.8000,True,prescan_batch_0000.csv
796,e4874b32-dbf7-48ae-84e1-bbcf47a528e7.json,0,Cabinet.066,48,0.7189,0.8689,4.0433,-1.6842,1.0370,0.8370,True,prescan_batch_0006.csv
797,c688bc29-7b1e-4d38-8efe-74ebb1f08a23.json,0,Cabinet.088,48,0.7181,0.8681,-1.1852,-4.5761,1.0000,0.8000,True,prescan_batch_0005.csv
798,04684207-3d45-4d33-bd9d-0f66c9a45402.json,0,Cabinet.029,48,0.7180,0.8680,-1.5844,-3.1722,1.0000,0.8000,True,prescan_batch_0000.csv
799,18713f46-41c9-4638-8c60-6784961a282b.json,0,Cabinet.004,48,0.7180,0.8680,-3.0852,-4.9060,0.9800,0.7800,True,prescan_batch_0000.csv
800,3aeb9e80-dc12-4d5a-b76d-5c886a7782c7.json,0,Cabinet.014,48,0.7178,0.8678,-0.7177,6.9808,0.9800,0.7800,True,prescan_batch_0001.csv
801,43f7c2b8-5eed-4aa6-ae66-8cb06a47148e.json,0,Cabinet.020,48,0.7178,0.8678,0.4060,-1.0097,0.9950,0.7950,True,prescan_batch_0001.csv
802,57326477-285a-4bc1-8fa9-9363f78473e3.json,0,Cabinet.088,48,0.7175,0.8675,-1.3338,-4.5559,1.0000,0.8000,True,prescan_batch_0002.csv
803,d9eb740a-ef9b-41f5-8fe9-09200a8702d4.json,0,Cabinet.010,48,0.7175,0.8675,0.3842,1.8708,0.9950,0.7950,True,prescan_batch_0005.csv
804,6f061ec6-5298-457a-8be9-66e917cdca78.json,0,Cabinet.071,48,0.7174,0.8674,16.9544,13.6285,1.0000,0.8000,True,prescan_batch_0002.csv
805,51752b29-2b66-4741-a670-1a729ac00aa2.json,0,Cabinet.074,48,0.7168,0.8668,-2.8427,-3.3057,1.0370,0.8370,True,prescan_batch_0002.csv
806,941ef7a8-cddf-4de3-a06f-4a110f0c586a.json,0,Cabinet.001,48,0.7166,0.8666,0.4160,-4.9742,0.9950,0.7950,True,prescan_batch_0003.csv
807,38bfcfd5-354d-4266-9f2e-c04e2b889a50.json,0,Cabinet.047,48,0.7165,0.8665,3.8164,2.3960,1.0020,0.8020,True,prescan_batch_0001.csv
808,e534fb8b-1a40-48a6-a895-07ea15c5e3fe.json,0,Cabinet.051,48,0.7162,0.8662,0.4755,-3.7862,1.0370,0.8370,True,prescan_batch_0006.csv
809,69db2776-b0aa-47c1-8877-9ca6e04f6f6b.json,0,Cabinet.087,48,0.7155,0.8655,2.8367,-5.1621,0.9000,0.7000,True,prescan_batch_0002.csv
810,8ebedf3c-95c6-41f5-9b06-7b8c5dffd4d1.json,0,Cabinet.001,48,0.7155,0.8655,4.1079,-2.7689,0.9950,0.7950,True,prescan_batch_0003.csv
811,f378812e-7afa-4eba-ab73-e537abb57780.json,0,Cabinet.003,48,0.7152,0.8652,1.3851,2.6893,0.9800,0.7800,True,prescan_batch_0006.csv
812,ef9cb594-07e6-42a2-a5c2-bd899df8104e.json,0,Cabinet.416,48,0.7148,0.8648,-1.3624,1.8022,1.0370,0.8370,True,prescan_batch_0006.csv
813,67a4135c-c9d3-4c90-9c01-359d9c583e74.json,0,Cabinet.011,48,0.7147,0.8647,3.0413,3.9230,0.9800,0.7800,True,prescan_batch_0002.csv
814,99fd1d4c-1da6-4e4b-a469-30eaa6f5befb.json,0,Cabinet.079,48,0.7142,0.8642,-0.8719,-3.3522,1.0313,0.8313,True,prescan_batch_0004.csv
815,c23b1aa8-3e99-4598-8171-7f10483da1c9.json,0,Cabinet.074,48,0.7140,0.8640,0.7187,-4.2985,1.0370,0.8370,True,prescan_batch_0005.csv
816,df479260-9859-4651-9091-49c4662daad7.json,0,Cabinet.088,48,0.7140,0.8640,-1.2764,-4.8195,1.0000,0.8000,True,prescan_batch_0005.csv
817,19c91c8f-02fc-44d9-b275-84c32f0572ad.json,0,Cabinet.206,48,0.7136,0.8636,-8.0642,6.3548,1.0370,0.8370,True,prescan_batch_0000.csv
818,ec01eea8-8fd5-4de5-bba3-e91f525ea4c0.json,0,Cabinet.050,48,0.7136,0.8636,1.6829,-2.8735,1.0370,0.8370,True,prescan_batch_0006.csv
819,8422cae1-c835-4703-aa9d-b15c8824bbc3.json,0,Cabinet.010,48,0.7135,0.8635,-1.3234,-1.7344,0.9950,0.7950,True,prescan_batch_0003.csv
820,f081f259-c8d0-4745-974c-0e99b28b7e93.json,0,Cabinet.001,48,0.7135,0.8635,1.4981,-4.4918,0.9950,0.7950,True,prescan_batch_0006.csv
821,6c07958d-82be-4222-a7dd-4877a417bc8d.json,0,Cabinet.001,48,0.7133,0.8633,-0.7220,6.3100,0.9950,0.7950,True,prescan_batch_0002.csv
822,2f62a0aa-8ab9-44ae-afef-87185806fa3c.json,0,Cabinet.316,48,0.7131,0.8631,-1.4468,-5.6002,1.0220,0.8220,True,prescan_batch_0001.csv
823,9f95c9f8-3e85-4409-a803-807656b46bb2.json,0,Cabinet.092,48,0.7128,0.8628,-2.0190,-2.5971,0.9000,0.7000,True,prescan_batch_0004.csv
824,c5fa1ad1-cf77-4108-801c-97074d8279ab.json,0,Cabinet.008,48,0.7126,0.8626,-1.3979,2.3188,0.9950,0.7950,True,prescan_batch_0005.csv
825,4c56cd92-0b8d-4497-b5bb-42043a617e8b.json,0,Cabinet.095,48,0.7119,0.8619,3.1688,-4.5921,1.0220,0.8220,True,prescan_batch_0002.csv
826,64065c1c-d611-48c2-9c1b-36bea93f8cba.json,0,Cabinet.087,48,0.7119,0.8619,4.4558,4.2341,1.0220,0.8220,True,prescan_batch_0002.csv
827,a4e92ea1-e0b9-4ccf-ac6b-c3e8c9d6e9ef.json,0,Cabinet.011,48,0.7119,0.8619,1.8433,2.9907,0.9800,0.7800,True,prescan_batch_0004.csv
828,83261694-9e42-4893-aab9-9d2c669490a8.json,0,Cabinet.003,48,0.7118,0.8618,5.4850,4.2477,0.9800,0.7800,True,prescan_batch_0003.csv
829,5150b934-a2fd-4afb-b738-b6a20703d00d.json,0,Cabinet.009,48,0.7117,0.8617,1.2432,-4.2395,0.9800,0.7800,True,prescan_batch_0002.csv
830,fccff354-2cab-40b8-9b88-190ccbcd8a4e.json,0,Cabinet.095,48,0.7117,0.8617,3.4342,-5.2057,1.0220,0.8220,True,prescan_batch_0006.csv
831,25d6c716-6581-4323-aebc-ea78ddf97301.json,0,Cabinet.067,48,0.7115,0.8615,3.2809,-3.1491,1.0000,0.8000,True,prescan_batch_0001.csv
832,ceabd33a-d3dd-4500-9f44-a65fb285bff2.json,0,Cabinet.013,48,0.7114,0.8614,-0.3311,3.0974,0.9800,0.7800,True,prescan_batch_0005.csv
833,ff08fb34-a3a4-495d-955b-a621cac7cba8.json,0,Cabinet.081,48,0.7113,0.8613,0.4563,-6.2411,1.0000,0.8000,True,prescan_batch_0006.csv
834,5d4dcc9f-7302-4395-a029-f8f517b2a0f8.json,0,Cabinet.117,48,0.7108,0.8608,-4.3908,-3.3652,1.0000,0.8000,True,prescan_batch_0002.csv
835,103aa1f7-93f7-41d7-8f19-df5c073a4d87.json,0,Cabinet.001,48,0.7106,0.8606,4.1671,1.4985,0.9950,0.7950,True,prescan_batch_0000.csv
836,db16a13e-2960-4bd3-a8ba-167a00e3ac8f.json,0,Cabinet.045,48,0.7106,0.8606,1.7082,-2.9053,1.0220,0.8220,True,prescan_batch_0005.csv
837,26bc9037-7ff2-477b-b80a-08befb9d261e.json,0,Cabinet.015,48,0.7100,0.8600,3.0821,-4.0429,0.9800,0.7800,True,prescan_batch_0001.csv
838,ed9eb96f-9366-485c-aa68-2512ab380096.json,0,Cabinet.069,48,0.7096,0.8596,1.8230,-3.4053,1.0000,0.8000,True,prescan_batch_0006.csv
839,4187a2e9-4ade-4933-acf2-db951ba7c3fd.json,0,Cabinet.132,48,0.7090,0.8590,-4.1164,2.5595,1.0000,0.8000,True,prescan_batch_0001.csv
840,1363cbfe-9652-4658-9f4b-f352bd675453.json,0,Cabinet.090,48,0.7088,0.8588,-1.0829,4.3299,1.0370,0.8370,True,prescan_batch_0000.csv
841,eb014623-6b94-4fb0-b33d-39773cb0cd8c.json,0,Cabinet.125,48,0.7087,0.8587,8.1854,9.4451,1.0000,0.8000,True,prescan_batch_0006.csv
842,068b2b34-52cb-4499-b33e-b777e632e4a1.json,0,Cabinet.013,48,0.7085,0.8585,2.5623,-4.4406,0.9800,0.7800,True,prescan_batch_0000.csv
843,18bc0787-1a02-44a9-921b-f75bbbf65b9a.json,0,Cabinet.030,48,0.7083,0.8583,-4.7808,0.7365,1.0000,0.8000,True,prescan_batch_0000.csv
844,574e5085-0f12-43c4-8254-59d8408c0c27.json,0,Cabinet.093,48,0.7077,0.8577,2.8233,-8.4705,1.0220,0.8220,True,prescan_batch_0002.csv
845,cb0886aa-598e-4acb-a5f9-5740e098c7e3.json,0,Cabinet.004,48,0.7075,0.8575,-1.5226,-0.8033,0.9800,0.7800,True,prescan_batch_0005.csv
846,17acbeb0-42a8-4d1f-8ee5-a8494e3722d7.json,0,Cabinet.100,48,0.7069,0.8569,-6.3832,-3.9274,1.0000,0.8000,True,prescan_batch_0000.csv
847,408949e0-59c3-4e26-90d7-b65237f491b4.json,0,Cabinet.018,48,0.7067,0.8567,-3.0061,-4.1044,0.9800,0.7800,True,prescan_batch_0001.csv
848,840b6449-732f-45c8-bad8-9d1b4f27768c.json,0,Cabinet.060,48,0.7066,0.8566,2.1530,-1.6827,1.0000,0.8000,True,prescan_batch_0003.csv
849,e659092e-6b62-40b4-a6e0-26801c6b7fcf.json,0,Cabinet.012,48,0.7066,0.8566,5.4622,-1.9785,0.9950,0.7950,True,prescan_batch_0006.csv
850,e43620b4-b1d6-4e7b-9e87-cf4835a91370.json,0,Cabinet.054,48,0.7064,0.8564,-2.8279,8.2930,1.0370,0.8370,True,prescan_batch_0006.csv
851,15669288-4a23-49e3-b586-9822b27fc3c9.json,0,Cabinet.009,48,0.7063,0.8563,-5.1701,-2.4478,0.9800,0.7800,True,prescan_batch_0000.csv
852,36cf5620-674c-4a4b-b4de-1a1038e6e287.json,0,Cabinet.010,48,0.7055,0.8555,4.2023,3.1413,0.9950,0.7950,True,prescan_batch_0001.csv
853,5c4eba53-f5fa-4669-9e52-6f2a7a1919fb.json,0,Cabinet.092,48,0.7054,0.8554,-5.0639,-4.2859,1.0000,0.8000,True,prescan_batch_0002.csv
854,122783c6-2e29-430f-9e44-0ea3f73835c0.json,0,Cabinet.003,48,0.7052,0.8552,1.5118,-5.1355,0.9800,0.7800,True,prescan_batch_0000.csv
855,285b3ba8-3c18-44ae-8d99-6601d44d1ab7.json,0,Cabinet.070,48,0.7052,0.8552,3.8930,1.9071,1.0370,0.8370,True,prescan_batch_0001.csv
856,2b4ad8be-6aad-48a7-b7cb-5f48463a5aea.json,0,Cabinet.012,48,0.7047,0.8547,3.3597,1.7538,0.9800,0.7800,True,prescan_batch_0001.csv
857,62062aeb-6bf3-4b6b-964c-94583cb1e030.json,0,Cabinet.102,48,0.7047,0.8547,24.4411,2.5119,1.0000,0.8000,True,prescan_batch_0002.csv
858,c1d1893e-86a3-4a1f-a0bb-1b5104461b5a.json,0,Cabinet.001,48,0.7035,0.8535,4.1783,1.8591,0.9950,0.7950,True,prescan_batch_0005.csv
859,f66b2c1a-997a-48f3-bde5-4d50bbd87b15.json,0,Cabinet.017,48,0.7033,0.8533,-4.2995,1.5700,0.9800,0.7800,True,prescan_batch_0006.csv
860,1c36e327-2733-4f9d-a270-06c172052031.json,0,Cabinet.080,48,0.7030,0.8530,2.9778,0.3105,0.9500,0.7500,True,prescan_batch_0000.csv
861,199658c9-c2b1-4c98-aa80-807ab817c21f.json,0,Cabinet.074,48,0.7028,0.8528,-2.8505,-3.2946,1.0370,0.8370,True,prescan_batch_0000.csv
862,177baa22-21a7-4d8b-91df-a6934117160c.json,0,Cabinet.138,48,0.7024,0.8524,6.7069,0.6342,1.0370,0.8370,True,prescan_batch_0000.csv
863,d15f5658-c053-4d7b-b8f9-b1f8ce4d226a.json,0,Cabinet.012,48,0.7021,0.8521,-0.2268,-5.3306,0.9950,0.7950,True,prescan_batch_0005.csv
864,43b74fcd-363a-4cf5-9bb3-4444768c589c.json,0,Cabinet.030,48,0.7020,0.8520,6.9105,0.8636,1.0000,0.8000,True,prescan_batch_0001.csv
865,9af467c6-d6ee-4530-a48f-87d4f942ac04.json,0,Cabinet.054,48,0.7014,0.8514,-4.8630,2.4952,1.0000,0.8000,True,prescan_batch_0004.csv
866,d5e74bf6-6488-481f-8afa-6f5828d7afe8.json,0,Cabinet.084,48,0.7008,0.8508,-5.0354,0.6300,1.0000,0.8000,True,prescan_batch_0005.csv
867,fa4d27ff-6744-4a6d-bf11-55e0cd169d65.json,0,Cabinet.066,48,0.7007,0.8507,-5.4871,-0.7872,1.0000,0.8000,True,prescan_batch_0006.csv
868,69cc1796-5e17-43c1-9dc8-e5193206eba2.json,0,Cabinet.049,48,0.7006,0.8506,-3.9652,4.0652,1.0220,0.8220,True,prescan_batch_0002.csv
869,6f6fa1bc-e308-47c8-9dae-549369f87603.json,0,Cabinet.067,48,0.7005,0.8505,-5.9298,4.1996,1.0220,0.8220,True,prescan_batch_0002.csv
870,50359138-c356-4b6a-89ab-b69f1ceb8167.json,0,Cabinet.013,48,0.7003,0.8503,0.4968,-5.1922,0.9800,0.7800,True,prescan_batch_0002.csv
871,47bdd0ae-6956-469e-954b-680655c6252b.json,0,Cabinet.049,48,0.7002,0.8502,1.9668,-3.0947,1.0220,0.8220,True,prescan_batch_0001.csv
872,7febc537-1b46-457c-a4e3-ed8df3afbb90.json,0,Cabinet.108,48,0.7002,0.8502,-1.8614,-6.7460,1.0220,0.8220,True,prescan_batch_0003.csv
873,ba35bae5-34ab-42de-941c-9f8a73b1beb7.json,0,Cabinet.042,48,0.7002,0.8502,1.1483,-3.9423,1.0220,0.8220,True,prescan_batch_0004.csv
874,e1ade7a0-9d88-4394-b0ca-7ac957e7facb.json,0,Cabinet.011,48,0.7001,0.8501,2.4312,0.6463,0.9800,0.7800,True,prescan_batch_0006.csv
875,1498c6cf-a99d-4558-bcc0-171ff8cc427f.json,0,Cabinet.193,48,0.7000,0.8500,-2.0326,-1.3749,1.0370,0.8370,True,prescan_batch_0000.csv
876,e0435e6d-85c6-497b-a7d6-2e5463b9d3f6.json,0,Cabinet.013,48,0.6995,0.8495,-4.1614,1.0286,0.9800,0.7800,True,prescan_batch_0005.csv
877,5e004059-c7c4-44e2-99bb-93f7ec7b5b46.json,0,Cabinet.014,48,0.6994,0.8494,-0.9091,-2.8763,0.9800,0.7800,True,prescan_batch_0002.csv
878,b5bf1be6-ce97-4e98-9f8e-0018f9e5e704.json,0,Cabinet.015,48,0.6990,0.8490,4.0980,-2.1375,0.9800,0.7800,True,prescan_batch_0004.csv
879,888f874b-0676-46f9-934e-1786cc6f5030.json,0,Cabinet.088,48,0.6988,0.8488,-1.0521,-4.5957,1.0000,0.8000,True,prescan_batch_0003.csv
880,8af8fb11-3902-4f41-82a4-c90fc1f513b0.json,0,Cabinet.132,48,0.6985,0.8485,-3.7241,2.2377,1.0000,0.8000,True,prescan_batch_0003.csv
881,9f787e94-23c0-44ec-a98b-ca7d2503d030.json,0,Cabinet.119,48,0.6980,0.8480,1.8365,-5.3906,1.0500,0.8500,True,prescan_batch_0004.csv
882,822213ac-e850-4189-ae92-5a9e0946be04.json,0,Cabinet.010,48,0.6974,0.8474,-1.0583,-4.4006,0.9950,0.7950,True,prescan_batch_0003.csv
883,e111dcdb-094b-4adb-bcce-1db491755d7b.json,0,Cabinet.101,48,0.6971,0.8471,-0.0492,-4.4851,1.0000,0.8000,True,prescan_batch_0005.csv
884,393e9998-9fdf-40a3-8943-aa818e3d3216.json,0,Cabinet.011,48,0.6968,0.8468,5.3094,-0.5010,0.9800,0.7800,True,prescan_batch_0001.csv
885,196e54d2-aaa6-4c14-90b1-d13d996e5a30.json,0,Cabinet.011,48,0.6959,0.8459,-3.7620,3.4556,0.9800,0.7800,True,prescan_batch_0000.csv
886,333c205b-df97-4ff8-a657-2314392bb5be.json,0,Cabinet.078,48,0.6959,0.8459,0.8431,-4.4329,1.0000,0.8000,True,prescan_batch_0001.csv
887,1461e76a-e71c-4b77-9ce2-75470fd35c14.json,0,Cabinet.064,48,0.6956,0.8456,-1.0772,1.6330,1.0000,0.8000,True,prescan_batch_0000.csv
888,e22025ac-49ae-4e4b-907d-99f7053e98fd.json,0,Cabinet.025,48,0.6956,0.8456,-4.0518,2.5425,1.0000,0.8000,True,prescan_batch_0006.csv
889,ee2c0ae0-2f44-4e83-80ff-bffcace07edb.json,0,Cabinet.053,48,0.6953,0.8453,-3.5079,0.9337,1.0370,0.8370,True,prescan_batch_0006.csv
890,665a5c8c-111c-47da-81f5-daad02321c46.json,0,Cabinet.013,48,0.6950,0.8450,0.0460,-4.3737,0.9800,0.7800,True,prescan_batch_0002.csv
891,d8975489-bc24-4406-981b-718eacaebea8.json,0,Cabinet.001,48,0.6950,0.8450,3.6067,-2.2227,0.9950,0.7950,True,prescan_batch_0005.csv
892,c0043cd0-d1e2-430e-b273-b97e9c76e5ed.json,0,Cabinet.088,48,0.6949,0.8449,0.6384,-4.1002,1.0220,0.8220,True,prescan_batch_0005.csv
893,706922ae-ac4e-4495-af82-91ffa695bff2.json,0,Cabinet.010,48,0.6948,0.8448,-0.0221,-2.9406,0.9800,0.7800,True,prescan_batch_0003.csv
894,21c3b027-c6b7-480c-9933-d519eefab02d.json,0,Cabinet.010,48,0.6945,0.8445,0.8964,-3.2704,0.9800,0.7800,True,prescan_batch_0000.csv
895,9c8f3906-2496-4648-bf73-68538caed694.json,0,Cabinet.051,48,0.6942,0.8442,-3.1946,0.9487,1.0000,0.8000,True,prescan_batch_0004.csv
896,d7f64e9f-8b7d-4b1f-af04-83123aa1cabc.json,0,Cabinet.063,48,0.6938,0.8438,0.5322,-0.7664,1.0370,0.8370,True,prescan_batch_0005.csv
897,676675bd-df42-4951-afca-7d39a70af0da.json,0,Cabinet.004,48,0.6937,0.8437,-5.5318,-0.9072,0.9800,0.7800,True,prescan_batch_0002.csv
898,bc51f3c3-2ed0-45da-9b28-18b6f6dfe677.json,0,Cabinet.154,48,0.6936,0.8436,1.8107,-3.7966,1.0000,0.8000,True,prescan_batch_0005.csv
899,5f501905-6bb6-497e-bd13-59d2478416ad.json,0,Cabinet.012,48,0.6934,0.8434,-4.3972,-2.3415,0.9800,0.7800,True,prescan_batch_0002.csv
900,d3dbe530-1eac-4374-a97c-93f073071a60.json,0,Cabinet.011,48,0.6926,0.8426,2.5211,2.1990,0.9800,0.7800,True,prescan_batch_0005.csv
901,36ff476f-9fa4-4bc8-a545-75954191b1a3.json,0,Cabinet.012,48,0.6922,0.8422,-2.4289,-4.0364,0.9950,0.7950,True,prescan_batch_0001.csv
902,22f0bc8d-51b1-470b-b153-50f1a0c4173c.json,0,Cabinet.094,48,0.6921,0.8421,-4.8615,-3.8919,1.0158,0.8158,True,prescan_batch_0000.csv
903,8ffad8ff-f37e-4939-b62b-9814a1e72b69.json,0,Corner/Side Table.001,72,0.6921,0.8421,7.9995,1.0742,1.3985,1.1985,True,prescan_batch_0003.csv
904,ccb37ec7-dd9b-4f64-b349-a552e43673b2.json,0,Cabinet.023,48,0.6921,0.8421,-4.2872,2.4524,1.0370,0.8370,True,prescan_batch_0005.csv
905,b131f670-f73a-4210-8601-04810ae172c0.json,0,Cabinet.054,48,0.6916,0.8416,2.9666,4.0847,1.0220,0.8220,True,prescan_batch_0004.csv
906,87405d54-01d4-4300-92d2-13fb00a81df3.json,0,Cabinet.004,48,0.6911,0.8411,-4.7681,-0.2798,0.9800,0.7800,True,prescan_batch_0003.csv
907,c69b9977-decf-4f27-b1eb-da633f72cdae.json,0,Cabinet.003,48,0.6910,0.8410,-3.2205,-3.0560,0.9800,0.7800,True,prescan_batch_0005.csv
908,d3023522-1154-47e5-8ebd-a01528a0b8a4.json,0,Cabinet.015,48,0.6909,0.8409,-1.9776,-5.5463,0.9800,0.7800,True,prescan_batch_0005.csv
909,a38c6892-4aad-4e6d-b7e5-ffd31b5bd659.json,0,Cabinet.008,48,0.6907,0.8407,0.3289,3.2509,0.9950,0.7950,True,prescan_batch_0004.csv
910,01832fd4-ab39-461a-8ba7-7a65e7e5fef8.json,0,Cabinet.030,48,0.6906,0.8406,0.8552,0.8934,1.0370,0.8370,True,prescan_batch_0000.csv
911,0419bc7b-5bd0-47fc-802a-69c21ee0c80b.json,0,Cabinet.014,48,0.6906,0.8406,-1.6207,2.1239,0.9950,0.7950,True,prescan_batch_0000.csv
912,3016ecbb-ddfd-4a33-a2db-0245e539ac6e.json,0,Cabinet.090,48,0.6905,0.8405,-1.2039,-1.7939,1.0370,0.8370,True,prescan_batch_0001.csv
913,a05e66a1-defc-480f-a0f1-cecfea549c15.json,0,Cabinet.094,48,0.6904,0.8404,0.1628,4.6812,1.0870,0.8870,True,prescan_batch_0004.csv
914,afaffb7a-d00b-4d21-8d9a-ed6df3023d70.json,0,Cabinet.078,48,0.6904,0.8404,-4.0284,-5.8065,1.0000,0.8000,True,prescan_batch_0004.csv
915,e8ab029f-1144-4c2b-a139-4d5d97c3724c.json,0,Cabinet.091,48,0.6897,0.8397,-1.1003,-4.1201,1.0220,0.8220,True,prescan_batch_0006.csv
916,29df2f75-d808-4034-9eac-37333ee86e20.json,0,Cabinet.113,48,0.6896,0.8396,2.7155,-1.9663,1.0220,0.8220,True,prescan_batch_0001.csv
917,2f5da0b3-fa2f-4bd4-aa1f-6d49073c7b90.json,0,Cabinet.013,48,0.6896,0.8396,-4.3839,-4.0531,0.9800,0.7800,True,prescan_batch_0001.csv
918,30969383-175f-409f-adb5-c35fa41b73bc.json,0,Cabinet.013,48,0.6896,0.8396,-0.9120,-0.1131,0.9800,0.7800,True,prescan_batch_0001.csv
919,347dcefd-c4ad-4d24-b9fa-88bd5573ed5e.json,0,Cabinet.011,48,0.6896,0.8396,-0.2093,-1.4034,0.9800,0.7800,True,prescan_batch_0001.csv
920,3f4bdfd2-1c63-435d-9482-6dce589f6a5f.json,0,Cabinet.080,48,0.6896,0.8396,-10.0209,-4.9711,1.0220,0.8220,True,prescan_batch_0001.csv
921,4b1f7e33-328b-4555-83cf-c8b872430dd9.json,0,Cabinet.065,48,0.6896,0.8396,2.1579,-5.8837,1.0220,0.8220,True,prescan_batch_0002.csv
922,4e307a7e-f510-4aca-ba9e-8328b05abe3f.json,0,Cabinet.134,48,0.6896,0.8396,-1.7899,-5.6692,1.0220,0.8220,True,prescan_batch_0002.csv
923,50519e1e-1355-41f3-b092-6256d2ce205f.json,0,Cabinet.011,48,0.6896,0.8396,-3.8324,-2.3896,0.9800,0.7800,True,prescan_batch_0002.csv
924,551be300-b549-4cc2-8454-06cfd558bab0.json,0,Cabinet.011,48,0.6896,0.8396,-3.1285,-5.1107,0.9800,0.7800,True,prescan_batch_0002.csv
925,5b548a2b-4e7c-4d2c-9655-c54818ffe934.json,0,Cabinet.011,48,0.6896,0.8396,-4.9547,0.8314,0.9800,0.7800,True,prescan_batch_0002.csv
926,60f370ab-55b2-43a0-9dd4-fefea294ab5c.json,0,Cabinet.013,48,0.6896,0.8396,4.1429,1.1301,0.9800,0.7800,True,prescan_batch_0002.csv
927,640cbd2f-7f51-4208-80a4-8f91308cbd1e.json,0,Cabinet.051,48,0.6896,0.8396,0.4834,-4.6113,1.0220,0.8220,True,prescan_batch_0002.csv
928,6ae4511d-5a72-45f3-af6e-2ddbf8fbe0b9.json,0,Cabinet.011,48,0.6896,0.8396,-3.6154,-0.5734,0.9800,0.7800,True,prescan_batch_0002.csv
929,6fb2b02c-b119-4304-aab5-383794defa1f.json,0,Cabinet.003,48,0.6896,0.8396,-2.1946,-5.6670,0.9800,0.7800,True,prescan_batch_0003.csv
930,80def5d0-c5bf-4a24-8ca9-5185d8002817.json,0,Cabinet.003,48,0.6896,0.8396,3.4816,-3.1613,0.9800,0.7800,True,prescan_batch_0003.csv
931,88016ddc-b38b-4baa-85fe-58bfabc15de2.json,0,Cabinet.004,48,0.6896,0.8396,-0.7055,-4.5428,0.9800,0.7800,True,prescan_batch_0003.csv
932,884069da-a0e2-4f44-bb7d-63da58b183fc.json,0,Cabinet.004,48,0.6896,0.8396,0.8974,-5.1978,0.9800,0.7800,True,prescan_batch_0003.csv
933,8acf1f20-d5c7-4984-b86a-f5947938b634.json,0,Cabinet.004,48,0.6896,0.8396,-1.4136,1.6609,0.9800,0.7800,True,prescan_batch_0003.csv
934,a5ce6a3a-1398-44bb-bd4d-c71c0a80a2c4.json,0,Cabinet.009,48,0.6896,0.8396,3.7130,-5.7056,0.9800,0.7800,True,prescan_batch_0004.csv
935,adba4ec7-db62-4817-ba9f-b99eefdb0187.json,0,Cabinet.003,48,0.6896,0.8396,5.8263,2.7114,0.9800,0.7800,True,prescan_batch_0004.csv
936,ae8d145b-5c7c-4970-a4b6-7855e64ea4eb.json,0,Cabinet.010,48,0.6896,0.8396,-3.8093,-4.3509,0.9800,0.7800,True,prescan_batch_0004.csv
937,b1666056-97cd-41f8-947f-06147f148f10.json,0,Cabinet.016,48,0.6896,0.8396,-0.4448,-3.0391,0.9800,0.7800,True,prescan_batch_0004.csv
938,bb638c99-838b-49ac-9e26-28f6c258867d.json,0,Cabinet.004,48,0.6896,0.8396,-3.4996,4.2388,0.9800,0.7800,True,prescan_batch_0004.csv
939,bba88638-174f-4d97-82bf-0a26677d8e1a.json,0,Cabinet.160,48,0.6896,0.8396,9.4556,-2.6330,1.0220,0.8220,True,prescan_batch_0005.csv
940,c33366ef-4801-4764-8ad5-ebbf2e36337a.json,0,Cabinet.004,48,0.6896,0.8396,-5.4679,-2.2360,0.9800,0.7800,True,prescan_batch_0005.csv
941,c4b7a244-62f4-4dd5-a665-95382668ca42.json,0,Cabinet.003,48,0.6896,0.8396,-0.1034,0.1688,0.9800,0.7800,True,prescan_batch_0005.csv
942,cdf2cf2f-6cc4-40a7-b8a6-e0cd078c210b.json,0,Cabinet.003,48,0.6896,0.8396,1.0298,-3.6740,0.9800,0.7800,True,prescan_batch_0005.csv
943,d6a8a0b4-7468-44bb-8268-7db948055a4b.json,0,Cabinet.004,48,0.6896,0.8396,-2.3544,-1.0527,0.9800,0.7800,True,prescan_batch_0005.csv
944,db5a99c8-100b-415e-abe0-bb9dbf261972.json,0,Cabinet.020,48,0.6896,0.8396,0.6307,-2.5957,0.9800,0.7800,True,prescan_batch_0005.csv
945,e1722dbf-dce1-4409-aca6-bd0cc23bfd06.json,0,Cabinet.141,48,0.6896,0.8396,5.8440,2.0014,1.0220,0.8220,True,prescan_batch_0006.csv
946,e2d00f14-06f1-4b29-a9a1-f17618a2d7b7.json,0,Cabinet.004,48,0.6896,0.8396,3.8168,0.4071,0.9800,0.7800,True,prescan_batch_0006.csv
947,eb2abbb1-9a02-4614-aaad-d94a203d12f7.json,0,Cabinet.003,48,0.6896,0.8396,-2.4286,-3.9048,0.9800,0.7800,True,prescan_batch_0006.csv
948,f18ac5cc-b441-40b9-ac1e-a799bdb8cf15.json,0,Cabinet.003,48,0.6896,0.8396,4.3041,-1.0400,0.9800,0.7800,True,prescan_batch_0006.csv
949,08ee3c6d-a06d-451a-9241-09b050788d07.json,0,Cabinet.011,48,0.6895,0.8395,-2.1579,-1.5520,0.9800,0.7800,True,prescan_batch_0000.csv
950,7b994133-86bf-4bfe-a8fc-dc4d7cac7d9d.json,0,Cabinet.131,48,0.6889,0.8389,-1.0040,2.3260,1.0370,0.8370,True,prescan_batch_0003.csv
951,0abe65fc-108e-4f9b-a8ff-29758234b9ec.json,0,Cabinet.009,48,0.6888,0.8388,-1.3390,0.1990,0.9800,0.7800,True,prescan_batch_0000.csv
952,4cc749b8-1443-45d4-8363-59f9c5e114f0.json,0,Cabinet.056,48,0.6886,0.8386,1.9891,2.7073,1.0192,0.8192,True,prescan_batch_0002.csv
953,9629ce14-0f3f-4610-913b-d815eed1b7eb.json,0,Cabinet.010,48,0.6884,0.8384,-1.4839,-1.2328,0.9950,0.7950,True,prescan_batch_0003.csv
954,0ec2bffe-f8a9-4b36-96e3-0b56200dd722.json,0,Cabinet.003,48,0.6879,0.8379,-3.9650,5.0542,0.9800,0.7800,True,prescan_batch_0000.csv
955,eff72f0f-049a-47b3-8685-b1b6af535435.json,0,Cabinet.001,48,0.6877,0.8377,-2.6299,-1.4079,0.9950,0.7950,True,prescan_batch_0006.csv
956,7452348f-f1c9-48e1-ac3c-aa40334c87e3.json,0,Cabinet.005,48,0.6875,0.8375,-0.3819,-5.9031,0.9800,0.7800,True,prescan_batch_0003.csv
957,6b559865-d8ed-443f-b7bb-2c286cd7e58d.json,0,Cabinet.119,48,0.6874,0.8374,4.8748,3.7101,1.0220,0.8220,True,prescan_batch_0002.csv
958,d6d7d578-4589-4cbb-9638-06aa19061e13.json,0,Cabinet.102,48,0.6867,0.8367,24.4588,1.9333,1.0000,0.8000,True,prescan_batch_0005.csv
959,3cb81bcd-96c0-46d9-9aa1-89e0af6f98d2.json,0,Cabinet.010,48,0.6866,0.8366,1.3069,-3.6184,0.9950,0.7950,True,prescan_batch_0001.csv
960,4c5a5bb8-509b-4756-823a-13a13c1eae50.json,0,Cabinet.003,48,0.6865,0.8365,-5.4812,2.4532,0.9800,0.7800,True,prescan_batch_0002.csv
961,7c5d4d55-ecb4-486d-aff4-67e910b66b9e.json,0,Cabinet.016,48,0.6864,0.8364,-1.2304,-3.8151,0.9800,0.7800,True,prescan_batch_0003.csv
962,5bc3d107-c492-4f95-992c-02b77bf87ec1.json,0,Cabinet.062,48,0.6856,0.8356,-0.3685,-5.3351,1.0000,0.8000,True,prescan_batch_0002.csv
963,6d3301a6-0851-40da-a4b5-ffe5753bb936.json,0,Cabinet.003,48,0.6855,0.8355,-1.5098,-0.3207,0.9800,0.7800,True,prescan_batch_0002.csv
964,8115c36a-f798-4ed7-82c0-7f67a7888fbf.json,0,Cabinet.012,48,0.6849,0.8349,-0.8447,-1.9418,0.9800,0.7800,True,prescan_batch_0003.csv
965,0fdce50f-b5e6-4d43-909a-fbae7a64f508.json,0,Cabinet.025,48,0.6846,0.8346,2.6311,-5.4614,0.9800,0.7800,True,prescan_batch_0000.csv
966,4f2012c0-ec3b-4fff-9cd4-68c37fe42ea1.json,0,Cabinet.014,48,0.6821,0.8321,-4.3775,-4.8607,0.9800,0.7800,True,prescan_batch_0002.csv
967,e76449f3-2e35-4597-8382-bc258aaeae09.json,0,Cabinet.004,48,0.6818,0.8318,-1.0157,-4.4491,0.9800,0.7800,True,prescan_batch_0006.csv
968,113df359-12ee-4a36-ac63-b342d827e117.json,0,Cabinet.012,48,0.6816,0.8316,0.9068,2.2672,0.9950,0.7950,True,prescan_batch_0000.csv
969,c3f2cb53-f822-4385-b426-77d016a8e168.json,0,Cabinet.012,48,0.6814,0.8314,6.0264,6.6317,0.9950,0.7950,True,prescan_batch_0005.csv
970,d48b37da-9bd6-4232-84e5-b345d8be9daa.json,0,Cabinet.276,48,0.6814,0.8314,5.9191,2.6706,0.9920,0.7920,True,prescan_batch_0005.csv
971,1f79806e-ecb3-4dbe-a569-74164ef37d2a.json,0,Cabinet.079,48,0.6807,0.8307,5.0713,-4.1254,1.0000,0.8000,True,prescan_batch_0000.csv
972,3a88f9c1-9db1-4b97-a08e-c6bf36024363.json,0,Cabinet.090,48,0.6797,0.8297,-2.6100,2.1456,1.0220,0.8220,True,prescan_batch_0001.csv
973,7cb44194-7156-4c8f-94dc-3c0322833ef1.json,0,Cabinet.052,48,0.6794,0.8294,-2.7353,0.2143,1.0220,0.8220,True,prescan_batch_0003.csv
974,5e177e22-3ebb-4fae-84a6-d8e7f0411e5d.json,0,Cabinet.184,48,0.6784,0.8284,2.2884,1.9023,1.0220,0.8220,True,prescan_batch_0002.csv
975,4409ab36-f1e1-442c-8fbc-ff49638af1e8.json,0,Cabinet.013,48,0.6780,0.8280,5.7846,-2.7011,0.9800,0.7800,True,prescan_batch_0001.csv
976,c56d010b-bafb-44c5-a397-3cdfa2684f20.json,0,Cabinet.036,48,0.6776,0.8276,3.5249,-4.3854,1.0220,0.8220,True,prescan_batch_0005.csv
977,d94ce86e-907a-4f56-b8b0-c7c721767894.json,0,Cabinet.080,48,0.6770,0.8270,-8.9094,-4.2143,1.0370,0.8370,True,prescan_batch_0005.csv
978,1bd5e2a8-54f7-4f90-ade4-2ea965db13c2.json,0,Cabinet.073,48,0.6764,0.8264,4.9955,-0.0131,1.0000,0.8000,True,prescan_batch_0000.csv
979,54234f8f-0f41-47d8-911f-506320aa75c0.json,0,Cabinet.022,48,0.6762,0.8262,2.1495,-3.2576,0.9800,0.7800,True,prescan_batch_0002.csv
980,5b236270-8a39-448b-bdce-4dbffd103478.json,0,Cabinet.001,48,0.6761,0.8261,7.0275,-2.7205,0.9950,0.7950,True,prescan_batch_0002.csv
981,48812187-9207-4686-9f6e-e8e1e97eeabd.json,0,Cabinet.017,48,0.6760,0.8260,-1.8267,-4.1930,0.9800,0.7800,True,prescan_batch_0001.csv
982,afd1ec15-5319-47dc-b558-b6a86d448982.json,0,Cabinet.008,48,0.6755,0.8255,-1.6571,2.9190,0.9800,0.7800,True,prescan_batch_0004.csv
983,28a4671d-c8e8-4c58-b48d-97f4c2c7234c.json,0,Cabinet.103,48,0.6753,0.8253,3.9877,2.4381,1.0220,0.8220,True,prescan_batch_0001.csv
984,1c13c2e5-a73a-47ac-9706-bd565b761a53.json,0,Cabinet.027,48,0.6748,0.8248,-1.5429,-2.9272,0.9800,0.7800,True,prescan_batch_0000.csv
985,e0dda592-46be-4a3b-99dd-eb53713071c3.json,0,Cabinet.103,48,0.6745,0.8245,-1.9237,-1.8118,1.0000,0.8000,True,prescan_batch_0005.csv
986,cfa1fdec-fe33-4363-bce3-090c11a0a96b.json,0,Cabinet.144,48,0.6744,0.8244,2.9082,-2.5329,1.0000,0.8000,True,prescan_batch_0005.csv
987,2de27e8e-9388-4c17-8760-a8bdbe23931b.json,0,Cabinet.266,48,0.6736,0.8236,6.0002,0.8406,1.0370,0.8370,True,prescan_batch_0001.csv
988,51f6fc66-47b8-437c-a78d-03ad10afe859.json,0,Cabinet.012,48,0.6735,0.8235,6.5385,2.2822,0.9800,0.7800,True,prescan_batch_0002.csv
989,8c68b83d-ec0b-48f2-92ec-c0419b390733.json,0,Cabinet.054,48,0.6735,0.8235,-0.8954,0.8533,1.0081,0.8081,True,prescan_batch_0003.csv
990,28d8d63b-95bb-4993-bdf1-e1da13115118.json,0,Cabinet.166,48,0.6732,0.8232,0.5693,-4.4691,1.0870,0.8870,True,prescan_batch_0001.csv
991,40023299-f0a9-4017-a1fa-1972bddaaeea.json,0,Cabinet.003,48,0.6732,0.8232,3.3889,-0.0170,0.9800,0.7800,True,prescan_batch_0001.csv
992,4331de47-48f4-4954-88d5-2752e0030845.json,0,Cabinet.001,48,0.6731,0.8231,3.3030,-0.1920,0.9950,0.7950,True,prescan_batch_0001.csv
993,d6359e97-edea-43ac-a05a-22a9fc17f6a0.json,0,Cabinet.087,48,0.6730,0.8230,3.4335,3.3116,1.0000,0.8000,True,prescan_batch_0005.csv
994,a1a4ba19-a940-4e9b-8edb-c8720edd386f.json,0,Cabinet.089,48,0.6717,0.8217,-5.1067,0.3393,1.0000,0.8000,True,prescan_batch_0004.csv
995,df76627b-4746-482a-abe3-b9a6f5388e7a.json,0,Cabinet.003,48,0.6715,0.8215,2.1981,1.3481,0.9800,0.7800,True,prescan_batch_0005.csv
996,288a1f26-6707-45af-bca4-1cd99874a3ff.json,0,Cabinet.042,48,0.6702,0.8202,2.4927,-0.9727,1.0000,0.8000,True,prescan_batch_0001.csv
997,0a28563b-19e4-4d67-8130-9a87a547daf6.json,0,Cabinet.123,48,0.6697,0.8197,-5.2466,3.4706,1.0000,0.8000,True,prescan_batch_0000.csv
998,d4713205-b383-413b-96e4-5f91377f15bb.json,0,Cabinet.001,48,0.6697,0.8197,-0.7642,5.8628,0.9950,0.7950,True,prescan_batch_0005.csv
999,0c26f793-846f-417a-b27e-0fbbdc3db601.json,0,Cabinet.060,48,0.6694,0.8194,-2.5914,-1.8371,0.9800,0.7800,True,prescan_batch_0000.csv
1000,2d50e51d-fb9f-4464-836c-f9f2b269cbea.json,0,Cabinet.068,48,0.6684,0.8184,-1.7020,-4.0869,1.0000,0.8000,True,prescan_batch_0001.csv
1001,27871446-7da7-4557-b554-dca744d3ea87.json,0,Cabinet.110,48,0.6683,0.8183,-5.3764,3.5199,1.0370,0.8370,True,prescan_batch_0001.csv
1002,9dde6707-5939-413e-9bc8-9a7f6cfc7b1f.json,0,Cabinet.013,48,0.6680,0.8180,5.4044,-1.6042,0.9800,0.7800,True,prescan_batch_0004.csv
1003,da6ab3bd-bc7b-4711-ace8-96d62025a1b6.json,0,Cabinet.094,48,0.6677,0.8177,-1.8542,0.1004,1.0220,0.8220,True,prescan_batch_0005.csv
1004,5faf622e-532d-4c9e-ba55-e2dd01fa1f3f.json,0,Cabinet.101,48,0.6673,0.8173,-4.3812,-3.9819,1.0170,0.8170,True,prescan_batch_0002.csv
1005,3e3163ee-3986-4849-9efd-40ae107d9c5f.json,0,Cabinet.093,48,0.6669,0.8169,3.5860,-4.0236,1.0000,0.8000,True,prescan_batch_0001.csv
1006,560b2876-65ae-498c-99a6-8ca691cd42dd.json,0,Cabinet.049,48,0.6669,0.8169,-0.1226,-5.0847,1.0000,0.8000,True,prescan_batch_0002.csv
1007,1ca5a85e-9cac-41a6-b47f-bada85ea706f.json,0,Cabinet.012,48,0.6668,0.8168,3.1907,1.7135,0.9800,0.7800,True,prescan_batch_0000.csv
1008,0f94d702-891e-45a0-9532-0c804af07f0c.json,0,Cabinet.074,48,0.6662,0.8162,-3.0498,-2.3515,1.0370,0.8370,True,prescan_batch_0000.csv
1009,ca0f44ac-687c-48e1-9b6a-dd64319d4a9b.json,0,Cabinet.041,48,0.6656,0.8156,3.8653,-4.1774,1.0220,0.8220,True,prescan_batch_0005.csv
1010,8f43d942-cf5b-4e85-b31b-32e537f24cb3.json,0,Cabinet.107,48,0.6649,0.8149,2.9049,0.7356,1.0000,0.8000,True,prescan_batch_0003.csv
1011,1dd252f0-bebe-45c2-8ed3-10fa7b394011.json,0,Cabinet.158,48,0.6639,0.8139,-4.2324,-2.9540,1.0220,0.8220,True,prescan_batch_0000.csv
1012,1c2e47d2-2ddb-4d62-bcc7-93a438f22b18.json,0,Cabinet.013,48,0.6638,0.8138,-1.7593,-3.7231,0.9800,0.7800,True,prescan_batch_0000.csv
1013,1c6e161b-ac01-411c-9a60-dd5f6da0ec08.json,0,Cabinet.078,48,0.6637,0.8137,2.0258,4.1209,1.0000,0.8000,True,prescan_batch_0000.csv
1014,ffd38d23-f910-44db-a3ec-7347ecc1f185.json,0,Cabinet.011,48,0.6627,0.8127,1.0318,-4.2353,0.9800,0.7800,True,prescan_batch_0006.csv
1015,29ff87b6-35d4-4333-b2ad-17f37ee8bdae.json,0,Cabinet.008,48,0.6625,0.8125,5.5283,0.6580,0.9950,0.7950,True,prescan_batch_0001.csv
1016,df0e6d6c-5251-43ab-8334-e67e11ffc697.json,0,Cabinet.012,48,0.6617,0.8117,1.1410,-4.5525,0.9800,0.7800,True,prescan_batch_0005.csv
1017,7876c1d8-d9b9-44b4-b480-50889c3af043.json,0,Cabinet.101,48,0.6616,0.8116,24.4835,2.8826,1.0001,0.8001,True,prescan_batch_0003.csv
1018,b7b53799-aa1b-4691-86f3-767cfb915ea3.json,0,Cabinet.080,48,0.6616,0.8116,-6.9301,0.6042,1.0220,0.8220,True,prescan_batch_0004.csv
1019,317d64ff-b96e-4743-88f6-2b5b27551a7c.json,0,Cabinet.011,48,0.6610,0.8110,5.5630,-2.3551,0.9800,0.7800,True,prescan_batch_0001.csv
1020,43064174-6fa4-480a-8e69-3c4e903b6e56.json,0,Cabinet.088,48,0.6607,0.8107,-6.9108,5.0562,1.0370,0.8370,True,prescan_batch_0001.csv
1021,58698c8a-6340-4dd2-a71c-d9cbdc244f4c.json,0,Cabinet.012,48,0.6604,0.8104,4.8008,-3.5120,0.9800,0.7800,True,prescan_batch_0002.csv
1022,b54e8acd-abd0-4a22-a981-e6bbb2dcad10.json,0,Cabinet.012,48,0.6601,0.8101,5.6361,-2.4786,0.9800,0.7800,True,prescan_batch_0004.csv
1023,40ae8003-7d89-4e10-a98d-991f8918220a.json,0,Cabinet.011,48,0.6597,0.8097,-4.0081,-3.9153,0.9800,0.7800,True,prescan_batch_0001.csv
1024,a0faa339-e634-4c01-a24f-069cf3564713.json,0,Cabinet.094,48,0.6595,0.8095,-1.0127,0.5632,1.1000,0.9000,True,prescan_batch_0004.csv
1025,f8dbb08a-c5c7-41d3-b7e5-7fc62c5f610b.json,0,table.005,36,0.6591,0.8091,5.6527,40.7394,35.2764,35.0764,True,prescan_batch_0006.csv
1026,47b97fea-9b61-4047-a9b5-6d03faa8b7d7.json,0,Cabinet.072,48,0.6589,0.8089,-2.3645,3.0272,1.1020,0.9020,True,prescan_batch_0001.csv
1027,26018cad-b5fe-42cb-9032-9e5a14b45c55.json,0,Cabinet.015,48,0.6587,0.8087,0.7364,-3.5881,0.9800,0.7800,True,prescan_batch_0001.csv
1028,93594188-a46f-4229-9c77-3583820471d8.json,0,cabinet,48,0.6585,0.8085,-0.4232,-1.7592,1.0203,0.8203,True,prescan_batch_0003.csv
1029,bd39d8e9-ce8d-4631-8400-d5cb88033a01.json,0,Cabinet.101,48,0.6585,0.8085,24.4866,2.8881,1.0001,0.8001,True,prescan_batch_0005.csv
1030,787e7cd0-14ab-420d-8862-b1d45ea47725.json,0,Cabinet.057,48,0.6584,0.8084,4.0918,2.9582,1.0220,0.8220,True,prescan_batch_0003.csv
1031,ecdbeecd-1c5e-4605-a682-ca1085fd0721.json,0,Cabinet.005,48,0.6578,0.8078,-1.9827,-0.6437,0.9800,0.7800,True,prescan_batch_0006.csv
1032,ab2e0470-67b9-4902-b800-d75a1a6b7101.json,0,Cabinet.077,48,0.6577,0.8077,-3.4508,6.2540,0.9000,0.7000,True,prescan_batch_0004.csv
1033,fc6386f3-cdbe-45a7-8410-c16c00d891c9.json,0,Cabinet.016,48,0.6575,0.8075,-0.8038,-9.4495,1.0350,0.8350,True,prescan_batch_0006.csv
1034,10e2d93c-2a82-49f2-a95c-7598d24901f2.json,0,Cabinet.099,48,0.6573,0.8073,-3.5850,4.5983,1.0370,0.8370,True,prescan_batch_0000.csv
1035,339f13eb-7924-4161-8cb8-bb10a19470eb.json,0,Cabinet.004,48,0.6564,0.8064,-3.9344,-1.7443,0.9800,0.7800,True,prescan_batch_0001.csv
1036,b4551582-1fbb-4320-bac8-74655b3babd1.json,0,Cabinet.001,48,0.6564,0.8064,-1.2495,-3.4185,0.9950,0.7950,True,prescan_batch_0004.csv
1037,bd625a18-6781-4692-909a-a5990a417cf8.json,0,Cabinet.037,48,0.6557,0.8057,-12.6397,-2.8377,1.0220,0.8220,True,prescan_batch_0005.csv
1038,da616c7c-4149-40e7-b426-6b6054fba1cc.json,0,Cabinet.109,48,0.6551,0.8051,3.8011,-0.4117,1.0220,0.8220,True,prescan_batch_0005.csv
1039,b2955a13-4b6b-4000-b629-0a5e19c79ac9.json,0,Cabinet.196,48,0.6546,0.8046,-3.0175,0.0342,1.0000,0.8000,True,prescan_batch_0004.csv
1040,02fb72ea-8e75-4f7b-85bd-18798232b263.json,0,Cabinet.003,48,0.6543,0.8043,5.6245,-2.8296,0.9800,0.7800,True,prescan_batch_0000.csv
1041,39ea30b1-4302-4a07-885b-bd498facd30d.json,0,Cabinet.050,48,0.6542,0.8042,0.1241,-3.6453,1.0370,0.8370,True,prescan_batch_0001.csv
1042,853f908d-9c17-4e1c-b982-a0220f0b41c9.json,0,Cabinet.131,48,0.6542,0.8042,2.4865,-1.4049,1.0000,0.8000,True,prescan_batch_0003.csv
1043,98048467-1c7a-461d-8fd5-29f1e5c12c97.json,0,Cabinet.113,48,0.6538,0.8038,3.2083,3.6183,0.9720,0.7720,True,prescan_batch_0004.csv
1044,cf969c1a-14dd-420c-8739-eda9f0705070.json,0,Cabinet.074,48,0.6536,0.8036,2.2694,3.6897,0.9220,0.7220,True,prescan_batch_0005.csv
1045,48f46060-74e1-4c5e-befd-7d3ac5a6d9b1.json,0,Cabinet.016,48,0.6534,0.8034,4.3155,0.6852,0.9800,0.7800,True,prescan_batch_0001.csv
1046,2dcc04a6-d0ce-4206-b79e-a1edd8ba5895.json,0,Cabinet.069,48,0.6533,0.8033,-3.6939,2.6461,1.0170,0.8170,True,prescan_batch_0001.csv
1047,1d46c47d-28e5-466a-a9d3-9b350cb0f38f.json,0,Cabinet.009,48,0.6531,0.8031,6.1995,-0.1421,1.0360,0.8360,True,prescan_batch_0000.csv
1048,22710870-8d2b-4c4b-a735-b0c2283684e0.json,0,Cabinet.020,48,0.6531,0.8031,5.7094,-2.6979,0.9800,0.7800,True,prescan_batch_0000.csv
1049,b9d17d23-66f0-445d-acb7-f11887cc4f7f.json,0,Cabinet.035,48,0.6529,0.8029,-2.6689,-4.8484,1.0220,0.8220,True,prescan_batch_0004.csv
1050,fee1dc7f-e833-4d6e-89b8-46a3cdabf664.json,0,Cabinet.133,48,0.6517,0.8017,-0.3210,2.4434,1.0000,0.8000,True,prescan_batch_0006.csv
1051,26e14e8c-e0bb-4e85-820f-cbdaf1999165.json,0,Cabinet.056,48,0.6509,0.8009,-3.1473,-2.5627,1.0370,0.8370,True,prescan_batch_0001.csv
1052,ab6995b8-bad0-4660-a337-a914b42ba219.json,0,Cabinet.008,48,0.6505,0.8005,-0.0461,-3.7993,0.9950,0.7950,True,prescan_batch_0004.csv
1053,7173020e-c61e-4b18-96a6-2997242582d7.json,0,Cabinet.015,48,0.6502,0.8002,4.8189,2.3322,0.9800,0.7800,True,prescan_batch_0003.csv
1054,5758e3f3-177c-4ad9-a6d7-a9a3c5dc30de.json,0,Cabinet.100,48,0.6498,0.7998,-6.3873,-3.3916,1.0000,0.8000,True,prescan_batch_0002.csv
1055,9bbf3f4c-3de9-4de4-9ad6-7460413fdc88.json,0,Cabinet.041,48,0.6498,0.7998,-2.4733,4.3081,1.0000,0.8000,True,prescan_batch_0004.csv
1056,0eb7a684-6a4e-4e9f-807c-c0e0384deb3d.json,0,Cabinet.094,48,0.6488,0.7988,-1.8476,0.4047,1.0220,0.8220,True,prescan_batch_0000.csv
1057,4cfd2177-eb18-4006-8d01-435e05c0cbd8.json,0,Cabinet.034,48,0.6488,0.7988,2.8241,0.6242,1.0370,0.8370,True,prescan_batch_0002.csv
1058,fc9c89c7-c736-42ca-bda0-21c253e76b3a.json,0,Cabinet.013,48,0.6487,0.7987,4.2765,-1.0354,0.9800,0.7800,True,prescan_batch_0006.csv
1059,34162b32-057e-4069-98ad-eaa186cd5370.json,0,Cabinet.113,48,0.6486,0.7986,-3.8772,-0.0497,1.0370,0.8370,True,prescan_batch_0001.csv
1060,d96a5189-b481-4705-b283-a202d1b19bd2.json,0,Cabinet.008,48,0.6475,0.7975,-3.0189,0.4408,0.9950,0.7950,True,prescan_batch_0005.csv
1061,4b34d274-a89f-438d-aae1-1867f8e25e61.json,0,cabinet,48,0.6473,0.7973,-0.5034,-1.7347,1.0203,0.8203,True,prescan_batch_0002.csv
1062,60d37d45-3388-4f28-9708-b0b37a6f73ba.json,0,Cabinet.003,48,0.6473,0.7973,-0.7290,-4.5245,0.9800,0.7800,True,prescan_batch_0002.csv
1063,d25e7cc7-46cf-4814-b9c8-eaa77a5fdc0c.json,0,Cabinet.096,48,0.6473,0.7973,4.3435,-2.4842,1.0000,0.8000,True,prescan_batch_0005.csv
1064,a81ff17c-8dcd-4b75-91d9-e6c547023c6c.json,0,Cabinet.103,48,0.6470,0.7970,-0.3099,-2.8567,1.0370,0.8370,True,prescan_batch_0004.csv
1065,fde5a857-8d3e-4f26-913d-901b182198be.json,0,Cabinet.003,48,0.6469,0.7969,4.0917,-2.5677,0.9800,0.7800,True,prescan_batch_0006.csv
1066,6be30d81-2935-4fe7-9280-6efa0fd48a82.json,0,Cabinet.013,48,0.6463,0.7963,0.6707,-4.5986,0.9800,0.7800,True,prescan_batch_0002.csv
1067,7e335c82-9746-4c86-aa62-8dbd2725a9c3.json,0,Cabinet.045,48,0.6455,0.7955,6.8671,-0.3700,1.0220,0.8220,True,prescan_batch_0003.csv
1068,fc854887-6396-42cc-b020-13d5c6abf8c9.json,0,Cabinet.064,48,0.6450,0.7950,-1.6346,-4.1438,1.0370,0.8370,True,prescan_batch_0006.csv
1069,48005d2a-cb97-4128-b068-20a03b678bde.json,0,Cabinet.053,48,0.6449,0.7949,3.3286,4.5488,1.0370,0.8370,True,prescan_batch_0001.csv
1070,7165ee4d-0432-4c77-b4b9-1e6f04e2099b.json,0,cabinet.002,48,0.6449,0.7949,-0.8247,-4.9555,1.0250,0.8250,True,prescan_batch_0003.csv
1071,da8a9f42-2565-4900-a234-de4c2913d604.json,0,Cabinet.063,48,0.6447,0.7947,5.1317,1.7852,1.0000,0.8000,True,prescan_batch_0005.csv
1072,b03fc544-a2eb-41ff-9d6f-14de65a98a9b.json,0,Cabinet.009,48,0.6445,0.7945,-1.2760,-3.7054,0.9800,0.7800,True,prescan_batch_0004.csv
1073,a45244aa-5c1a-48b7-b1a3-3f55fd35fcab.json,0,Cabinet.011,48,0.6443,0.7943,-0.5546,-2.8955,0.9800,0.7800,True,prescan_batch_0004.csv
1074,dc80719c-65f0-4662-a25c-ce747612ed07.json,0,Cabinet.024,48,0.6441,0.7941,2.8050,-1.6964,0.9800,0.7800,True,prescan_batch_0005.csv
1075,7067f026-f793-4931-9e6f-d6372015de5a.json,0,Cabinet.088,48,0.6430,0.7930,-0.8677,-4.2048,1.0000,0.8000,True,prescan_batch_0003.csv
1076,1658b9ab-c1db-492f-8094-b12c44939e3d.json,0,Cabinet.064,48,0.6425,0.7925,4.0451,-5.1717,1.0370,0.8370,True,prescan_batch_0000.csv
1077,a0b8b195-676d-47bd-afce-3e135b8fde83.json,0,Cabinet.079,48,0.6424,0.7924,2.5389,0.1877,1.0000,0.8000,True,prescan_batch_0004.csv
1078,5411a1f5-6e17-4aef-a446-f945570aa6fc.json,0,Cabinet.011,48,0.6420,0.7920,2.0928,1.3544,0.9800,0.7800,True,prescan_batch_0002.csv
1079,3e71a867-177e-439a-9c80-432d0e0900d4.json,0,Cabinet.012,48,0.6418,0.7918,-5.4461,-1.1597,0.9800,0.7800,True,prescan_batch_0001.csv
1080,54f2ad1d-ba3f-4c61-a8b3-68bc90ae15b9.json,0,Cabinet.072,48,0.6417,0.7917,-5.2365,-2.2365,0.9370,0.7370,True,prescan_batch_0002.csv
1081,76565192-c7c4-4135-87dd-a7742bdf9b3a.json,0,Cabinet.083,48,0.6417,0.7917,1.2616,-4.7142,1.0370,0.8370,True,prescan_batch_0003.csv
1082,8e3647b2-6429-46e4-a7d5-090c6f17aed9.json,0,Cabinet.057,48,0.6417,0.7917,-3.3765,-3.4711,1.0370,0.8370,True,prescan_batch_0003.csv
1083,877dee20-fd1b-4cee-a82d-85aec24cc400.json,0,Cabinet.012,48,0.6414,0.7914,-0.5410,1.7757,0.9950,0.7950,True,prescan_batch_0003.csv
1084,08c3ae55-ad62-4b07-825a-d3b02231ba90.json,0,Cabinet.004,48,0.6410,0.7910,-4.8486,-2.9486,0.9800,0.7800,True,prescan_batch_0000.csv
1085,2de6f78c-f62d-4ea2-a811-33259985e3e7.json,0,Cabinet.010,48,0.6397,0.7897,-1.8955,-2.8979,0.9800,0.7800,True,prescan_batch_0001.csv
1086,6d0a88ea-05ea-4249-b21f-b221cdf826c0.json,0,Cabinet.012,48,0.6394,0.7894,-3.0916,-5.2953,0.9800,0.7800,True,prescan_batch_0002.csv
1087,1055b740-22c6-429a-99db-97fee8b05751.json,0,Cabinet.012,48,0.6392,0.7892,1.7380,-5.5171,0.9800,0.7800,True,prescan_batch_0000.csv
1088,d093db64-0a91-4aa3-8074-9c1b4e571976.json,0,Cabinet.028,48,0.6387,0.7887,3.5273,1.9518,1.0370,0.8370,True,prescan_batch_0005.csv
1089,e2232752-01e2-4276-8abe-4314243d9b13.json,0,Cabinet.012,48,0.6381,0.7881,1.1570,1.5136,0.9800,0.7800,True,prescan_batch_0006.csv
1090,369cda7c-e402-4382-8d9d-8c79133487d1.json,0,Cabinet.013,48,0.6380,0.7880,-2.8288,-4.1760,0.9800,0.7800,True,prescan_batch_0001.csv
1091,a760d11f-800c-46f1-8aee-810faa9cc296.json,0,Cabinet.008,48,0.6379,0.7879,4.0830,-2.5369,0.9950,0.7950,True,prescan_batch_0004.csv
1092,3f011866-3b76-40ef-96c3-37bd6bf92232.json,0,Cabinet.010,48,0.6373,0.7873,1.1772,0.0179,0.9800,0.7800,True,prescan_batch_0001.csv
1093,64321004-c08d-4334-984b-4bdbed4895d1.json,0,Cabinet.016,48,0.6367,0.7867,0.1902,4.2035,0.9950,0.7950,True,prescan_batch_0002.csv
1094,81cd1f33-a6e7-4ff5-b0ae-f132fd8ded6e.json,0,Cabinet.058,48,0.6367,0.7867,4.7109,-0.5696,1.0370,0.8370,True,prescan_batch_0003.csv
1095,c554575f-b749-4b58-8b6a-d1428049fb1d.json,0,Cabinet.091,48,0.6367,0.7867,-3.0242,1.7983,1.0370,0.8370,True,prescan_batch_0005.csv
1096,be5a1752-7745-46b4-bdf8-b57d81fbde9e.json,0,Cabinet.128,48,0.6366,0.7866,-4.5639,2.5658,1.0000,0.8000,True,prescan_batch_0005.csv
1097,446b9936-10fb-47f6-b48f-1c35175a10a7.json,0,Cabinet.013,48,0.6360,0.7860,-4.0137,-1.3546,0.9800,0.7800,True,prescan_batch_0001.csv
1098,4a5d4c13-3fef-40e2-86b5-6f4bbe084e66.json,0,Cabinet.064,48,0.6360,0.7860,-2.8707,-0.9316,1.0370,0.8370,True,prescan_batch_0001.csv
1099,f7cf5008-957f-4286-8854-20f34f2a8ce3.json,0,Cabinet.016,48,0.6359,0.7859,-2.5444,-5.7085,0.9800,0.7800,True,prescan_batch_0006.csv
1100,f1e40a9c-1791-4411-9b5f-5383ecee8c65.json,0,Cabinet.015,48,0.6357,0.7857,-0.9694,-3.4317,0.9800,0.7800,True,prescan_batch_0006.csv
1101,f52dc2c0-935d-4e0d-b99d-bd634498ef8f.json,0,Cabinet.061,48,0.6357,0.7857,2.8736,0.3734,1.0000,0.8000,True,prescan_batch_0006.csv
1102,7314ce1d-276f-4aed-acaa-872172155163.json,0,Cabinet.001,48,0.6354,0.7854,3.8420,0.4763,0.9950,0.7950,True,prescan_batch_0003.csv
1103,8dec502a-ccae-43f3-ac25-e0dd6aca503c.json,0,Cabinet.053,48,0.6352,0.7852,1.6170,2.5368,1.0342,0.8342,True,prescan_batch_0003.csv
1104,12d1ca85-c2ce-40c6-97d9-54f01a0d85ce.json,0,Cabinet.011,48,0.6343,0.7843,3.9376,-2.6745,0.9800,0.7800,True,prescan_batch_0000.csv
1105,762928f8-d856-4e1a-b81f-cff6acf2db3b.json,0,Cabinet.093,48,0.6339,0.7839,-1.7805,1.5548,1.0000,0.8000,True,prescan_batch_0003.csv
1106,53cf7da8-7c02-419d-bc4a-acf5d4337cac.json,0,Cabinet.013,48,0.6335,0.7835,0.0561,0.7379,0.9800,0.7800,True,prescan_batch_0002.csv
1107,ddc26e88-622e-49de-a9b4-d5527d23ce3e.json,0,Cabinet.091,48,0.6335,0.7835,4.1100,3.2449,1.0370,0.8370,True,prescan_batch_0005.csv
1108,5749ee9f-3274-44c5-aaf2-114d2f4f4391.json,0,Cabinet.014,48,0.6333,0.7833,3.6057,1.4173,0.9800,0.7800,True,prescan_batch_0002.csv
1109,7dbb372a-75d0-4e3d-9954-06240f8bb8ad.json,0,Cabinet.018,48,0.6333,0.7833,1.1239,-4.9692,0.9950,0.7950,True,prescan_batch_0003.csv
1110,5d8c3aab-b20b-4b70-9ca5-e8f8fe59d0bf.json,0,Cabinet.080,48,0.6323,0.7823,-2.8119,0.8317,1.0500,0.8500,True,prescan_batch_0002.csv
1111,1898b081-5b55-4500-86a1-9baf7c005c20.json,0,Cabinet.009,48,0.6318,0.7818,-4.4711,-0.3377,0.9800,0.7800,True,prescan_batch_0000.csv
1112,df5f6372-1d1d-4884-a9f0-c8c33595daaf.json,0,Cabinet.103,48,0.6316,0.7816,-3.2807,3.1823,1.0220,0.8220,True,prescan_batch_0005.csv
1113,fc3e0cb0-d178-4b06-830d-1562cda8301c.json,0,Cabinet.012,48,0.6316,0.7816,-0.2191,-2.7876,0.9950,0.7950,True,prescan_batch_0006.csv
1114,ab0d2955-a6b9-46cc-89b1-e77bf02e7e93.json,0,Cabinet.058,48,0.6315,0.7815,-0.2145,-2.8368,0.9370,0.7370,True,prescan_batch_0004.csv
1115,f59de3b0-18c0-48a3-b804-d01778b0d671.json,0,Cabinet.055,48,0.6313,0.7813,-2.3586,3.1666,1.0370,0.8370,True,prescan_batch_0006.csv
1116,124f6e30-6e91-44e4-bcaa-5583b78767d0.json,0,Cabinet.016,48,0.6308,0.7808,4.5137,2.1602,0.9950,0.7950,True,prescan_batch_0000.csv
1117,2137131e-a08a-402c-90e1-d7058189d52b.json,0,Cabinet.011,48,0.6294,0.7794,-0.5094,-4.4642,0.9800,0.7800,True,prescan_batch_0000.csv
1118,9b5aa5c9-9abb-492e-acb1-d7795bd7c42b.json,0,Cabinet.098,48,0.6287,0.7787,7.2511,-1.3861,1.0000,0.8000,True,prescan_batch_0004.csv
1119,3a757643-3a34-41ce-ac90-f54ad79b0117.json,0,Cabinet.082,48,0.6283,0.7783,-4.8113,0.6037,1.0370,0.8370,True,prescan_batch_0001.csv
1120,562d5f5b-3a15-4570-b1b1-0bf1f4df12f7.json,0,Cabinet.088,48,0.6278,0.7778,-5.5426,-2.8217,1.0220,0.8220,True,prescan_batch_0002.csv
1121,65892a72-e69e-417c-9cfe-a9918126ed90.json,0,Cabinet.105,48,0.6275,0.7775,2.7814,3.9284,1.0000,0.8000,True,prescan_batch_0002.csv
1122,d2f4784e-0fdf-43ea-915b-515f11791cf6.json,0,Cabinet.058,48,0.6273,0.7773,-0.7916,-1.4657,1.0370,0.8370,True,prescan_batch_0005.csv
1123,638540c9-4700-4398-a31b-38b468f121b5.json,0,Cabinet.098,48,0.6264,0.7764,-1.4366,-4.6143,1.0220,0.8220,True,prescan_batch_0002.csv
1124,af79ff3a-9712-47fd-b3ec-e27e2c016162.json,0,Cabinet.003,48,0.6264,0.7764,-6.1262,-8.5348,0.9800,0.7800,True,prescan_batch_0004.csv
1125,5d4526b7-8bfd-45b3-bd31-80ddf5a8b5e9.json,0,Cabinet.042,48,0.6252,0.7752,0.3358,0.4936,1.0000,0.8000,True,prescan_batch_0002.csv
1126,19fe2f19-6a70-429f-ba6c-e2d02af52df1.json,0,Cabinet.033,48,0.6245,0.7745,-2.6317,-5.1090,1.0370,0.8370,True,prescan_batch_0000.csv
1127,3ca68de1-56b8-4aa8-8995-968f6df2e52d.json,0,Cabinet.103,48,0.6243,0.7743,24.5203,1.8483,1.0350,0.8350,True,prescan_batch_0001.csv
1128,8cd7e00d-7a26-46e8-9a18-d25f69359299.json,0,Cabinet.010,48,0.6240,0.7740,-3.2547,-2.2561,0.9950,0.7950,True,prescan_batch_0003.csv
1129,9bcda847-ab11-4f7e-859a-b0130c4d8b84.json,0,Cabinet.013,48,0.6239,0.7739,4.7656,-3.4619,0.9800,0.7800,True,prescan_batch_0004.csv
1130,bbc93034-4e17-48e2-a52b-c09e966490e5.json,0,Cabinet.011,48,0.6233,0.7733,3.3697,-2.7612,0.9800,0.7800,True,prescan_batch_0005.csv
1131,0dce14f8-0700-474a-8ac4-d65fe9a2263d.json,0,Cabinet.013,48,0.6227,0.7727,-5.6484,-0.7974,0.9800,0.7800,True,prescan_batch_0000.csv
1132,13aafac6-de6a-42fb-a8ff-018f4cb10b24.json,0,Cabinet.118,48,0.6223,0.7723,-5.0660,-3.8937,1.0220,0.8220,True,prescan_batch_0000.csv
1133,8358db1f-274f-454c-b584-18a9e4c22239.json,0,Cabinet.082,48,0.6223,0.7723,-4.7664,0.8992,1.0220,0.8220,True,prescan_batch_0003.csv
1134,8a41712e-1a55-407f-92f7-3c7cbd4366e2.json,0,Cabinet.008,48,0.6223,0.7723,-1.3797,-0.0408,0.9950,0.7950,True,prescan_batch_0003.csv
1135,edabd944-0255-49c9-a7e6-b509cc392a67.json,0,Cabinet.012,48,0.6222,0.7722,1.3026,-4.8250,0.9800,0.7800,True,prescan_batch_0006.csv
1136,213cf747-e1bc-45cc-aa5c-3f20450abdcb.json,0,Cabinet.003,48,0.6221,0.7721,-0.6060,-4.4839,0.9800,0.7800,True,prescan_batch_0000.csv
1137,f772e87d-44c4-4821-b975-ef8af7bd0a68.json,0,Cabinet.066,48,0.6221,0.7721,0.4541,-5.1724,1.0220,0.8220,True,prescan_batch_0006.csv
1138,b13a4874-00a4-49a5-aa2d-e22d7d864b56.json,0,Cabinet.011,48,0.6220,0.7720,2.1416,-1.5867,0.9800,0.7800,True,prescan_batch_0004.csv
1139,876b4ae9-721e-494c-9fe6-e7ae55467300.json,0,Cabinet.090,48,0.6215,0.7715,-5.7491,4.9512,1.0000,0.8000,True,prescan_batch_0003.csv
1140,01e8a481-e2fe-4811-a5d5-f47226c1c5c1.json,0,Cabinet.083,48,0.6211,0.7711,-5.4774,5.7412,1.0220,0.8220,True,prescan_batch_0000.csv
1141,02b90cf0-5313-425d-961e-3151b633c729.json,0,Cabinet.075,48,0.6211,0.7711,-0.3905,-2.6853,1.0220,0.8220,True,prescan_batch_0000.csv
1142,3bc5a441-247a-42fb-8da0-dcfbfe89a631.json,0,Cabinet.060,48,0.6211,0.7711,-0.8752,-1.8799,0.9220,0.7220,True,prescan_batch_0001.csv
1143,9d5ea5ec-326e-46f3-b6eb-634e5e2a3837.json,0,Cabinet.057,48,0.6211,0.7711,-3.5560,-4.9240,1.0220,0.8220,True,prescan_batch_0004.csv
1144,e00a2e97-8543-43a1-90b2-024c49de8157.json,0,Cabinet.075,48,0.6211,0.7711,-3.6637,-3.9689,1.0220,0.8220,True,prescan_batch_0005.csv
1145,ffb71fcf-a89a-4e88-a1f6-84033d3b2e13.json,0,Cabinet.060,48,0.6211,0.7711,-3.3913,-3.2096,1.0220,0.8220,True,prescan_batch_0006.csv
1146,0182566d-2912-4bc1-bd74-70a4e04eb67d.json,0,Cabinet.089,48,0.6205,0.7705,-5.0885,4.3587,1.0220,0.8220,True,prescan_batch_0000.csv
1147,79597940-47fb-4944-92ed-fd7dc9da0762.json,0,Cabinet.003,48,0.6200,0.7700,3.4856,-2.1490,0.9800,0.7800,True,prescan_batch_0003.csv
1148,a137a098-9a96-4b7c-9553-13e5178d29b0.json,0,Cabinet.008,48,0.6192,0.7692,-2.7431,-0.7487,0.9800,0.7800,True,prescan_batch_0004.csv
1149,9b65961c-da2e-4758-97a3-21702e5e8931.json,0,Cabinet.012,48,0.6190,0.7690,4.0838,1.1048,0.9950,0.7950,True,prescan_batch_0004.csv
1150,a2acfbc4-7112-42de-b249-027deac584d5.json,0,Cabinet.014,48,0.6186,0.7686,-0.0596,-4.3513,0.9800,0.7800,True,prescan_batch_0004.csv
1151,4fcf48c3-1191-4ddf-9a93-d8771a6928de.json,0,Cabinet.107,48,0.6178,0.7678,-3.5477,-3.1508,1.0220,0.8220,True,prescan_batch_0002.csv
1152,50a6a1f8-b0ae-43ae-aa8c-ae41fcd0fe87.json,0,Cabinet.003,48,0.6178,0.7678,1.6556,-5.2329,0.9800,0.7800,True,prescan_batch_0002.csv
1153,6d3af868-b36b-4849-b2d8-e267bef0b0e9.json,0,Cabinet.057,48,0.6177,0.7677,-3.1235,-3.1867,1.0370,0.8370,True,prescan_batch_0002.csv
1154,32e2ecf8-5bf6-47d2-8b7d-6a57655d2dd8.json,0,Cabinet.027,48,0.6171,0.7671,-4.3398,1.6992,1.0370,0.8370,True,prescan_batch_0001.csv
1155,7e07a2a4-fead-40b8-8172-a430c150b733.json,0,Cabinet.062,48,0.6171,0.7671,-2.9250,0.6685,1.0370,0.8370,True,prescan_batch_0003.csv
1156,261d4fa5-770a-4184-95af-16d9327c21e1.json,0,Cabinet.059,48,0.6168,0.7668,0.3647,0.9698,1.0000,0.8000,True,prescan_batch_0001.csv
1157,7173487a-f3ec-430b-aac1-b6965559fb1c.json,0,Cabinet.038,48,0.6162,0.7662,-0.9922,-1.8360,1.0000,0.8000,True,prescan_batch_0003.csv
1158,46e18f9a-ebed-492e-b2de-e21865579a35.json,0,Cabinet.068,48,0.6149,0.7649,-4.2941,0.3739,1.0220,0.8220,True,prescan_batch_0001.csv
1159,17d03d93-61c9-46fd-8cdc-dcf049af583c.json,0,table.004,36,0.6148,0.7648,1.4348,-2.4009,1.1189,0.9189,True,prescan_batch_0000.csv
1160,fb113b76-294c-4402-a662-e67344a45a4f.json,0,Tea Table.002,3,0.6148,0.7648,0.7987,-1.5841,1.1189,0.9189,True,prescan_batch_0006.csv
1161,bba7604d-83c8-4331-8222-c6654ffdb072.json,0,Cabinet.013,48,0.6144,0.7644,1.3742,4.2722,0.9800,0.7800,True,prescan_batch_0005.csv
1162,a89d08fb-36df-416f-a855-f0d9f3cafcdc.json,0,Cabinet.053,48,0.6143,0.7643,2.6991,4.2790,1.0308,0.8308,True,prescan_batch_0004.csv
1163,bf869394-db5e-43ef-a664-aa863b99cf55.json,0,Cabinet.072,48,0.6131,0.7631,4.7462,0.8723,1.0170,0.8170,True,prescan_batch_0005.csv
1164,9cbbb4f0-52d8-4600-ac63-bc4480ab1d83.json,0,Cabinet.012,48,0.6130,0.7630,2.1546,2.0359,0.9950,0.7950,True,prescan_batch_0004.csv
1165,b6167446-ce9d-4bc0-bc2e-e6026d939a3c.json,0,Cabinet.090,48,0.6130,0.7630,3.0026,-4.5707,1.0370,0.8370,True,prescan_batch_0004.csv
1166,326567e9-39d0-4dd4-ad64-acd6e6b1d97d.json,0,Cabinet.003,48,0.6128,0.7628,4.5243,-2.3662,0.9800,0.7800,True,prescan_batch_0001.csv
1167,9c67a64d-1fe2-4cb4-8644-4220a12ce2c8.json,0,Cabinet.038,48,0.6112,0.7612,-3.4707,1.2207,1.0000,0.8000,True,prescan_batch_0004.csv
1168,eae6025c-f93b-49d3-85e5-fabd2958cbd1.json,0,Cabinet.004,48,0.6110,0.7610,-0.8044,2.1127,0.9800,0.7800,True,prescan_batch_0006.csv
1169,eeef7b16-201e-44ae-94be-f0a5586208e9.json,0,Cabinet.010,48,0.6106,0.7606,-2.6132,-2.3856,0.9950,0.7950,True,prescan_batch_0006.csv
1170,4f4de5f1-8aec-42b5-a889-ccf66329614e.json,0,cabinet,48,0.6104,0.7604,4.2947,-3.2980,1.0031,0.8031,True,prescan_batch_0002.csv
1171,558583ba-0ee1-486b-b040-f844997ea3a8.json,0,Cabinet.088,48,0.6103,0.7603,5.9485,-3.6891,1.0200,0.8200,True,prescan_batch_0002.csv
1172,8751a4ef-6088-46ee-b9e1-babb5398007d.json,0,Cabinet.011,48,0.6103,0.7603,-0.4502,0.1842,0.9800,0.7800,True,prescan_batch_0003.csv
1173,8e021c8e-c921-4f62-b09f-ad3cfe576d3d.json,0,Cabinet.103,48,0.6099,0.7599,5.1394,1.7015,1.0370,0.8370,True,prescan_batch_0003.csv
1174,2ed33be0-a360-4da2-99cd-fe2437967071.json,0,Cabinet.032,48,0.6084,0.7584,2.9185,-4.1649,1.0000,0.8000,True,prescan_batch_0001.csv
1175,7825decf-af44-436e-984e-981a96137be7.json,0,Cabinet.147,48,0.6084,0.7584,2.4527,-1.8424,1.0313,0.8313,True,prescan_batch_0003.csv
1176,4184f131-20fd-40ab-ad3e-d4ac14c0aae6.json,0,Cabinet.080,48,0.6080,0.7580,4.0770,3.8001,1.0220,0.8220,True,prescan_batch_0001.csv
1177,c776fe0c-3c75-4f96-be4e-49c2ade7b30e.json,0,Cabinet.069,48,0.6079,0.7579,10.3473,1.5026,1.0001,0.8001,True,prescan_batch_0005.csv
1178,dd3fc03d-aaf4-42ed-aaab-2f371a57e000.json,0,Cabinet.123,48,0.6079,0.7579,-0.5583,2.1952,1.0370,0.8370,True,prescan_batch_0005.csv
1179,9fa47876-dc0b-4cb1-b5dc-93ca194b1d87.json,0,Cabinet.001,48,0.6078,0.7578,-3.3542,-5.3845,0.9950,0.7950,True,prescan_batch_0004.csv
1180,9310fcf7-1c00-41e3-9b73-137719dec053.json,0,Cabinet.003,48,0.6077,0.7577,-1.5721,0.0086,0.9800,0.7800,True,prescan_batch_0003.csv
1181,cfdf5901-ede6-47a6-86c3-39558144ce5b.json,0,Cabinet.118,48,0.6077,0.7577,-13.8402,11.2682,1.0370,0.8370,True,prescan_batch_0005.csv
1182,833f6519-e2c7-4852-b21e-8c4069650877.json,0,Cabinet.011,48,0.6076,0.7576,-1.6358,-1.9750,0.9800,0.7800,True,prescan_batch_0003.csv
1183,0dd9e55c-dac2-4727-b8a1-f266fd11c987.json,0,Cabinet.017,48,0.6073,0.7573,3.1357,-0.0212,0.9800,0.7800,True,prescan_batch_0000.csv
1184,7df43acd-9195-453e-bfa8-8002bb64c929.json,0,Cabinet.104,48,0.6071,0.7571,1.6490,2.9843,0.9800,0.7800,True,prescan_batch_0003.csv
1185,112c03fb-d6d9-46a9-a090-cf497decbeb5.json,0,Cabinet.010,48,0.6070,0.7570,3.1314,1.3044,0.9950,0.7950,True,prescan_batch_0000.csv
1186,3187cbc7-4da1-4ae6-811a-96adc72cb1d2.json,0,Cabinet.003,48,0.6068,0.7568,-2.6819,3.8125,1.0200,0.8200,True,prescan_batch_0001.csv
1187,0f2b5258-2413-47c4-bbf6-106a74c1e1da.json,0,Cabinet.016,48,0.6067,0.7567,2.4940,-1.7287,0.9800,0.7800,True,prescan_batch_0000.csv
1188,a64d82e0-78f8-4d4c-918a-0929b03f81ae.json,0,Cabinet.205,48,0.6064,0.7564,4.6103,4.1516,1.0720,0.8720,True,prescan_batch_0004.csv
1189,d428fc1f-c9be-483b-8a89-e633128d1c1a.json,0,Cabinet.009,48,0.6063,0.7563,-1.7017,0.0270,0.9800,0.7800,True,prescan_batch_0005.csv
1190,9cb365e7-f31a-45b4-a702-ed1a4ddaf01e.json,0,Cabinet.129,48,0.6059,0.7559,-2.8769,-2.9891,1.0170,0.8170,True,prescan_batch_0004.csv
1191,98728333-ee1a-4459-b54a-4879611098da.json,0,Cabinet.076,48,0.6056,0.7556,0.7563,1.2985,1.0000,0.8000,True,prescan_batch_0004.csv
1192,e5613e52-49eb-4958-8e56-a6a0bf4633a2.json,0,Cabinet.104,48,0.6050,0.7550,-1.2177,-5.0430,1.0370,0.8370,True,prescan_batch_0006.csv
1193,825acf77-b557-44bc-82f8-ccb2b9e1ca58.json,0,Cabinet.085,48,0.6048,0.7548,7.0167,-0.7212,1.0000,0.8000,True,prescan_batch_0003.csv
1194,c3736ed2-0444-41af-a49c-dad4e42a65b6.json,0,Cabinet.001,48,0.6040,0.7540,4.4315,0.3090,0.9950,0.7950,True,prescan_batch_0005.csv
1195,b8d5c14b-b931-4b1e-969f-b96f5c1f3bb5.json,0,Cabinet.079,48,0.6039,0.7539,3.4528,4.0139,1.0000,0.8000,True,prescan_batch_0004.csv
1196,e6bb37fb-9646-43d0-9bb5-cf063de5d8b2.json,0,Cabinet.003,48,0.6035,0.7535,-3.6652,-1.5200,0.9800,0.7800,True,prescan_batch_0006.csv
1197,b2e0b670-b308-4817-b3b6-2a8b7312c18f.json,0,Cabinet.009,48,0.6031,0.7531,4.6622,-1.7481,0.9800,0.7800,True,prescan_batch_0004.csv
1198,069beeb4-e434-4082-bae0-b8d3f5719cc1.json,0,Cabinet.011,48,0.6030,0.7530,-0.0186,1.3860,0.9800,0.7800,True,prescan_batch_0000.csv
1199,220eb9fd-e759-46ba-ab86-eb856ba84dbc.json,0,Cabinet.088,48,0.6029,0.7529,-1.6027,-4.6892,1.0000,0.8000,True,prescan_batch_0000.csv
1200,6ba68581-d7c3-48a9-831e-843682077fb4.json,0,Cabinet.021,48,0.6029,0.7529,5.6270,-0.3096,0.9800,0.7800,True,prescan_batch_0002.csv
1201,60106be1-4360-4a17-bfc2-eab1b5b5eda3.json,0,Cabinet.010,48,0.6019,0.7519,-3.0347,1.6001,0.9950,0.7950,True,prescan_batch_0002.csv
1202,e2fc2df1-c777-4e4f-99c4-14465ac8c398.json,0,Cabinet.104,48,0.6008,0.7508,-1.1854,-5.2052,1.0370,0.8370,True,prescan_batch_0006.csv
1203,9957f878-e5d7-42f4-bb92-816e7c88b36e.json,0,Cabinet.151,48,0.6003,0.7503,1.4853,2.8879,1.0220,0.8220,True,prescan_batch_0004.csv
1204,e3421f1b-e51d-47b7-95b7-cd9c56f3f6f0.json,0,Cabinet.004,48,0.5996,0.7496,-0.1032,-0.4944,0.9800,0.7800,True,prescan_batch_0006.csv
1205,12edb0ef-04e1-44f9-a0e1-a53c5aa6cdf7.json,0,Cabinet.017,48,0.5994,0.7494,-3.9314,1.2169,0.9800,0.7800,True,prescan_batch_0000.csv
1206,f19be8c6-be96-43dd-ab1a-c409aa126621.json,0,Cabinet.014,48,0.5993,0.7493,4.3273,1.7843,0.9950,0.7950,True,prescan_batch_0006.csv
1207,f92faf3f-2b6c-437c-9942-fd8437292634.json,0,Cabinet.003,48,0.5986,0.7486,2.8344,3.5265,0.9800,0.7800,True,prescan_batch_0006.csv
1208,129c9a2a-f789-4cd0-82c0-2b6d5293c45f.json,0,Cabinet.059,48,0.5985,0.7485,-4.0172,-3.2456,1.0370,0.8370,True,prescan_batch_0000.csv
1210,7cc3a00a-9810-48b4-94ef-c7573db14213.json,0,Cabinet.012,48,0.5980,0.7480,2.7703,-5.4299,0.9950,0.7950,True,prescan_batch_0003.csv
1211,853a6413-281e-4e70-a679-17dca8ccc0a7.json,0,Cabinet.004,48,0.5979,0.7479,-1.6272,-3.0743,0.9800,0.7800,True,prescan_batch_0003.csv
1212,da9d58e5-d9bd-4d3e-8ac0-10e224cb505a.json,0,Cabinet.065,48,0.5978,0.7478,-2.2069,-5.1770,1.0000,0.8000,True,prescan_batch_0005.csv
1213,c7a6c545-7e2b-452d-a116-1d724dbd9e34.json,0,Cabinet.011,48,0.5977,0.7477,-3.9323,-1.9343,0.9800,0.7800,True,prescan_batch_0005.csv
1214,f034b396-40ea-4ece-ab94-e07445475fa6.json,0,Cabinet.085,48,0.5974,0.7474,-3.7145,-2.6746,1.0000,0.8000,True,prescan_batch_0006.csv
1215,31067a38-bcda-4496-9cbf-f0d8e538ed7e.json,0,Cabinet.010,48,0.5969,0.7469,-1.9147,-3.4269,0.9950,0.7950,True,prescan_batch_0001.csv
1216,1bba9cf8-9a17-4f76-9e40-b735f453aa32.json,0,Cabinet.003,48,0.5965,0.7465,-0.7958,1.7363,0.9800,0.7800,True,prescan_batch_0000.csv
1217,ef3b2db3-0291-4ec4-ab26-87cda512e2fa.json,0,Cabinet.011,48,0.5961,0.7461,2.7645,3.4663,0.9800,0.7800,True,prescan_batch_0006.csv
1218,6f25efe5-1c2d-443a-a297-4f4f0a3688c8.json,0,Cabinet.162,48,0.5956,0.7456,-5.1854,0.5537,1.0370,0.8370,True,prescan_batch_0002.csv
1219,738b0195-666c-4e04-a95a-f667ab0529d7.json,0,Cabinet.023,48,0.5955,0.7455,-3.5737,1.8708,1.0370,0.8370,True,prescan_batch_0003.csv
1220,e6471913-4880-4757-b422-0fbc0ec6aa21.json,0,Cabinet.096,48,0.5952,0.7452,-3.8152,-3.7009,1.0220,0.8220,True,prescan_batch_0006.csv
1221,1e15c70d-e32b-4822-b9fa-c81b53a45969.json,0,Cabinet.001,48,0.5951,0.7451,-0.6623,-3.8392,0.9950,0.7950,True,prescan_batch_0000.csv
1222,38330463-78e6-4d25-bd89-9daf92d0cfb9.json,0,Cabinet.001,48,0.5949,0.7449,5.1264,3.2552,0.9950,0.7950,True,prescan_batch_0001.csv
1223,0f126d75-6db7-48fb-a514-909ecbe11964.json,0,Cabinet.001,48,0.5948,0.7448,0.8054,2.0461,0.9950,0.7950,True,prescan_batch_0000.csv
1224,97c19351-410a-4c7e-9d2f-1103fe7cbd0f.json,0,Cabinet.008,48,0.5946,0.7446,5.2265,-0.1077,0.9950,0.7950,True,prescan_batch_0004.csv
1225,5c1179cf-f40c-456b-ad4f-b3f70c7c5f02.json,0,Cabinet.081,48,0.5939,0.7439,-1.1332,-4.6314,1.0370,0.8370,True,prescan_batch_0002.csv
1226,0e563bef-ab48-4a9a-94c1-3018575fa499.json,0,Cabinet.090,48,0.5938,0.7438,4.3023,6.3833,1.0000,0.8000,True,prescan_batch_0000.csv
1227,7b615448-3c1e-4498-bd4e-39e5ff9357d6.json,0,Cabinet.010,48,0.5935,0.7435,-3.5439,-3.0832,1.4040,1.2040,True,prescan_batch_0003.csv
1228,315c503f-8ff6-4359-9c0a-321b144e89b9.json,0,Cabinet.033,48,0.5933,0.7433,-7.7294,-1.9203,0.9520,0.7520,True,prescan_batch_0001.csv
1229,f471112d-bd84-4827-9ef8-a3604947b5fa.json,0,Cabinet.013,48,0.5929,0.7429,-2.5164,-4.8736,0.9800,0.7800,True,prescan_batch_0006.csv
1230,648b8740-c145-4233-84f1-27f596c387e7.json,0,Cabinet.042,48,0.5924,0.7424,2.0781,-2.1534,0.9370,0.7370,True,prescan_batch_0002.csv
1231,1a336564-b639-4d0c-b57e-f1e4f0ffeee6.json,0,Cabinet.003,48,0.5920,0.7420,2.5423,3.0660,0.9800,0.7800,True,prescan_batch_0000.csv
1232,41c4da34-e8fa-4082-ac62-199a94f0aad5.json,0,Cabinet.138,48,0.5917,0.7417,4.9930,-3.6929,1.0370,0.8370,True,prescan_batch_0001.csv
1233,d48c19cb-6142-4344-aeb6-9ea23eb87ac2.json,0,Cabinet.070,48,0.5910,0.7410,-2.8467,-3.3023,1.0001,0.8001,True,prescan_batch_0005.csv
1234,994206c4-c697-480a-9825-85141dd8a205.json,0,Cabinet.004,48,0.5909,0.7409,4.7542,-0.6271,0.9800,0.7800,True,prescan_batch_0004.csv
1235,c796bf4a-4370-4430-b32d-e083407ccda1.json,0,Cabinet.109,48,0.5909,0.7409,2.4008,1.8909,1.0000,0.8000,True,prescan_batch_0005.csv
1236,f9439a8b-a044-40f3-a888-081aed61d306.json,0,Cabinet.079,48,0.5909,0.7409,-3.1528,-0.3128,1.0000,0.8000,True,prescan_batch_0006.csv
1237,55483029-ddcf-40cb-931e-bf9083cdf0e9.json,0,Cabinet.067,48,0.5905,0.7405,1.8085,-0.0956,1.0000,0.8000,True,prescan_batch_0002.csv
1238,2aaecec7-63e5-46cc-bc6e-5a78282af3b4.json,0,Cabinet.105,48,0.5902,0.7402,-8.5572,2.2871,1.0370,0.8370,True,prescan_batch_0001.csv
1239,76347b63-6e7e-419e-89b3-0fa82279515f.json,0,Cabinet.014,48,0.5902,0.7402,0.9931,-4.3406,0.9800,0.7800,True,prescan_batch_0003.csv
1240,397425d0-cb5b-4d48-87eb-4b0929c3e3b6.json,0,Cabinet.012,48,0.5901,0.7401,3.1868,-4.1405,0.9800,0.7800,True,prescan_batch_0001.csv
1241,1b4adff8-aee8-4b13-8ea3-44306cb05df3.json,0,Cabinet.105,48,0.5898,0.7398,-4.2762,0.1296,1.0000,0.8000,True,prescan_batch_0000.csv
1242,558ba1f7-b9eb-460b-a906-4551b446d2f0.json,0,Cabinet.043,48,0.5898,0.7398,-4.8539,0.2408,1.0000,0.8000,True,prescan_batch_0002.csv
1243,71d6b0a5-ba83-4df7-9a6d-703eedb14e20.json,0,Cabinet.147,48,0.5898,0.7398,2.8154,-4.7053,1.0000,0.8000,True,prescan_batch_0003.csv
1244,7450f4cb-39cd-412d-adba-8a639ac80933.json,0,Cabinet.064,48,0.5898,0.7398,0.5406,-4.8148,1.0000,0.8000,True,prescan_batch_0003.csv
1245,86bbd7c6-31bc-423a-88ba-554381085ef4.json,0,Cabinet.065,48,0.5898,0.7398,-5.8520,-0.5295,1.0000,0.8000,True,prescan_batch_0003.csv
1246,88de649c-9fea-443a-96bc-57df455997b0.json,0,Cabinet.043,48,0.5898,0.7398,-5.0716,0.1419,1.0000,0.8000,True,prescan_batch_0003.csv
1247,a76b20fd-d688-4bcd-9daf-5535e66959ad.json,0,Cabinet.183,48,0.5898,0.7398,-5.5269,0.3724,1.0000,0.8000,True,prescan_batch_0004.csv
1248,b964337b-988f-420e-be26-20f2f2c4682a.json,0,Cabinet.206,48,0.5898,0.7398,-1.3651,4.9305,1.0000,0.8000,True,prescan_batch_0004.csv
1249,be31bdd6-5442-4f4e-9e8c-dfac5576f5bd.json,0,Cabinet.206,48,0.5898,0.7398,-1.2310,4.9259,1.0000,0.8000,True,prescan_batch_0005.csv
1250,bf1f9223-5235-4860-ae2a-c59177e35fff.json,0,Cabinet.120,48,0.5898,0.7398,4.6732,-1.0576,1.0000,0.8000,True,prescan_batch_0005.csv
1251,deaa4ac0-8d13-423f-930f-78fb25825e8d.json,0,Cabinet.069,48,0.5898,0.7398,1.0335,-1.7231,0.9000,0.7000,True,prescan_batch_0005.csv
1252,fbef7a6c-6526-42da-b2c1-209ce8e3908c.json,0,Cabinet.055,48,0.5898,0.7398,-3.4523,0.3931,1.0000,0.8000,True,prescan_batch_0006.csv
1253,fc9350cb-aa47-4a71-8fa9-981be2676547.json,0,Cabinet.168,48,0.5898,0.7398,7.1938,0.4194,1.0000,0.8000,True,prescan_batch_0006.csv
1254,d3224dc6-1fc8-4488-9d28-462eb23e1f09.json,0,Cabinet.004,48,0.5892,0.7392,-5.5490,-0.3810,0.9800,0.7800,True,prescan_batch_0005.csv
1255,b089e0c9-5e85-40c7-8113-9b249778fa5c.json,0,Cabinet.088,48,0.5888,0.7388,10.1179,-4.0597,1.0001,0.8001,True,prescan_batch_0004.csv
1256,6781be34-9f34-4a35-ade2-793309810f55.json,0,Cabinet.062,48,0.5882,0.7382,-2.9526,-0.0629,1.0370,0.8370,True,prescan_batch_0002.csv
1257,9dc08332-0442-4e9b-975c-7c1b336d8d31.json,0,Cabinet.034,48,0.5880,0.7380,-12.0739,-2.7712,1.0370,0.8370,True,prescan_batch_0004.csv
1258,7878771b-1ec8-48f6-b0a7-75607d1b3e88.json,0,Cabinet.019,48,0.5870,0.7370,4.2688,0.6219,0.9800,0.7800,True,prescan_batch_0003.csv
1259,613659b3-841c-4862-978d-14c487fbb222.json,0,Cabinet.113,48,0.5868,0.7368,2.2305,3.4771,1.0370,0.8370,True,prescan_batch_0002.csv
1260,af615a27-5139-40d2-833a-e62fead6777b.json,0,Cabinet.011,48,0.5858,0.7358,-3.7478,-2.2526,1.0000,0.8000,True,prescan_batch_0004.csv
1261,53dd8916-335c-4370-b51f-dfe318b63aee.json,0,Cabinet.011,48,0.5857,0.7357,-2.7673,1.7782,0.9800,0.7800,True,prescan_batch_0002.csv
1262,f172f900-e52d-4b1f-890d-fb6edd1b8ae8.json,0,Cabinet.010,48,0.5856,0.7356,-1.3692,-5.4503,0.9950,0.7950,True,prescan_batch_0006.csv
1263,73783cba-89f1-4366-9152-c01461027c31.json,0,Cabinet.010,48,0.5852,0.7352,-0.6931,-1.6289,0.9800,0.7800,True,prescan_batch_0003.csv
1264,99ecf0c6-2f64-404d-8157-737163f160dc.json,0,Cabinet.184,48,0.5852,0.7352,2.3013,2.0300,1.0220,0.8220,True,prescan_batch_0004.csv
1265,bab46499-2458-45be-8b65-a0e4f3b41202.json,0,Cabinet.070,48,0.5852,0.7352,-3.0782,-7.1033,1.0370,0.8370,True,prescan_batch_0004.csv
1266,0b9766ba-35c9-4af7-8040-0fad2386a9b8.json,0,Cabinet.014,48,0.5848,0.7348,4.8052,0.4258,0.9800,0.7800,True,prescan_batch_0000.csv
1267,27c23b31-a500-43fc-adb5-3c05c6da9f52.json,0,Cabinet.104,48,0.5848,0.7348,9.2736,1.4218,1.0000,0.8000,True,prescan_batch_0001.csv
1268,c35449c5-4c8e-41f5-ae69-f208b9512b6e.json,0,Cabinet.049,48,0.5846,0.7346,3.5009,3.6701,1.0000,0.8000,True,prescan_batch_0005.csv
1269,6f7bd9e6-340d-44a7-bcc9-d94ffdaca69b.json,0,Cabinet.065,48,0.5844,0.7344,-2.9127,0.2143,1.0170,0.8170,True,prescan_batch_0002.csv
1270,9468a248-0aad-45be-a14e-1263dd308615.json,0,Cabinet.121,48,0.5844,0.7344,6.9198,-2.5672,1.0220,0.8220,True,prescan_batch_0003.csv
1271,a65d35b4-f9df-4d15-9cc2-fce1155974c1.json,0,Cabinet.046,48,0.5840,0.7340,-4.8212,0.9303,1.0000,0.8000,True,prescan_batch_0004.csv
1272,f419f189-23f4-42f6-89c1-838f09191f87.json,0,Cabinet.019,48,0.5835,0.7335,0.8362,-4.9509,0.9800,0.7800,True,prescan_batch_0006.csv
1273,a7a7529d-7799-4213-9ed2-384be3540fe1.json,0,Cabinet.014,48,0.5829,0.7329,4.7182,0.4274,0.9800,0.7800,True,prescan_batch_0004.csv
1274,272c0b8c-7ea9-4b33-8265-687b22cb12e3.json,0,Cabinet.016,48,0.5826,0.7326,-6.5257,0.9023,0.9950,0.7950,True,prescan_batch_0001.csv
1275,bc92033b-58d0-41ac-8617-43f166777663.json,0,Cabinet.012,48,0.5826,0.7326,0.7311,-4.5386,0.9950,0.7950,True,prescan_batch_0005.csv
1276,c964fbed-8a87-4882-9aad-7d59d885219a.json,0,Cabinet.020,48,0.5822,0.7322,-3.8862,-0.0355,1.0370,0.8370,True,prescan_batch_0005.csv
1277,263d93fc-42cc-45b2-9149-aa9feda6654d.json,0,Cabinet.107,48,0.5820,0.7320,0.0511,4.5182,1.0220,0.8220,True,prescan_batch_0001.csv
1278,3d21db7b-a4e8-45d1-9389-abce40c98016.json,0,Cabinet.089,48,0.5819,0.7319,2.8689,-3.2117,1.0000,0.8000,True,prescan_batch_0001.csv
1279,d81e0b1f-c11e-4a88-974f-4c570fb22a20.json,0,Cabinet.054,48,0.5817,0.7317,-2.6030,-4.4683,1.0220,0.8220,True,prescan_batch_0005.csv
1280,cb1ef6a5-adb6-4e11-b23c-af48aba32678.json,0,Cabinet.004,48,0.5816,0.7316,2.6645,-0.1092,0.9800,0.7800,True,prescan_batch_0005.csv
1282,4ae64ebd-5968-4246-bc51-d1bcefab622b.json,0,Cabinet.004,48,0.5810,0.7310,-2.2646,1.1113,0.9800,0.7800,True,prescan_batch_0001.csv
1283,a4f3cf0f-0722-4cab-b6fe-02ac4aadc6af.json,0,Cabinet.122,48,0.5806,0.7306,-1.4683,-1.7042,1.0220,0.8220,True,prescan_batch_0004.csv
1284,89f96fa2-03f4-412e-b893-bfc3408c7737.json,0,Cabinet.119,48,0.5805,0.7305,4.0403,-9.8170,1.0370,0.8370,True,prescan_batch_0003.csv
1285,e3674f54-28aa-44af-8651-c98d831ef27e.json,0,Cabinet.009,48,0.5805,0.7305,0.5949,-4.0109,0.9800,0.7800,True,prescan_batch_0006.csv
1286,856c1df0-c383-4960-819e-e9caddd88631.json,0,Tea Table.008,3,0.5798,0.7298,0.5956,1.5050,1.1766,0.9766,True,prescan_batch_0003.csv
1287,798fa7f1-1645-4751-96ca-26d2b834b2d0.json,0,Cabinet.093,48,0.5795,0.7295,2.8457,-4.8802,1.0370,0.8370,True,prescan_batch_0003.csv
1288,339e454d-b3a8-4de8-97e8-cfc8aa37cca4.json,0,Cabinet.010,48,0.5782,0.7282,0.8070,1.2129,0.9950,0.7950,True,prescan_batch_0001.csv
1289,6e8a34d5-70b2-481e-af7f-52f649b6733c.json,0,cabinet,48,0.5781,0.7281,-0.5506,-2.2304,1.0203,0.8203,True,prescan_batch_0002.csv
1290,9867e853-a25a-42ec-bb4d-06bb1bce0023.json,0,Cabinet.061,48,0.5778,0.7278,3.3744,-4.1122,1.0000,0.8000,True,prescan_batch_0004.csv
1291,8b6fe022-f180-46df-8230-f86de5c4fc14.json,0,Cabinet.003,48,0.5777,0.7277,3.3293,2.1220,0.9800,0.7800,True,prescan_batch_0003.csv
1292,8da0ebcf-40c7-46e2-a138-1174a9d16534.json,0,Cabinet.012,48,0.5777,0.7277,-1.3919,-0.0011,0.9800,0.7800,True,prescan_batch_0003.csv
1293,f451b16e-3457-41e1-8f08-b56265549833.json,0,Cabinet.017,48,0.5768,0.7268,-0.8952,4.6149,0.9800,0.7800,True,prescan_batch_0006.csv
1294,79090604-70df-47d2-98e7-62087f358e6e.json,0,Cabinet.011,48,0.5766,0.7266,-1.9758,-4.6513,0.9800,0.7800,True,prescan_batch_0003.csv
1295,b5d3f0c5-d27d-4a4b-a625-8cae05350152.json,0,Cabinet.001,48,0.5766,0.7266,-3.5054,-3.2674,0.9950,0.7950,True,prescan_batch_0004.csv
1296,ee165625-1a56-41fa-b145-232f235a4257.json,0,Cabinet.022,48,0.5765,0.7265,-0.1280,1.7806,0.9800,0.7800,True,prescan_batch_0006.csv
1297,65f862fe-7cee-4e29-9ff1-b9a73396a5ac.json,0,Cabinet.216,48,0.5764,0.7264,2.5596,2.8627,1.0000,0.8000,True,prescan_batch_0002.csv
1298,2197e2a4-b267-4eb5-973c-e82e5304abb6.json,0,Cabinet.044,48,0.5763,0.7263,3.8466,2.3116,1.0170,0.8170,True,prescan_batch_0000.csv
1299,b2cdbdb3-1b72-49ad-81eb-f130c9acd170.json,0,Cabinet.017,48,0.5763,0.7263,1.3374,-3.0505,0.9800,0.7800,True,prescan_batch_0004.csv
1300,73818192-7ca3-4161-8cf1-ca3e5e51b1ab.json,0,Cabinet.031,48,0.5751,0.7251,2.2569,3.8424,1.0220,0.8220,True,prescan_batch_0003.csv
1301,41c1a866-1f75-4f21-9408-a4444e8135b2.json,0,Cabinet.068,48,0.5743,0.7243,4.5021,3.4808,1.0370,0.8370,True,prescan_batch_0001.csv
1302,84b5a5c0-c0e6-402e-ad1b-de3ce26ba9e8.json,0,Cabinet.009,48,0.5743,0.7243,0.8686,-4.0512,0.9800,0.7800,True,prescan_batch_0003.csv
1303,b9d37690-fea3-4845-a0f0-4d490b35614d.json,0,Cabinet.074,48,0.5743,0.7243,4.6379,-2.1248,1.0370,0.8370,True,prescan_batch_0004.csv
1304,54110274-1994-47ce-b51a-5a728b81830e.json,0,Cabinet.011,48,0.5735,0.7235,5.1751,1.2484,0.9800,0.7800,True,prescan_batch_0002.csv
1305,fe74af37-407d-4335-910c-1dc03e0c9303.json,0,Cabinet.001,48,0.5735,0.7235,1.7297,-3.6728,0.9950,0.7950,True,prescan_batch_0006.csv
1306,54ac6cd3-5c5a-40dd-823e-c4d159673810.json,0,Cabinet.011,48,0.5731,0.7231,-0.0585,-5.6580,0.9800,0.7800,True,prescan_batch_0002.csv
1307,9fdf3141-0670-4eb5-b37e-aed37d45b260.json,0,Cabinet.041,48,0.5731,0.7231,-5.5119,0.2204,1.0370,0.8370,True,prescan_batch_0004.csv
1309,51a789b5-f6cc-4437-ba6b-bfdc41e2e46d.json,0,cabinet,48,0.5725,0.7225,2.5499,3.6106,0.9769,0.7769,True,prescan_batch_0002.csv
1310,cdab8f42-2ccd-45c9-a6c1-7cd196152293.json,0,Cabinet.096,48,0.5724,0.7224,-3.7981,-6.4206,0.9220,0.7220,True,prescan_batch_0005.csv
1313,2eda727a-ae93-4af9-bf12-4104825a19d6.json,0,Cabinet.084,48,0.5721,0.7221,-0.9754,-0.0465,1.0000,0.8000,True,prescan_batch_0001.csv
1314,2db22595-4053-4976-93c3-244fc17a0cbf.json,0,Cabinet.012,48,0.5720,0.7220,-5.4354,3.3095,0.9800,0.7800,True,prescan_batch_0001.csv
1315,95f3ed13-768e-4d9e-9c55-47c0bbc213fd.json,0,Cabinet.012,48,0.5715,0.7215,-5.4286,1.9522,0.9950,0.7950,True,prescan_batch_0003.csv
1316,bca32cf2-ae82-4d97-969e-d6fb5493e382.json,0,Cabinet.050,48,0.5713,0.7213,2.3590,4.0865,1.0000,0.8000,True,prescan_batch_0005.csv
1317,5792b8e5-0f27-43b5-bb15-100d468977e5.json,0,Cabinet.012,48,0.5712,0.7212,0.2279,-2.7201,0.9800,0.7800,True,prescan_batch_0002.csv
1318,e09e82fb-cfc4-4bf6-a3db-f1c156825022.json,0,table.003,36,0.5711,0.7211,3.1662,-0.3500,1.3985,1.1985,True,prescan_batch_0005.csv
1319,58bc5a5b-c6b3-4228-8a1f-718788f40ecc.json,0,table.003,36,0.5710,0.7210,3.1662,-0.3520,1.3985,1.1985,True,prescan_batch_0002.csv
1320,e75e3c07-5b75-4a26-8933-cb6050aa6678.json,0,Cabinet.030,48,0.5709,0.7209,1.0018,-2.6206,1.0000,0.8000,True,prescan_batch_0006.csv
1321,ac84aa94-08c2-476f-8565-b66ba5088288.json,0,Cabinet.056,48,0.5705,0.7205,1.0506,-5.7571,1.0220,0.8220,True,prescan_batch_0004.csv
1322,e00d4702-e681-4d67-90e0-bed64fee50a5.json,0,Cabinet.004,48,0.5705,0.7205,0.9390,0.7014,0.9800,0.7800,True,prescan_batch_0005.csv
1323,de513c79-61f9-4689-b671-fad361e605a3.json,0,Cabinet.011,48,0.5702,0.7202,3.0376,3.0811,0.9800,0.7800,True,prescan_batch_0005.csv
1324,ffb067ad-cf9a-4321-82ae-4e684c59ea3e.json,0,Cabinet.064,48,0.5702,0.7202,-1.3737,4.9114,1.0000,0.8000,True,prescan_batch_0006.csv
1325,1b37464e-7502-4990-a740-b6eedc419c8f.json,0,Cabinet.121,48,0.5700,0.7200,6.3344,-2.5531,1.0220,0.8220,True,prescan_batch_0000.csv
1326,fdd2ad6a-00cf-49f7-b5c5-e6613b59b23d.json,0,Cabinet.008,48,0.5695,0.7195,-1.3507,-3.7196,0.9800,0.7800,True,prescan_batch_0006.csv
1327,f372d711-1b30-41a6-842c-05d278aca5b0.json,0,Cabinet.010,48,0.5693,0.7193,4.7660,0.7782,0.9950,0.7950,True,prescan_batch_0006.csv
1328,1b2b6c1d-9edc-471a-93f3-da844af660d5.json,0,Cabinet.088,48,0.5690,0.7190,-1.2841,-4.4309,1.0000,0.8000,True,prescan_batch_0000.csv
1329,9d644922-031a-41ae-9cee-b3a445612ffe.json,0,Cabinet.066,48,0.5689,0.7189,3.9638,0.8881,1.0370,0.8370,True,prescan_batch_0004.csv
1330,fdda8473-43ac-4012-9735-6b9ad6109b7d.json,0,Cabinet.067,48,0.5674,0.7174,2.0667,-3.7959,1.0370,0.8370,True,prescan_batch_0006.csv
1331,b0a8d497-5e4d-4aa4-837b-276a34e9987c.json,0,Cabinet.011,48,0.5665,0.7165,-5.9419,-1.9940,0.9800,0.7800,True,prescan_batch_0004.csv
1332,c747001e-0384-4137-89f8-5091370971fe.json,0,Cabinet.034,48,0.5662,0.7162,0.3335,-4.2042,1.0370,0.8370,True,prescan_batch_0005.csv
1333,6bde9708-fd42-4cf1-bdf1-a291639a71cd.json,0,Cabinet.043,48,0.5661,0.7161,2.4132,-1.0200,1.0220,0.8220,True,prescan_batch_0002.csv
1334,82a7d3a7-7fe0-4bfd-82b7-05c56353983c.json,0,Cabinet.084,48,0.5661,0.7161,5.8616,0.9650,1.0220,0.8220,True,prescan_batch_0003.csv
1335,6e097893-9d0d-47c7-a546-e1c698db3acf.json,0,Cabinet.035,48,0.5660,0.7160,2.7463,0.7987,1.0000,0.8000,True,prescan_batch_0002.csv
1336,7652d989-386d-4037-8f77-828fcae6ec2c.json,0,Cabinet.067,48,0.5660,0.7160,3.1088,0.5726,1.0220,0.8220,True,prescan_batch_0003.csv
1338,f0875d1f-8f00-4f79-a0cb-c464b246bbef.json,0,Cabinet.011,48,0.5657,0.7157,-2.4358,-3.5936,0.9800,0.7800,True,prescan_batch_0006.csv
1339,2ad0682d-77c6-420a-bc7c-157447bc6481.json,0,Cabinet.099,48,0.5647,0.7147,2.3239,3.6104,1.0370,0.8370,True,prescan_batch_0001.csv
1340,a350e94b-5bf5-4c71-b120-03eb4ef5ad23.json,0,cabinet,48,0.5638,0.7138,-0.3295,-1.5518,1.0203,0.8203,True,prescan_batch_0004.csv
1341,45dd5d6b-18e0-4bb6-ac53-390f0083c949.json,0,Cabinet.042,48,0.5636,0.7136,-3.0862,0.9623,1.0000,0.8000,True,prescan_batch_0001.csv
1342,f8ee1c9b-799e-4137-80ea-b9a5c240d988.json,0,Cabinet.010,48,0.5633,0.7133,-3.2007,-1.4316,0.9950,0.7950,True,prescan_batch_0006.csv
1343,55527c3b-b4be-4a79-bfc8-58fc522e2901.json,0,Cabinet.084,48,0.5627,0.7127,3.9028,0.5983,0.9220,0.7220,True,prescan_batch_0002.csv
1344,e8f66ab3-518a-47fd-a828-34590e4156ad.json,0,Cabinet.057,48,0.5627,0.7127,-3.3671,-3.4156,1.0370,0.8370,True,prescan_batch_0006.csv
1345,37148fed-ae60-40b4-a86e-1bbe500862a5.json,0,Cabinet.096,48,0.5624,0.7124,-3.6648,4.7429,1.0000,0.8000,True,prescan_batch_0001.csv
1346,fc3e6faa-b614-4d9c-87bb-e2c67de6f6b3.json,0,Cabinet.028,48,0.5623,0.7123,4.4950,1.1804,1.0000,0.8000,True,prescan_batch_0006.csv
1347,f2e4a9e6-3c1a-4638-973c-37e84115bbd1.json,0,Cabinet.059,48,0.5614,0.7114,-0.8925,-1.6111,0.9000,0.7000,True,prescan_batch_0006.csv
1349,81c47424-f98c-418d-b810-ad23e586b3b2.json,0,Cabinet.019,48,0.5602,0.7102,-3.0457,0.4523,1.0370,0.8370,True,prescan_batch_0003.csv
1350,6218a3c5-d774-4cb1-b203-90619927f79b.json,0,Cabinet.017,48,0.5601,0.7101,-0.8134,-5.3031,0.9800,0.7800,True,prescan_batch_0002.csv
1351,43921e8e-fbe4-4eca-b1be-99969dda2224.json,0,Cabinet.032,48,0.5600,0.7100,0.7379,-3.9606,1.0000,0.8000,True,prescan_batch_0001.csv
1352,3607c335-0895-45e4-89e5-3f51d5dca2a7.json,0,Cabinet.007,48,0.5596,0.7096,3.2045,-0.9723,0.9800,0.7800,True,prescan_batch_0001.csv
1353,e7a536ea-8c2b-4bbd-81db-fb503e466d74.json,0,Cabinet.013,48,0.5588,0.7088,-3.5554,-0.0090,0.9800,0.7800,True,prescan_batch_0006.csv
1354,6400fde7-9e67-42dc-9966-670e0a3ade78.json,0,Cabinet.017,48,0.5587,0.7087,-1.1955,-3.6738,0.9800,0.7800,True,prescan_batch_0002.csv
1355,9bf7779c-3afd-474d-8343-05df08fda70c.json,0,Cabinet.009,48,0.5583,0.7083,-1.1354,-4.7010,0.9800,0.7800,True,prescan_batch_0004.csv
1356,26db0bdf-df93-44e3-a5a4-5ec61fb1fd7d.json,0,Cabinet.194,48,0.5580,0.7080,10.1412,-4.9529,1.0000,0.8000,True,prescan_batch_0001.csv
1357,f242015d-0a67-4ac7-a5ad-30199df3e02c.json,0,Cabinet.011,48,0.5579,0.7079,-1.0396,0.9632,0.9800,0.7800,True,prescan_batch_0006.csv
1358,bef459c6-112e-4678-b361-a345e3da9c0d.json,0,Cabinet.003,48,0.5571,0.7071,-0.1519,-3.4962,0.9800,0.7800,True,prescan_batch_0005.csv
1359,8c9a9131-79d7-4707-9566-35b18e8dd7fe.json,0,Cabinet.016,48,0.5567,0.7067,-3.9178,3.0886,0.9800,0.7800,True,prescan_batch_0003.csv
1360,bdaf4b80-2c85-4958-8a51-50b8a690ea6b.json,0,Cabinet.009,48,0.5560,0.7060,-5.6060,-0.3833,0.9800,0.7800,True,prescan_batch_0005.csv
1361,2c7a37a1-33c5-4f04-bea7-cbfa53e2a4f2.json,0,Cabinet.079,48,0.5555,0.7055,-3.9328,1.0679,1.0220,0.8220,True,prescan_batch_0001.csv
1362,f2904668-3f84-4395-afe2-2c34074c258f.json,0,Cabinet.066,48,0.5555,0.7055,-4.8593,2.6101,1.0220,0.8220,True,prescan_batch_0006.csv
1363,7f6a4e30-16a8-4355-bfc4-01573473ca62.json,0,Cabinet.093,48,0.5550,0.7050,-3.5454,2.6134,1.0370,0.8370,True,prescan_batch_0003.csv
1364,660c078b-30de-4d0f-964c-64e2c51eb992.json,0,Cabinet.014,48,0.5549,0.7049,3.3362,-2.0329,0.9800,0.7800,True,prescan_batch_0002.csv
1365,58064c7d-8e8b-4149-9b3a-672cf22d4733.json,0,Cabinet.012,48,0.5548,0.7048,4.0965,-3.4782,0.9950,0.7950,True,prescan_batch_0002.csv
1366,34fa0d95-9e58-49dc-9f98-2c4554be7700.json,0,Cabinet.031,48,0.5545,0.7045,2.9612,0.8033,1.0220,0.8220,True,prescan_batch_0001.csv
1367,6c875afb-907a-48d1-98be-73168ea0c6ee.json,0,Cabinet.004,48,0.5544,0.7044,2.2282,-0.8296,0.9800,0.7800,True,prescan_batch_0002.csv
1372,a92d096e-20d4-4426-95a7-ada1d9f309ab.json,0,Cabinet.017,48,0.5541,0.7041,-2.3113,-6.0523,0.9800,0.7800,True,prescan_batch_0004.csv
1373,0e72f832-7030-4de0-a194-581120057dcf.json,0,Cabinet.059,48,0.5532,0.7032,-3.5177,-2.3951,1.0220,0.8220,True,prescan_batch_0000.csv
1374,0d699125-c20e-445b-aed1-1534519a6558.json,0,Cabinet.004,48,0.5529,0.7029,-2.8776,2.9936,0.9800,0.7800,True,prescan_batch_0000.csv
1375,97980fab-7bf0-4887-9fa9-68cc9138c717.json,0,Cabinet.144,48,0.5528,0.7028,9.3529,1.6242,1.0000,0.8000,True,prescan_batch_0004.csv
1376,29638307-5de7-4127-b7d0-aa3ac4ac8567.json,0,Cabinet.145,48,0.5525,0.7025,2.9547,-4.8157,1.0370,0.8370,True,prescan_batch_0001.csv
1377,3bdc611f-0626-4f7c-bb3d-1907ce0c7cbc.json,0,Cabinet.090,48,0.5522,0.7022,-3.9081,1.6845,1.0370,0.8370,True,prescan_batch_0001.csv
1378,ccea4c57-7d27-4074-916f-713e108e8036.json,0,Cabinet.095,48,0.5522,0.7022,2.2696,3.5671,1.0000,0.8000,True,prescan_batch_0005.csv
1379,bf4d05fc-826d-4a7b-a938-373e42688dda.json,0,Cabinet.017,48,0.5514,0.7014,-3.8193,-6.0781,0.9800,0.7800,True,prescan_batch_0005.csv
1380,782f114b-acc4-4fb1-b3ed-d550b7210e49.json,0,Cabinet.012,48,0.5512,0.7012,-0.7822,1.3143,0.9950,0.7950,True,prescan_batch_0003.csv
1381,96b4ad30-c4f6-4569-9bd1-6b5da143be3f.json,0,Cabinet.015,48,0.5512,0.7012,-3.4228,-0.8985,0.9800,0.7800,True,prescan_batch_0003.csv
1382,fe559d1c-7fdb-4193-ace1-63296877b3e4.json,0,Cabinet.004,48,0.5512,0.7012,2.5442,-3.9739,0.9800,0.7800,True,prescan_batch_0006.csv
1383,2bc35e4c-6aa3-4188-8f19-0fd03fe7ebd1.json,0,Cabinet.047,48,0.5505,0.7005,0.3781,-3.9600,1.0370,0.8370,True,prescan_batch_0001.csv
1384,9d387109-826f-4d1f-9a99-578f1d791cc0.json,0,Cabinet.080,48,0.5505,0.7005,-2.7082,4.5278,1.0220,0.8220,True,prescan_batch_0004.csv
1385,fccdabaa-fcb2-49bc-8dd7-863f7bc927e7.json,0,Cabinet.001,48,0.5503,0.7003,-4.8853,1.8230,0.9950,0.7950,True,prescan_batch_0006.csv
1386,cfa7ff85-8109-4ff4-9b06-c2d64224b3d5.json,0,Cabinet.099,48,0.5502,0.7002,-2.7014,-3.4727,0.9220,0.7220,True,prescan_batch_0005.csv
1387,93654288-7735-444b-b127-fbde096e7ad2.json,0,Cabinet.093,48,0.5496,0.6996,-0.9092,3.8886,1.0420,0.8420,True,prescan_batch_0003.csv
1388,4fdb87d5-1a09-45f2-bbc7-da8a5c4c5642.json,0,Cabinet.004,48,0.5491,0.6991,-1.8516,2.8827,0.9800,0.7800,True,prescan_batch_0002.csv
1389,c7714c19-506d-4f2f-b7f7-88bc33b906f9.json,0,Cabinet.011,48,0.5489,0.6989,-2.1062,-3.7406,0.9800,0.7800,True,prescan_batch_0005.csv
1390,28d091d1-a89f-45b5-b978-4b0c77a0dd14.json,0,Cabinet.147,48,0.5486,0.6986,2.8673,-4.7966,1.0000,0.8000,True,prescan_batch_0001.csv
1391,52cd62fe-d147-47f0-a916-e8277f654fb3.json,0,Cabinet.147,48,0.5484,0.6984,2.3770,-2.6689,1.0313,0.8313,True,prescan_batch_0002.csv
1392,a3f81bd7-38e9-4209-a6b8-9c79e709761b.json,0,Cabinet.012,48,0.5483,0.6983,-3.6149,-3.2279,0.9950,0.7950,True,prescan_batch_0004.csv
1393,b9e6becb-4361-420b-930f-e78191312696.json,0,Cabinet.036,48,0.5479,0.6979,-12.6577,-2.8317,1.0000,0.8000,True,prescan_batch_0004.csv
1394,29de9cfc-57d4-46d9-a40c-bdc7991f6902.json,0,Cabinet.009,48,0.5477,0.6977,-4.0807,1.2124,0.9800,0.7800,True,prescan_batch_0001.csv
1395,807ccf8e-f477-4188-81be-0f0e00266f8c.json,0,Cabinet.059,48,0.5477,0.6977,-4.9820,2.7845,1.0000,0.8000,True,prescan_batch_0003.csv
1396,2c1acd46-3c34-4f04-879d-0a0cb7aa7354.json,0,Cabinet.013,48,0.5472,0.6972,3.3235,-0.9693,0.9800,0.7800,True,prescan_batch_0001.csv
1397,d86f03dc-7900-486d-97f2-4eba7f7f41cd.json,0,Cabinet.070,48,0.5470,0.6970,-3.2167,0.3003,1.0220,0.8220,True,prescan_batch_0005.csv
1398,fb8811e2-7290-48d8-af40-fd60b5231fb3.json,0,Cabinet.010,48,0.5469,0.6969,-2.4127,-0.8034,0.9800,0.7800,True,prescan_batch_0006.csv
1399,70c9a751-d89a-407d-8d00-be9796955323.json,0,Cabinet.004,48,0.5462,0.6962,4.3161,-4.5497,0.9800,0.7800,True,prescan_batch_0003.csv
1400,6490d051-3de1-42b5-970f-c940ae01730e.json,0,Cabinet.003,48,0.5460,0.6960,-4.4910,-5.3712,0.9800,0.7800,True,prescan_batch_0002.csv
1401,ae6e05dc-ce87-415f-b98e-3349488d984b.json,0,Cabinet.105,48,0.5457,0.6957,2.0897,2.3966,1.0000,0.8000,True,prescan_batch_0004.csv
1402,256b9a4b-2c0c-46ee-9766-d23e9da8dc58.json,0,Cabinet.208,48,0.5456,0.6956,-3.7051,1.2832,1.0000,0.8000,True,prescan_batch_0001.csv
1403,5b19af6a-1fd9-4903-96d5-f36433bd1fd6.json,0,Cabinet.010,48,0.5448,0.6948,-0.8146,-4.0123,0.9950,0.7950,True,prescan_batch_0002.csv
1404,717acc1d-2b59-4dfb-9d9f-6863b548a1ec.json,0,Cabinet.072,48,0.5446,0.6946,-5.2741,1.2136,1.0000,0.8000,True,prescan_batch_0003.csv
1405,885b27c2-0224-47a3-bd0d-5d1bfe2c164b.json,0,Cabinet.008,48,0.5445,0.6945,-1.0206,1.4646,0.9950,0.7950,True,prescan_batch_0003.csv
1406,463b244a-42b5-4340-8da3-7a291f989c80.json,0,Cabinet.042,48,0.5442,0.6942,-5.4226,2.5750,1.0370,0.8370,True,prescan_batch_0001.csv
1407,86ee5b13-72d1-4100-a8af-0e86d7e69aa4.json,0,Cabinet.076,48,0.5442,0.6942,0.4079,-4.8471,1.0370,0.8370,True,prescan_batch_0003.csv
1408,03704744-6330-41f6-9983-928466e9a39b.json,0,Cabinet.168,48,0.5441,0.6941,-1.9825,3.2390,1.0370,0.8370,True,prescan_batch_0000.csv
1409,0b851a7f-d0ec-48fb-a9f2-736b1cccf44a.json,0,Cabinet.001,48,0.5441,0.6941,-0.9111,-2.0230,0.9950,0.7950,True,prescan_batch_0000.csv
1410,15d07e45-2761-43ed-8dfc-f9d4ef58041d.json,0,Cabinet.012,48,0.5441,0.6941,3.5597,1.3793,0.9950,0.7950,True,prescan_batch_0000.csv
1411,1842755f-ecd4-40f3-9091-9d113dc619a2.json,0,Cabinet.001,48,0.5441,0.6941,-0.6135,0.8996,0.9950,0.7950,True,prescan_batch_0000.csv
1412,1960c136-ed10-45b9-b19c-03765a6abdc8.json,0,Cabinet.001,48,0.5441,0.6941,-1.7268,-2.8986,0.9950,0.7950,True,prescan_batch_0000.csv
1413,1da9156e-927b-42e0-a242-e13513e9fcad.json,0,Cabinet.001,48,0.5441,0.6941,-4.7699,-2.3020,0.9950,0.7950,True,prescan_batch_0000.csv
1414,1e12ac7d-0584-47a4-8f90-b6086554e128.json,0,Cabinet.015,48,0.5441,0.6941,-0.2573,-5.4482,0.9950,0.7950,True,prescan_batch_0000.csv
1415,28b6d4f9-d046-4b60-9b0d-094bc1e39646.json,0,Cabinet.001,48,0.5441,0.6941,-3.8266,-1.1472,0.9950,0.7950,True,prescan_batch_0001.csv
1416,32dd29ac-fa73-4838-9ab3-ccc0e654c56d.json,0,Cabinet.001,48,0.5441,0.6941,-0.9683,-5.1038,0.9950,0.7950,True,prescan_batch_0001.csv
1417,452e4d2c-83b6-4304-baac-3ae521a67738.json,0,Cabinet.040,48,0.5441,0.6941,2.2536,-1.1543,1.0370,0.8370,True,prescan_batch_0001.csv
1418,46bd67dc-caae-4fcb-b660-525c940af26f.json,0,Cabinet.091,48,0.5441,0.6941,3.5806,-5.6195,1.0370,0.8370,True,prescan_batch_0001.csv
1419,4d277e9f-b0ee-4b79-90c4-80d6f7dbd0fd.json,0,Cabinet.040,48,0.5441,0.6941,2.3817,-1.0682,1.0370,0.8370,True,prescan_batch_0002.csv
1420,4e9d7ded-71a8-4b5b-b7f9-d7cb0b8e1b59.json,0,Cabinet.010,48,0.5441,0.6941,-0.8498,-4.2051,0.9950,0.7950,True,prescan_batch_0002.csv
1421,5549a237-e795-4893-870c-33c27eb02bc3.json,0,Cabinet.012,48,0.5441,0.6941,3.2763,-2.4924,0.9950,0.7950,True,prescan_batch_0002.csv
1422,590a815e-df76-4dfe-bc5f-b4ee2c0d5740.json,0,Cabinet.147,48,0.5441,0.6941,-4.7884,-1.4930,1.0370,0.8370,True,prescan_batch_0002.csv
1423,5b7bf503-5167-46bb-bcda-533602c060be.json,0,Cabinet.010,48,0.5441,0.6941,-1.0363,-4.4103,0.9950,0.7950,True,prescan_batch_0002.csv
1424,5b80db18-446e-401e-909b-747de26f6c54.json,0,Cabinet.001,48,0.5441,0.6941,-2.5514,-4.5581,0.9950,0.7950,True,prescan_batch_0002.csv
1425,5d778814-7181-4c54-bf6c-b1ee5691cd85.json,0,Cabinet.014,48,0.5441,0.6941,-3.5953,-5.0614,0.9950,0.7950,True,prescan_batch_0002.csv
1426,5e00e9df-d996-4b30-9137-4d39bf1ea713.json,0,Cabinet.008,48,0.5441,0.6941,-3.0970,2.7882,0.9950,0.7950,True,prescan_batch_0002.csv
1427,66d24a27-e8dd-42e5-b5bb-ef4723829b54.json,0,Cabinet.018,48,0.5441,0.6941,-2.6511,-3.7671,0.9950,0.7950,True,prescan_batch_0002.csv
1428,733aa566-0120-43c8-afe3-ab36ae21d3b7.json,0,Cabinet.001,48,0.5441,0.6941,-4.5692,0.6463,0.9950,0.7950,True,prescan_batch_0003.csv
1429,74f3cfe0-516e-4fd7-9dbd-b41801cb3d72.json,0,Cabinet.091,48,0.5441,0.6941,3.6680,-5.8206,1.0370,0.8370,True,prescan_batch_0003.csv
1430,80261497-c204-4078-8155-a0a435138c70.json,0,Cabinet.001,48,0.5441,0.6941,-5.5668,0.2216,0.9950,0.7950,True,prescan_batch_0003.csv
1431,80c650a0-8b67-44a3-ab43-bf5c96522bea.json,0,Cabinet.108,48,0.5441,0.6941,0.4598,-4.6900,1.0370,0.8370,True,prescan_batch_0003.csv
1432,90ef3333-91b7-42d9-8da4-757e8893110f.json,0,Cabinet.071,48,0.5441,0.6941,-0.5113,-3.3924,1.0150,0.8150,True,prescan_batch_0003.csv
1433,987bfa8c-edf6-40a7-87c2-f49e4e8c5a16.json,0,Cabinet.010,48,0.5441,0.6941,0.8641,2.7778,0.9950,0.7950,True,prescan_batch_0004.csv
1434,a8cee5db-8701-4927-819e-92a610240975.json,0,Cabinet.001,48,0.5441,0.6941,0.9469,3.6959,0.9950,0.7950,True,prescan_batch_0004.csv
1435,aa7ed7ec-e587-4c47-bf33-c4de0cac0f44.json,0,Cabinet.188,48,0.5441,0.6941,-4.2256,-0.5831,1.0370,0.8370,True,prescan_batch_0004.csv
1436,aeeeea78-c030-4ea8-bedb-6688383c7b37.json,0,Cabinet.001,48,0.5441,0.6941,-6.3046,-0.2924,0.9950,0.7950,True,prescan_batch_0004.csv
1437,b01fbcd3-a49b-4cdb-a04e-743db03d3d87.json,0,Cabinet.010,48,0.5441,0.6941,-5.6667,-3.5896,0.9950,0.7950,True,prescan_batch_0004.csv
1438,b1740366-9cec-4420-9f42-a2e5d0302df8.json,0,Cabinet.014,48,0.5441,0.6941,-4.2951,-1.9694,0.9950,0.7950,True,prescan_batch_0004.csv
1439,be1f3c71-ec18-4ebd-be16-1e0c43738d39.json,0,Cabinet.001,48,0.5441,0.6941,6.0066,4.0606,0.9950,0.7950,True,prescan_batch_0005.csv
1440,be6a445d-9081-40b3-a342-033a23d87c24.json,0,Cabinet.090,48,0.5441,0.6941,-3.9893,1.5754,1.0370,0.8370,True,prescan_batch_0005.csv
1441,c3a91c87-0b3a-4605-829c-55cd74f082fd.json,0,Cabinet.001,48,0.5441,0.6941,-6.1571,-0.8511,0.9950,0.7950,True,prescan_batch_0005.csv
1442,c507ffd9-3ddf-43de-bc8b-ab84a4830144.json,0,Cabinet.235,48,0.5441,0.6941,-6.2273,7.5422,1.0370,0.8370,True,prescan_batch_0005.csv
1443,c789545c-e098-4f51-a366-5e52f0f39234.json,0,Cabinet.018,48,0.5441,0.6941,5.9457,-0.7929,0.9950,0.7950,True,prescan_batch_0005.csv
1444,caa3f535-0281-4013-9c8f-76d739293185.json,0,Cabinet.001,48,0.5441,0.6941,-4.5357,1.3886,0.9950,0.7950,True,prescan_batch_0005.csv
1445,cd11f2c7-47e5-4dac-b8a8-b319052b6a29.json,0,Cabinet.012,48,0.5441,0.6941,-2.7741,-4.4763,0.9950,0.7950,True,prescan_batch_0005.csv
1446,d69d3466-c783-46f4-afc4-9d9bafd1f56e.json,0,Cabinet.232,48,0.5441,0.6941,-5.0767,2.0352,1.0370,0.8370,True,prescan_batch_0005.csv
1447,ddd6ce30-4d99-442b-9886-37e431cfdaa0.json,0,Cabinet.090,48,0.5441,0.6941,-1.1478,-2.6235,1.0370,0.8370,True,prescan_batch_0005.csv
1448,e60add0b-e098-43fb-8555-704624ea66a6.json,0,Cabinet.097,48,0.5441,0.6941,2.0368,5.2197,1.0370,0.8370,True,prescan_batch_0006.csv
1449,fa3b6dec-1159-425f-b9bb-aa4e535e56d1.json,0,Cabinet.012,48,0.5441,0.6941,-4.0820,1.0113,0.9950,0.7950,True,prescan_batch_0006.csv
1450,fd47d85f-a246-44ef-93f1-33e7b98aed46.json,0,Cabinet.001,48,0.5441,0.6941,0.0748,-1.8027,0.9950,0.7950,True,prescan_batch_0006.csv
1451,b79f6eba-5971-48b6-a9f1-a8eebd207038.json,0,Cabinet.181,48,0.5438,0.6938,3.4711,-3.3773,1.0720,0.8720,True,prescan_batch_0004.csv
1452,49ab34d0-060b-4aa9-a91f-3727c2df1482.json,0,Cabinet.008,48,0.5437,0.6937,-2.6823,1.1202,0.9950,0.7950,True,prescan_batch_0001.csv
1453,df4aa773-33a5-4f86-9f57-9ce2d6f0e36f.json,0,Cabinet.001,48,0.5430,0.6930,-4.5596,-0.4327,0.9950,0.7950,True,prescan_batch_0005.csv
1454,256d7c62-a550-4dd1-a57b-541a2260bff2.json,0,Cabinet.013,48,0.5429,0.6929,-0.9918,-4.7897,0.9800,0.7800,True,prescan_batch_0001.csv
1455,4dc7b28c-95ea-44c5-b222-6f0979ffdbbd.json,0,Cabinet.011,48,0.5421,0.6921,0.9754,-5.3113,0.9800,0.7800,True,prescan_batch_0002.csv
1456,1136e109-8178-49f5-bc62-e6bd7e796814.json,0,Cabinet.017,48,0.5409,0.6909,0.7724,2.5402,0.9800,0.7800,True,prescan_batch_0000.csv
1457,a14845b0-e64c-49fe-8de7-e10df6fcab69.json,0,Cabinet.072,48,0.5408,0.6908,-0.6962,4.4857,1.0000,0.8000,True,prescan_batch_0004.csv
1458,66d89b1f-f48b-40be-83dd-b34f30b065bb.json,0,Cabinet.147,48,0.5405,0.6905,2.3551,-2.5247,1.0313,0.8313,True,prescan_batch_0002.csv
1459,8e4c11a9-3c52-4708-a6ff-8172905b21f2.json,0,Cabinet.114,48,0.5397,0.6897,1.8401,-1.7424,1.0000,0.8000,True,prescan_batch_0003.csv
1462,76b9e260-e7f4-43a2-96bc-45ddfc3e3c22.json,0,Cabinet.001,48,0.5392,0.6892,-3.3593,-1.5107,0.9950,0.7950,True,prescan_batch_0003.csv
1463,36672c0e-419c-476e-83c0-5b04654d3690.json,0,Cabinet.070,48,0.5391,0.6891,2.5747,2.2988,1.0220,0.8220,True,prescan_batch_0001.csv
1464,8055ba97-ba26-48bb-ac1b-8ed9b3330d62.json,0,Cabinet.079,48,0.5389,0.6889,3.0553,-5.1659,1.0000,0.8000,True,prescan_batch_0003.csv
1465,bb88ce25-613d-40b6-b2e6-5b7f505d9f94.json,0,Cabinet.045,48,0.5388,0.6888,1.8541,-4.0198,1.0000,0.8000,True,prescan_batch_0004.csv
1466,44d15f42-a914-4d48-8add-393c57addfb4.json,0,Cabinet.051,48,0.5387,0.6887,-4.7065,-1.8752,1.0370,0.8370,True,prescan_batch_0001.csv
1467,ca5dab7d-f42e-46eb-8594-96028e2d941e.json,0,Cabinet.107,48,0.5384,0.6884,5.3266,2.3714,1.0370,0.8370,True,prescan_batch_0005.csv
1468,16c0e506-c41b-4532-8293-1b15110c3919.json,0,Cabinet.063,48,0.5383,0.6883,-4.0462,1.2495,1.0370,0.8370,True,prescan_batch_0000.csv
1469,d65507af-393d-47c1-9cc5-aa68c6d2365d.json,0,Cabinet.015,48,0.5382,0.6882,2.0090,-6.8449,0.9800,0.7800,True,prescan_batch_0005.csv
1470,7a3dcd72-1be7-4281-8583-2b1b21c277c3.json,0,Cabinet.010,48,0.5381,0.6881,-4.8028,-2.9448,0.9950,0.7950,True,prescan_batch_0003.csv
1471,7445c833-8f02-4578-810b-d32902e382ea.json,0,Cabinet.009,48,0.5378,0.6878,-0.9529,-2.4498,0.9800,0.7800,True,prescan_batch_0003.csv
1472,171d6fc9-9991-413a-992c-6df01db113a9.json,0,Cabinet.048,48,0.5374,0.6874,-4.4189,-0.0263,1.0370,0.8370,True,prescan_batch_0000.csv
1473,ebef8637-55d8-48d2-bc27-e880c51f36e8.json,0,Cabinet.010,48,0.5373,0.6873,-2.8127,-5.1103,0.9950,0.7950,True,prescan_batch_0006.csv
1474,ea497775-7cb7-4f4d-ad49-eeae6970961d.json,0,Cabinet.014,48,0.5372,0.6872,1.5849,-4.3290,0.9950,0.7950,True,prescan_batch_0006.csv
1475,4657306e-53a2-45b6-ac45-628f9c37099d.json,0,Cabinet.012,48,0.5371,0.6871,-3.6561,0.0023,0.9950,0.7950,True,prescan_batch_0001.csv
1476,9f8f93c4-796c-41ff-863d-c7713981e450.json,0,Cabinet.015,48,0.5370,0.6870,-2.7940,3.1443,0.9800,0.7800,True,prescan_batch_0004.csv
1477,134d94fa-6bca-42d9-8f51-8a93c2701d47.json,0,Cabinet.067,48,0.5368,0.6868,-9.1937,5.6574,1.0220,0.8220,True,prescan_batch_0000.csv
1478,cbbaa3ef-e12d-42bf-a8c6-35719d6e86c8.json,0,Cabinet.012,48,0.5357,0.6857,-0.8182,-3.3501,0.9950,0.7950,True,prescan_batch_0005.csv
1480,b6621d12-ee4c-4891-aa76-a1994999b84f.json,0,Cabinet.028,48,0.5355,0.6855,0.3883,-2.5772,1.0370,0.8370,True,prescan_batch_0004.csv
1481,9432d96b-5e6d-4a93-a395-48894ad49bfc.json,0,Cabinet.001,48,0.5354,0.6854,-3.2792,2.6583,0.9950,0.7950,True,prescan_batch_0003.csv
1482,0d64bb56-2b49-425e-bc83-b90b1dc4a5cd.json,0,Cabinet.001,48,0.5345,0.6845,-2.4810,-6.8163,0.9950,0.7950,True,prescan_batch_0000.csv
1483,eda7084f-406e-4d08-8346-d42e75324500.json,0,Cabinet.062,48,0.5344,0.6844,-0.7874,-2.5856,1.0370,0.8370,True,prescan_batch_0006.csv
1484,07b6683b-e9bf-4251-a6a2-5d1390e2eec5.json,0,Cabinet.068,48,0.5338,0.6838,-1.8455,-4.8083,1.0370,0.8370,True,prescan_batch_0000.csv
1485,08f0dede-b8dc-4e43-8f2a-ebc008b6f56b.json,0,Cabinet.009,48,0.5335,0.6835,-2.1185,-3.0829,0.9800,0.7800,True,prescan_batch_0000.csv
1486,8f6ecf1e-d00d-40be-8653-d86b9df6c719.json,0,Cabinet.001,48,0.5334,0.6834,-2.4678,-5.9209,0.9950,0.7950,True,prescan_batch_0003.csv
1487,90b7267a-7081-4be6-b007-42c65369ab9b.json,0,Cabinet.048,48,0.5333,0.6833,1.8392,-2.8158,1.0000,0.8000,True,prescan_batch_0003.csv
1489,f566d9b8-0ec1-446c-a1f8-e429933253cc.json,0,Cabinet.035,48,0.5330,0.6830,-3.3354,2.4752,1.0370,0.8370,True,prescan_batch_0006.csv
1490,48171257-b69e-42e8-8e03-8b5d0d49241f.json,0,Cabinet.001,48,0.5329,0.6829,-2.7633,5.5859,1.0350,0.8350,True,prescan_batch_0001.csv
1491,036bc96c-419d-4a43-812e-1e533d95dfd3.json,0,Cabinet.048,48,0.5328,0.6828,-1.1183,-3.9601,1.0220,0.8220,True,prescan_batch_0000.csv
1492,867472d9-333d-45b7-92ae-269dd6b5117d.json,0,Cabinet.055,48,0.5320,0.6820,0.6500,-0.5313,1.0370,0.8370,True,prescan_batch_0003.csv
1493,f158a4ff-e75b-401d-9bf4-8113c3407abc.json,0,Cabinet.012,48,0.5317,0.6817,5.1894,2.0406,0.9950,0.7950,True,prescan_batch_0006.csv
1494,261774c0-9480-40b3-a85a-4804c96ea443.json,0,Cabinet.010,48,0.5314,0.6814,-3.3051,-1.5075,0.9950,0.7950,True,prescan_batch_0001.csv
1495,3036ad25-dfe4-469b-9ab9-3fec36c348e8.json,0,Cabinet.010,48,0.5312,0.6812,-3.0559,2.9724,0.9950,0.7950,True,prescan_batch_0001.csv
1496,b226d452-313a-496b-adf9-3907e23e182f.json,0,Cabinet.045,48,0.5308,0.6808,-2.7997,-2.5312,1.0000,0.8000,True,prescan_batch_0004.csv
1497,ba52c6af-b741-470a-bca8-7bc8a31484dd.json,0,Cabinet.041,48,0.5303,0.6803,-5.2390,0.2526,1.0000,0.8000,True,prescan_batch_0004.csv
1498,360e8f1f-c0cf-40b7-892a-2d4d6c76561b.json,0,Cabinet.083,48,0.5299,0.6799,5.9726,0.9911,1.0370,0.8370,True,prescan_batch_0001.csv
1499,3a9a1c7e-f4cd-46f7-8449-466cbfd82c08.json,0,Cabinet.010,48,0.5298,0.6798,4.5359,2.2436,0.9950,0.7950,True,prescan_batch_0001.csv
1500,d6c96f85-d2f8-4ecd-8454-ba282131218c.json,0,Cabinet.165,48,0.5294,0.6794,5.3643,4.1629,1.0220,0.8220,True,prescan_batch_0005.csv
1501,fa589466-eb07-451b-8cea-faa581aa689b.json,0,Cabinet.057,48,0.5291,0.6791,-0.6742,-1.5296,0.9370,0.7370,True,prescan_batch_0006.csv
1503,3d258450-f746-4153-ba85-90c309d71720.json,0,Cabinet.001,48,0.5284,0.6784,-3.2724,2.5540,0.9950,0.7950,True,prescan_batch_0001.csv
1504,6b56575f-a746-4062-8296-b566d5de7b60.json,0,Cabinet.056,48,0.5260,0.6760,2.4317,-4.3742,1.0220,0.8220,True,prescan_batch_0002.csv
1506,3fde61aa-d606-4c6a-8c79-0762d11cd33b.json,0,Cabinet.037,48,0.5251,0.6751,-3.1735,0.0086,0.9800,0.7800,True,prescan_batch_0001.csv
1507,ff428008-1f34-4bba-8d8e-14181a943f3e.json,0,Cabinet.003,48,0.5249,0.6749,-3.6197,1.6308,0.9800,0.7800,True,prescan_batch_0006.csv
1508,582e09c9-b6ab-41da-bd7e-f8275890dfc1.json,0,Cabinet.101,48,0.5248,0.6748,4.7966,-1.1454,1.0370,0.8370,True,prescan_batch_0002.csv
1509,d7daadd5-83b3-4c03-883e-2da01c76401e.json,0,Cabinet.011,48,0.5243,0.6743,3.3341,-2.3360,0.9800,0.7800,True,prescan_batch_0005.csv
1510,e99c8897-d6c6-4b93-befe-2742a41275f7.json,0,Cabinet.012,48,0.5242,0.6742,-5.9680,3.1730,0.9950,0.7950,True,prescan_batch_0006.csv
1511,198eb9ec-9059-4e26-958e-dc8fb8187713.json,0,Cabinet.001,48,0.5239,0.6739,-2.6876,-1.1820,0.9950,0.7950,True,prescan_batch_0000.csv
1512,1ecc1b2c-fec4-4d5b-84c8-e8de39b0ee6c.json,0,Cabinet.007,48,0.5237,0.6737,0.3889,-4.5322,0.9800,0.7800,True,prescan_batch_0000.csv
1516,37f27a08-ff20-42f3-baf2-9ff1f155eaeb.json,0,Cabinet.010,48,0.5235,0.6735,-3.2774,-3.6124,0.9950,0.7950,True,prescan_batch_0001.csv
1534,f4ba8a7a-0821-4e03-bae4-6be784010bb8.json,0,Cabinet.042,48,0.5220,0.6720,1.0389,3.2096,1.0000,0.8000,True,prescan_batch_0006.csv
1535,1268f393-0f90-4af5-92e8-cf14efb06596.json,0,Cabinet.011,48,0.5218,0.6718,3.3165,0.4194,0.9800,0.7800,True,prescan_batch_0000.csv
1536,8a3bf65f-af38-4d9a-9cdf-b278faeb499a.json,0,Cabinet.035,48,0.5218,0.6718,-6.3643,0.1167,1.0370,0.8370,True,prescan_batch_0003.csv
1537,8278f1d9-9da7-47cd-bc34-2e476e2bda69.json,0,Cabinet.022,48,0.5208,0.6708,0.7612,-1.1756,1.0220,0.8220,True,prescan_batch_0003.csv
1538,d282fb73-6bda-42bf-bca3-7b9ffdce9d62.json,0,Cabinet.010,48,0.5205,0.6705,-0.6363,0.7757,0.9950,0.7950,True,prescan_batch_0005.csv
1539,f95acb63-fe70-447f-a493-75b0c6174f59.json,0,Cabinet.025,48,0.5203,0.6703,-20.4909,1.0688,1.0000,0.8000,True,prescan_batch_0006.csv
1540,342314d7-24c5-4f85-a4b8-0d2c95395e37.json,0,Cabinet.084,48,0.5202,0.6702,-2.8528,-1.7379,1.0370,0.8370,True,prescan_batch_0001.csv
1541,0f7ec058-f0d6-48bf-b313-49519b2189cf.json,0,Cabinet.019,48,0.5200,0.6700,6.1319,-2.4386,0.9950,0.7950,True,prescan_batch_0000.csv
1542,874f5d78-eb00-47a7-8baa-b3422a686275.json,0,Cabinet.015,48,0.5198,0.6698,-2.3924,-3.6777,0.9800,0.7800,True,prescan_batch_0003.csv
1543,0aa05d5a-81d5-497b-832c-c90c3fe73a36.json,0,Cabinet.010,48,0.5196,0.6696,2.0779,-3.6242,0.9800,0.7800,True,prescan_batch_0000.csv
1544,891432cf-d8d7-4538-88c8-cb37a647ce93.json,0,Cabinet.001,48,0.5196,0.6696,-2.8138,-0.1636,0.9950,0.7950,True,prescan_batch_0003.csv
1545,def783a7-8d08-470d-b936-f66d6fbc69a2.json,0,Cabinet.013,48,0.5196,0.6696,0.8624,-0.4734,0.9800,0.7800,True,prescan_batch_0005.csv
1546,09604ef2-3910-435f-8875-02bbed9909a5.json,0,Cabinet.008,48,0.5194,0.6694,0.5658,-4.9408,0.9800,0.7800,True,prescan_batch_0000.csv
1547,47c15851-5f6b-4122-af03-ba420873aceb.json,0,Cabinet.004,48,0.5187,0.6687,-0.0011,2.0010,0.9800,0.7800,True,prescan_batch_0001.csv
1548,e859dbc0-b994-41be-8d51-9857389a0a74.json,0,Cabinet.010,48,0.5180,0.6680,-0.8943,2.8071,0.9950,0.7950,True,prescan_batch_0006.csv
1549,043781c1-1ae7-42c8-8545-83375c2ca911.json,0,Cabinet.010,48,0.5179,0.6679,2.3086,-3.6439,0.9950,0.7950,True,prescan_batch_0000.csv
1551,61e6ebe5-da92-4e8d-80ad-052996ac6e34.json,0,Cabinet.094,48,0.5173,0.6673,-6.0433,2.0437,1.0220,0.8220,True,prescan_batch_0002.csv
1553,d97f0b0f-a15c-4385-95f3-1fb5f053f78a.json,0,Cabinet.009,48,0.5168,0.6668,-0.1139,-4.5421,0.9800,0.7800,True,prescan_batch_0005.csv
1554,66e064fb-9bf7-4c1a-ae44-939c6ebbef43.json,0,Cabinet.008,48,0.5167,0.6667,-1.4044,-1.9741,0.9950,0.7950,True,prescan_batch_0002.csv
1555,cddfbd9f-6b43-448a-8220-0e4d6b7f9a64.json,0,Cabinet.014,48,0.5167,0.6667,1.0756,-0.4762,0.9800,0.7800,True,prescan_batch_0005.csv
1558,548867f1-cbd8-4369-8a84-1199df7204a6.json,0,Cabinet.085,48,0.5162,0.6662,-4.5720,-1.4819,1.0000,0.8000,True,prescan_batch_0002.csv
1562,5a6ed75c-d1a9-489c-8fd0-e11e2287e7a5.json,0,Cabinet.012,48,0.5156,0.6656,-3.8979,-3.6703,0.9950,0.7950,True,prescan_batch_0002.csv
1563,6d8f2533-b712-48cd-97c7-1afbc099bf10.json,0,Cabinet.049,48,0.5153,0.6653,0.3974,-4.1242,1.0000,0.8000,True,prescan_batch_0002.csv
1566,9eb53417-9bbf-4482-805f-48e2fc7a7118.json,0,Cabinet.061,48,0.5146,0.6646,-2.7092,3.2515,1.0370,0.8370,True,prescan_batch_0004.csv
1567,47f1e226-bb51-4a8e-aaad-64156c826c8a.json,0,Cabinet.016,48,0.5140,0.6640,-1.4824,-5.0265,0.9950,0.7950,True,prescan_batch_0001.csv
1568,95baf01c-7bca-464e-b565-dd2ce5220e49.json,0,Cabinet.011,48,0.5134,0.6634,-5.7330,0.2129,0.9800,0.7800,True,prescan_batch_0003.csv
1569,4c364533-a3af-4a9c-9ed9-2f40f528fa04.json,0,Cabinet.010,48,0.5133,0.6633,0.1890,-0.0268,0.9950,0.7950,True,prescan_batch_0002.csv
1570,13df4898-d23d-4665-a67e-81a555a4f213.json,0,Cabinet.065,48,0.5132,0.6632,2.5393,-3.5717,1.0220,0.8220,True,prescan_batch_0000.csv
1571,1d7907ee-aa5a-4cdf-ab8b-1f4bcfc43901.json,0,Cabinet.011,48,0.5132,0.6632,2.9978,2.2274,0.9800,0.7800,True,prescan_batch_0000.csv
1572,b8f6ffaf-03c2-40ab-a957-724174075fe9.json,0,Cabinet.003,48,0.5129,0.6629,-0.2935,-0.3909,0.9800,0.7800,True,prescan_batch_0004.csv
1573,791eb04c-b82f-4ac8-bb42-7208accf7de6.json,0,Cabinet.012,48,0.5128,0.6628,-2.2781,2.0704,0.9800,0.7800,True,prescan_batch_0003.csv
1576,93a20906-9d65-4541-ba47-61c7d13a06bb.json,0,Cabinet.008,48,0.5127,0.6627,3.6080,0.1066,1.0500,0.8500,True,prescan_batch_0003.csv
1580,03787fb6-0503-4d43-9617-e29e46150d1c.json,0,Cabinet.011,48,0.5120,0.6620,-1.2358,0.5015,0.9800,0.7800,True,prescan_batch_0000.csv
1581,32923405-da99-421f-bdd4-d7ad943c9630.json,0,Cabinet.010,48,0.5116,0.6616,1.7500,4.4536,0.9800,0.7800,True,prescan_batch_0001.csv
1582,40dcaad6-b0b5-4030-bd90-13ceadc84ce1.json,0,Cabinet.010,48,0.5113,0.6613,-1.8596,-2.6851,0.9950,0.7950,True,prescan_batch_0001.csv
1583,091f9482-a920-4d9e-b8e1-7f8bb818132d.json,0,Cabinet.105,48,0.5112,0.6612,-0.1871,-2.0935,1.0000,0.8000,True,prescan_batch_0000.csv
1584,67b26a1f-a7d2-4c9b-ad51-3caa25c5ce4e.json,0,Cabinet.070,48,0.5111,0.6611,0.2779,-6.0720,1.0000,0.8000,True,prescan_batch_0002.csv
1585,d7ba426a-60d6-4090-abfc-c6ff6d711544.json,0,Cabinet.009,48,0.5111,0.6611,0.5493,3.4182,0.9800,0.7800,True,prescan_batch_0005.csv
1586,cb0d778d-fff6-4f4f-83d0-e19b15b375ac.json,0,Cabinet.009,48,0.5104,0.6604,-0.5167,-1.7890,0.9800,0.7800,True,prescan_batch_0005.csv
1587,c3488368-a654-4126-bb76-e4105a5bf0a1.json,0,Cabinet.060,48,0.5096,0.6596,8.2784,5.9171,1.0370,0.8370,True,prescan_batch_0005.csv
1588,20c675c6-5b9d-4f74-84af-adbe03e6897b.json,0,Cabinet.065,48,0.5089,0.6589,-1.6111,-1.9196,1.0370,0.8370,True,prescan_batch_0000.csv
1589,1b74b745-24a5-4119-96e8-2a852a9d1a05.json,0,Cabinet.012,48,0.5088,0.6588,-4.7054,1.4633,0.9950,0.7950,True,prescan_batch_0000.csv
1590,f82d44c6-df98-404b-870d-b6f378d2151e.json,0,Cabinet.011,48,0.5079,0.6579,1.9585,-5.0252,0.9800,0.7800,True,prescan_batch_0006.csv
1591,317696dd-6080-4f9b-a21f-f2bc765c5b36.json,0,Cabinet.112,48,0.5077,0.6577,1.9144,-0.3091,1.0370,0.8370,True,prescan_batch_0001.csv
1592,bb3b0c72-5fdf-4536-9a0d-4fa358748dd1.json,0,Cabinet.012,48,0.5076,0.6576,2.9091,-2.5888,0.9800,0.7800,True,prescan_batch_0004.csv
1593,a7e80ea7-ab2e-43e5-a569-872968169bcd.json,0,Cabinet.011,48,0.5072,0.6572,-4.4396,-2.8173,0.9800,0.7800,True,prescan_batch_0004.csv
1594,09762406-ead0-4f30-8d34-04b534d7a3f5.json,0,Cabinet.003,48,0.5069,0.6569,-1.0569,1.8739,0.9800,0.7800,True,prescan_batch_0000.csv
1595,afcaa4ce-37db-4314-9786-1addf4ea57e0.json,0,Cabinet.001,48,0.5066,0.6566,-5.1543,-1.3857,0.9950,0.7950,True,prescan_batch_0004.csv
1599,1426a7e7-7805-43ca-b258-05c9b637375a.json,0,Cabinet.011,48,0.5056,0.6556,-2.4563,-5.7310,0.9800,0.7800,True,prescan_batch_0000.csv
1601,5fef6bd0-837a-4ad9-a6fd-4b9ce517701b.json,0,Cabinet.032,48,0.5028,0.6528,2.2572,3.6339,1.0000,0.8000,True,prescan_batch_0002.csv
1602,ce427ceb-7eb7-423e-b68b-d01cf1fa516a.json,0,Cabinet.009,48,0.5021,0.6521,-0.5489,-5.8946,0.9800,0.7800,True,prescan_batch_0005.csv
1603,e0a97515-f527-4b7f-ba50-8e55c1769a4a.json,0,Cabinet.016,48,0.5020,0.6520,-1.3431,-1.6616,0.9950,0.7950,True,prescan_batch_0005.csv
1604,31aa7ab5-8b3d-4bab-a7d7-2aeba0c79fa8.json,0,Cabinet.010,48,0.5019,0.6519,-2.7049,-2.8351,0.9950,0.7950,True,prescan_batch_0001.csv
1608,8895975f-06f6-436c-a43f-de3a0d46f053.json,0,Cabinet.076,48,0.4992,0.6492,3.2110,0.5154,1.0000,0.8000,True,prescan_batch_0003.csv
1609,dbf37670-3931-47d6-888b-5b45953bd8bb.json,0,Cabinet.038,48,0.4989,0.6489,2.5470,-3.1487,1.0370,0.8370,True,prescan_batch_0005.csv
1610,62c107a4-c33f-4c8f-8d2b-dc1faa9f5f19.json,0,Cabinet.044,48,0.4988,0.6488,1.3745,-5.5933,1.0370,0.8370,True,prescan_batch_0002.csv
1611,d529acbe-8c6f-43e3-b6b6-e7917b2d0c10.json,0,Cabinet.139,48,0.4985,0.6485,3.3352,-1.7102,1.6850,1.4850,True,prescan_batch_0005.csv
1613,874617e1-4bd8-462c-8810-e6196261626e.json,0,Cabinet.011,48,0.4981,0.6481,0.9020,-4.9808,0.9800,0.7800,True,prescan_batch_0003.csv
1614,e8093c84-2ce4-4be4-ab4a-e37269d14c47.json,0,Cabinet.001,48,0.4977,0.6477,-1.3643,3.6524,0.9950,0.7950,True,prescan_batch_0006.csv
1615,0ac97866-dccb-47c3-b220-79712041e187.json,0,Cabinet.013,48,0.4963,0.6463,-4.9191,2.4169,0.9800,0.7800,True,prescan_batch_0000.csv
1616,62ee0d5a-10f1-44c4-bccc-a731dc6ad93a.json,0,Cabinet.012,48,0.4963,0.6463,-2.5195,-2.4995,0.9800,0.7800,True,prescan_batch_0002.csv
1620,228237d8-0328-42e7-af23-e400fe003092.json,0,Cabinet.004,48,0.4958,0.6458,-0.3901,-4.9156,0.9800,0.7800,True,prescan_batch_0000.csv
1621,90f3ca91-6282-4253-9921-40f231c7fe51.json,0,Cabinet.069,48,0.4947,0.6447,-1.7389,-4.6007,1.0000,0.8000,True,prescan_batch_0003.csv
1622,8e8d0bfc-0af5-4c74-97dd-7d08af6998f8.json,0,Cabinet.009,48,0.4941,0.6441,-2.7892,-1.4784,0.9800,0.7800,True,prescan_batch_0003.csv
1623,07caf11c-c85d-4dfc-b084-bd7009ddb3fd.json,0,Cabinet.042,48,0.4936,0.6436,-3.1233,1.0529,1.0370,0.8370,True,prescan_batch_0000.csv
1624,71afc86e-1261-4c9e-a2b0-59e0811180e3.json,0,Cabinet.011,48,0.4934,0.6434,-2.6629,-1.1955,0.9800,0.7800,True,prescan_batch_0003.csv
1634,bed62c13-390f-4ed3-8df3-1cb309d2d5e8.json,0,Cabinet.012,48,0.4922,0.6422,-6.0941,3.1239,0.9950,0.7950,True,prescan_batch_0005.csv
1635,e8c9c64b-c942-437f-aa4f-e53ab3e63939.json,0,Cabinet.205,48,0.4922,0.6422,4.4970,4.4156,1.0720,0.8720,True,prescan_batch_0006.csv
1637,093cc4e5-9eeb-41f4-aac3-ecd6bb958bf6.json,0,Cabinet.103,48,0.4921,0.6421,1.8404,-0.9596,1.0220,0.8220,True,prescan_batch_0000.csv
1638,0c79dbe0-dd22-403a-a757-1afd9a33ffe7.json,0,Cabinet.015,48,0.4921,0.6421,0.9771,0.9958,0.9800,0.7800,True,prescan_batch_0000.csv
1639,0f5b9b03-c5f7-4172-9386-4805616025b5.json,0,Cabinet.003,48,0.4921,0.6421,-4.6793,0.4265,0.9800,0.7800,True,prescan_batch_0000.csv
1640,158b3e13-6ab8-408a-a52f-1bf67175dd68.json,0,Cabinet.205,48,0.4921,0.6421,4.4393,4.3460,1.0720,0.8720,True,prescan_batch_0000.csv
1641,19edb52d-7140-4a69-94b0-2a6fad3d6393.json,0,Cabinet.012,48,0.4921,0.6421,-3.8569,-0.8879,0.9800,0.7800,True,prescan_batch_0000.csv
1642,2aabe005-d9d1-4b73-80a2-21fa2fad8c6f.json,0,Cabinet.187,48,0.4921,0.6421,-6.6192,-1.9148,1.0220,0.8220,True,prescan_batch_0001.csv
1643,337ca42e-c680-4e47-b36e-16a4cc7090ff.json,0,Cabinet.014,48,0.4921,0.6421,-2.3465,-1.6997,0.9800,0.7800,True,prescan_batch_0001.csv
1644,3bf3db41-ef01-4ef1-82be-5b97ffddd4a3.json,0,Cabinet.007,48,0.4921,0.6421,-0.4149,-0.4355,0.9800,0.7800,True,prescan_batch_0001.csv
1645,3da510a3-8db8-425e-bd0c-99e5a12af2ca.json,0,Cabinet.087,48,0.4921,0.6421,-9.2423,1.4269,1.0220,0.8220,True,prescan_batch_0001.csv
1646,3f48e194-1e88-4dc1-b1d2-03114248c15f.json,0,Cabinet.042,48,0.4921,0.6421,1.8792,-5.6121,1.0220,0.8220,True,prescan_batch_0001.csv
1647,43362117-720e-48f6-bab0-d3cd0f0ccdff.json,0,Cabinet.025,48,0.4921,0.6421,3.5804,-4.7232,0.9800,0.7800,True,prescan_batch_0001.csv
1648,453652dc-fd47-48b7-8a51-a762b22b5c2a.json,0,Cabinet.017,48,0.4921,0.6421,-2.5005,-3.5564,0.9800,0.7800,True,prescan_batch_0001.csv
1649,45dfaae8-575a-4a17-8efd-19c4b65841fd.json,0,Cabinet.205,48,0.4921,0.6421,4.4889,4.0926,1.0720,0.8720,True,prescan_batch_0001.csv
1650,4b54eac7-33c2-4f5a-9fa4-44bda75d881e.json,0,Cabinet.011,48,0.4921,0.6421,-5.1643,-2.2018,0.9800,0.7800,True,prescan_batch_0002.csv
1651,4c95f715-4ed9-43a1-9577-03980090b077.json,0,Cabinet.009,48,0.4921,0.6421,-2.9012,-3.2860,0.9800,0.7800,True,prescan_batch_0002.csv
1652,4d85d974-63d2-40ba-a0aa-5bab6641e404.json,0,Cabinet.002,48,0.4921,0.6421,-6.4273,1.8068,0.9800,0.7800,True,prescan_batch_0002.csv
1653,53869e50-368c-4675-880a-50ab4e1df811.json,0,Cabinet.020,48,0.4921,0.6421,0.5171,-5.3570,0.9800,0.7800,True,prescan_batch_0002.csv
1654,5391bad9-ae5e-4930-8e81-326e082fbe5c.json,0,Cabinet.004,48,0.4921,0.6421,-1.9893,-4.3615,0.9800,0.7800,True,prescan_batch_0002.csv
1655,5a70accd-61ca-45d0-86cb-ded3e35c85f3.json,0,Cabinet.012,48,0.4921,0.6421,-5.1769,-2.4012,0.9800,0.7800,True,prescan_batch_0002.csv
1656,6b282d95-3b71-414d-80d2-23d42bc0b526.json,0,Cabinet.011,48,0.4921,0.6421,-0.7539,-2.6926,0.9800,0.7800,True,prescan_batch_0002.csv
1657,7289023b-aa7a-483f-b2bc-e0c33c6cc386.json,0,Cabinet.011,48,0.4921,0.6421,0.9927,1.7293,0.9800,0.7800,True,prescan_batch_0003.csv
1658,830bd7bf-7aea-4745-addf-571a77ec5dfe.json,0,Cabinet.063,48,0.4921,0.6421,-4.0102,1.6712,1.0220,0.8220,True,prescan_batch_0003.csv
1659,8458bf29-9feb-4dc2-a804-bb2f7b9be0b6.json,0,Cabinet.003,48,0.4921,0.6421,-4.8771,-2.3160,0.9800,0.7800,True,prescan_batch_0003.csv
1660,858beed8-0f9a-4f66-b6cb-656cec6dc3a3.json,0,Cabinet.009,48,0.4921,0.6421,-3.9798,0.9838,0.9800,0.7800,True,prescan_batch_0003.csv
1661,85a4cbf5-71f3-4b22-a877-662d179cdce6.json,0,Cabinet.003,48,0.4921,0.6421,-4.8316,-2.2103,0.9800,0.7800,True,prescan_batch_0003.csv
1662,8777034c-23da-4555-b6cd-1570abbb80bb.json,0,Cabinet.077,48,0.4921,0.6421,-3.5699,0.9893,1.0220,0.8220,True,prescan_batch_0003.csv
1663,947392a6-040b-464d-9ce8-e62260b1927f.json,0,Cabinet.098,48,0.4921,0.6421,-4.5033,3.8797,1.0000,0.8000,True,prescan_batch_0003.csv
1664,b555f440-a917-44fc-9c58-106f5bb589a1.json,0,Cabinet.010,48,0.4921,0.6421,-2.7669,-3.9204,0.9800,0.7800,True,prescan_batch_0004.csv
1665,b6a24513-baa6-4f67-8a78-4a19c5536dce.json,0,Cabinet.018,48,0.4921,0.6421,1.5156,-4.5957,0.9800,0.7800,True,prescan_batch_0004.csv
1666,bb13762a-67b3-4957-be4e-f1b0878c9f87.json,0,Cabinet.012,48,0.4921,0.6421,-3.1559,-3.5401,0.9800,0.7800,True,prescan_batch_0004.csv
1667,cdfbf2d9-fbd9-4e14-b2c9-a2ff8f6601f3.json,0,Cabinet.003,48,0.4921,0.6421,-1.0170,-4.4042,0.9800,0.7800,True,prescan_batch_0005.csv
1668,d2cea83d-9f44-4c55-bcf9-ce478205965d.json,0,Cabinet.033,48,0.4921,0.6421,-6.7309,2.5239,1.0220,0.8220,True,prescan_batch_0005.csv
1669,ddb1220c-cd70-4c09-8dfc-758f19807b7d.json,0,Cabinet.104,48,0.4921,0.6421,1.5647,-0.9854,1.0220,0.8220,True,prescan_batch_0005.csv
1670,e4c63506-0538-4f51-8fcd-e191efee273b.json,0,Cabinet.003,48,0.4921,0.6421,-3.9114,2.5886,0.9800,0.7800,True,prescan_batch_0006.csv
1671,ed0f9c74-bc76-4290-bd21-27912daaee79.json,0,Cabinet.012,48,0.4921,0.6421,-1.8009,0.4136,0.9800,0.7800,True,prescan_batch_0006.csv
1672,edf9bdcc-bd49-4c27-960f-05511abffcbb.json,0,Cabinet.011,48,0.4921,0.6421,-0.8867,4.1620,0.9800,0.7800,True,prescan_batch_0006.csv
1673,ee7fd1ac-6036-4ee6-96a3-f1ddf9083fdf.json,0,Cabinet.205,48,0.4921,0.6421,4.4721,4.3292,1.0720,0.8720,True,prescan_batch_0006.csv
1674,f01bcd18-7d36-43ed-ab2d-271530c07d6a.json,0,Cabinet.012,48,0.4921,0.6421,-1.0007,-5.1782,0.9800,0.7800,True,prescan_batch_0006.csv
1675,f50fc676-d5e4-45ad-89f8-11d789079dde.json,0,Cabinet.010,48,0.4921,0.6421,-1.5249,-2.3334,0.9800,0.7800,True,prescan_batch_0006.csv
1676,fb9c99ad-1322-4722-b9eb-bba00c01b22c.json,0,Cabinet.013,48,0.4921,0.6421,1.8413,0.6344,0.9800,0.7800,True,prescan_batch_0006.csv
1677,0bd1cdea-366c-47b6-a65d-ee7ccde0aaa9.json,0,Cabinet.030,48,0.4917,0.6417,0.7032,-4.4675,1.0000,0.8000,True,prescan_batch_0000.csv
1678,b3bbc3a3-68e9-4329-a375-0909cc54ee2e.json,0,Cabinet.032,48,0.4915,0.6415,-6.5577,2.3915,1.0000,0.8000,True,prescan_batch_0004.csv
1679,e9a0b68f-d467-49ec-933c-855cb0570779.json,0,Cabinet.009,48,0.4912,0.6412,-3.2531,2.2161,0.9800,0.7800,True,prescan_batch_0006.csv
1680,39b05074-7903-4cac-acda-ca1f62e8dfa6.json,0,Cabinet.013,48,0.4909,0.6409,6.8785,1.9939,0.9800,0.7800,True,prescan_batch_0001.csv
1681,1b2ba1e8-8813-4d3f-aedc-e83016eb5cc5.json,0,Cabinet.090,48,0.4908,0.6408,-4.5481,3.1605,1.0220,0.8220,True,prescan_batch_0000.csv
1682,ada41ea4-604e-4c03-a3ef-3e8b4dd57c7a.json,0,Cabinet.008,48,0.4906,0.6406,-1.2601,-0.0248,0.9950,0.7950,True,prescan_batch_0004.csv
1683,d0992373-c66c-46f5-ab24-90bd58921627.json,0,Cabinet.011,48,0.4898,0.6398,5.1314,3.5459,0.9800,0.7800,True,prescan_batch_0005.csv
1685,64a127ea-1375-4c1c-a36e-b11441ce8266.json,0,Cabinet.009,48,0.4887,0.6387,-3.1944,-2.2400,0.9800,0.7800,True,prescan_batch_0002.csv
1687,526f0507-b487-48a0-b82e-a6db83bd4196.json,0,Cabinet.088,48,0.4880,0.6380,10.6661,-3.9681,1.0001,0.8001,True,prescan_batch_0002.csv
1688,738bee05-1b58-4c81-9dba-e429ee8e33e8.json,0,Cabinet.020,48,0.4876,0.6376,3.2195,-4.3880,0.9800,0.7800,True,prescan_batch_0003.csv
1689,82d87086-84b8-4741-9ec2-e8f14efb5d7c.json,0,Cabinet.022,48,0.4872,0.6372,3.1692,5.3618,0.9950,0.7950,True,prescan_batch_0003.csv
1691,2da2523f-1852-4a2a-9809-37dba6c8b959.json,0,Cabinet.012,48,0.4859,0.6359,-2.3296,-3.2351,0.9800,0.7800,True,prescan_batch_0001.csv
1692,7d9f8d0e-ee5d-4652-a739-d4b3b1858406.json,0,Tea Table.030,3,0.4855,0.6355,-0.8939,1.2609,0.9511,0.7511,True,prescan_batch_0003.csv
1693,ef0613b7-4461-461b-96c6-cb140f7a2f2a.json,0,Cabinet.009,48,0.4855,0.6355,1.0171,-3.3687,0.9800,0.7800,True,prescan_batch_0006.csv
1694,1d8cf1d2-5807-4ea9-bef4-956cf4bd17d4.json,0,Tea Table.006,3,0.4852,0.6352,2.9935,-0.2687,0.9508,0.7508,True,prescan_batch_0000.csv
1695,8565e208-9e7e-4529-804a-23052c33631e.json,0,Tea Table.006,3,0.4852,0.6352,2.4418,3.6938,0.9508,0.7508,True,prescan_batch_0003.csv
1696,e1119a13-1dcf-46c1-88e5-d028b528b634.json,0,Tea Table.006,3,0.4852,0.6352,3.2784,4.4497,0.9508,0.7508,True,prescan_batch_0005.csv
1697,a5763f2e-2b35-4570-aa79-4cfe7eb2e26d.json,0,Cabinet.058,48,0.4850,0.6350,1.4104,-2.2411,1.0000,0.8000,True,prescan_batch_0004.csv
1698,cacbc808-78c8-402b-8e6f-abe996a01031.json,0,Cabinet.040,48,0.4844,0.6344,1.3305,1.5884,1.0350,0.8350,True,prescan_batch_0005.csv
1699,95519d76-eb3f-4da4-87ea-6fb4f065371e.json,0,Cabinet.051,48,0.4833,0.6333,-1.1349,0.5457,1.0370,0.8370,True,prescan_batch_0003.csv
1700,2ccbadbd-5c68-4b09-90fb-0c79585cef29.json,0,Cabinet.001,48,0.4829,0.6329,-1.2107,2.7857,0.9950,0.7950,True,prescan_batch_0001.csv
1701,cf503fce-857d-4bc5-afe0-e04a1b088cb0.json,0,Cabinet.176,48,0.4822,0.6322,0.6980,-4.7546,1.0220,0.8220,True,prescan_batch_0005.csv
1702,23dc5cc6-3509-4e3a-a6ed-dea6925537a3.json,0,Cabinet.014,48,0.4820,0.6320,-3.3993,-0.0426,0.9950,0.7950,True,prescan_batch_0001.csv
1703,3edff452-4f84-497e-8af5-0e36a1d22ca5.json,0,Cabinet.003,48,0.4814,0.6314,0.0829,3.1622,0.9800,0.7800,True,prescan_batch_0001.csv
1704,58a8681c-af3e-4c9a-9f61-b220de99378a.json,0,Cabinet.007,48,0.4806,0.6306,3.2823,-1.2122,0.9800,0.7800,True,prescan_batch_0002.csv
1705,7686a060-ab0d-4014-9e5c-75d75e0752e3.json,0,Cabinet.012,48,0.4806,0.6306,2.4963,2.1095,0.9800,0.7800,True,prescan_batch_0003.csv
1706,b0962036-daed-4288-a1e8-d18ef961fb5c.json,0,Cabinet.110,48,0.4806,0.6306,5.2206,2.5547,1.0220,0.8220,True,prescan_batch_0004.csv
1709,7c7857ba-6c24-407e-a8b5-fd1f96df027d.json,0,Cabinet.103,48,0.4794,0.6294,-0.8815,-1.9102,1.0360,0.8360,True,prescan_batch_0003.csv
1713,342b9bc4-675c-4e16-adfe-04dd32587784.json,0,Cabinet.034,48,0.4784,0.6284,1.9714,-5.9104,0.9000,0.7000,True,prescan_batch_0001.csv
1714,0f1dc892-04ed-4b16-8215-a82590c03fc8.json,0,Tea Table.006,3,0.4783,0.6283,0.2246,5.2885,0.9508,0.7508,True,prescan_batch_0000.csv
1715,6caabcaf-1324-4db8-8522-be374572bc5e.json,0,Cabinet.177,48,0.4782,0.6282,3.6374,-3.6504,1.0150,0.8150,True,prescan_batch_0002.csv
1716,c2d57b49-fc5d-4fb0-8024-b7e7302dc3fa.json,0,Cabinet.001,48,0.4779,0.6279,-0.9580,-4.5098,0.9950,0.7950,True,prescan_batch_0005.csv
1717,7f0b281d-ccbf-4d7c-91a0-103ff95f0a90.json,0,Cabinet.027,48,0.4778,0.6278,5.3120,1.2669,1.1000,0.9000,True,prescan_batch_0003.csv
1718,54c575b5-da65-4938-8b93-1e91c5e36d09.json,0,Cabinet.076,48,0.4777,0.6277,-3.7416,-0.9158,1.0000,0.8000,True,prescan_batch_0002.csv
1719,ca8af9aa-028b-4827-a5da-7f46be8c31ca.json,0,Cabinet.069,48,0.4771,0.6271,4.4797,3.8167,1.0870,0.8870,True,prescan_batch_0005.csv
1720,320dc0a4-0acf-4880-97c5-33273d37bd93.json,0,Cabinet.011,48,0.4767,0.6267,5.3510,-3.4569,0.9800,0.7800,True,prescan_batch_0001.csv
1721,9e9ce416-ba70-45be-97f9-122def00437c.json,0,Cabinet.106,48,0.4761,0.6261,-6.7245,3.3064,1.0370,0.8370,True,prescan_batch_0004.csv
1722,84dc6b73-ea3a-424b-91ae-175027928d17.json,0,Cabinet.013,48,0.4760,0.6260,3.3039,-4.6838,0.9800,0.7800,True,prescan_batch_0003.csv
1723,69380113-b93e-4351-9cbd-c260e3d9f40b.json,0,Cabinet.009,48,0.4756,0.6256,-0.5386,-4.3292,0.9800,0.7800,True,prescan_batch_0002.csv
1724,80eb6299-b391-4b9d-b24d-66a83c149559.json,0,Tea Table.002,3,0.4755,0.6255,-1.0420,1.3334,1.0553,0.8553,True,prescan_batch_0003.csv
1725,288e0e0d-63cb-4aa4-83ce-836128375eaa.json,0,Cabinet.050,48,0.4749,0.6249,8.9664,1.4642,1.0220,0.8220,True,prescan_batch_0001.csv
1730,8caa5850-3914-427c-ad99-cbb4b2f517a1.json,0,Cabinet.095,48,0.4737,0.6237,5.1592,3.6190,1.0220,0.8220,True,prescan_batch_0003.csv
1731,0efb994b-d7e5-4852-ab0e-ef14e23a124c.json,0,Cabinet.065,48,0.4736,0.6236,-3.6490,-2.4807,1.0720,0.8720,True,prescan_batch_0000.csv
1732,87033dd1-ac83-4bc2-84a0-c1b99d877cfd.json,0,Cabinet.001,48,0.4735,0.6235,3.3014,-2.4196,0.9950,0.7950,True,prescan_batch_0003.csv
1733,f801eb4b-d07d-4b3d-a369-ab64150c7eae.json,0,Cabinet.003,48,0.4734,0.6234,-3.9984,2.6621,0.9800,0.7800,True,prescan_batch_0006.csv
1736,06a60335-aa4d-4550-9e09-cae4f437988d.json,0,Cabinet.088,48,0.4730,0.6230,-2.3246,-4.5413,1.1000,0.9000,True,prescan_batch_0000.csv
1737,b741b776-33dc-43b0-b33a-2a488c920045.json,0,Cabinet.011,48,0.4724,0.6224,0.1370,-2.2573,0.9800,0.7800,True,prescan_batch_0004.csv
1738,57e0c22c-a1a1-4d5f-ad4c-9058ed817c2a.json,0,Tea Table.007,3,0.4723,0.6223,-2.4073,0.7748,0.9508,0.7508,True,prescan_batch_0002.csv
1740,d8cf6893-a2fc-4f7b-b6ee-ebaba19c7518.json,0,Cabinet.001,48,0.4722,0.6222,-3.8908,4.8998,0.9950,0.7950,True,prescan_batch_0005.csv
1741,0e04ad6b-5563-481c-b125-ee5b5e40ff5e.json,0,Cabinet.060,48,0.4720,0.6220,1.5623,-5.0370,1.0308,0.8308,True,prescan_batch_0000.csv
1742,54b6b469-8aa3-4d5d-a285-977f75fc4212.json,0,Cabinet.073,48,0.4720,0.6220,-4.6438,-2.9518,1.0000,0.8000,True,prescan_batch_0002.csv
1743,ff18bbbf-e741-4ef1-a218-4e80e8f4a120.json,0,Cabinet.112,48,0.4713,0.6213,2.3112,-1.7536,1.0370,0.8370,True,prescan_batch_0006.csv
1744,66352dcb-04af-421d-b2d9-ec7958de8f7e.json,0,Cabinet.001,48,0.4711,0.6211,3.5130,-1.1360,0.9950,0.7950,True,prescan_batch_0002.csv
1745,87bd388a-3f7c-4fba-9b1e-4cceafa671f6.json,0,Cabinet.018,48,0.4711,0.6211,-0.8219,-3.6285,0.9950,0.7950,True,prescan_batch_0003.csv
1746,bb5bbb6b-5f1e-45e0-bbd4-4b4951b810af.json,0,Cabinet.046,48,0.4711,0.6211,2.2022,-2.7099,1.0370,0.8370,True,prescan_batch_0004.csv
1747,f66cd36f-adfe-4919-acc8-36446f8f3765.json,0,Cabinet.085,48,0.4711,0.6211,12.4374,-0.3360,1.0370,0.8370,True,prescan_batch_0006.csv
1748,90ffa859-fb17-4745-8619-4fc48a8ab648.json,0,Cabinet.102,48,0.4705,0.6205,8.9255,3.6501,0.9632,0.7632,True,prescan_batch_0003.csv
1749,c7818ac9-9bfe-40c5-932a-32d4c83ceab0.json,0,Cabinet.105,48,0.4701,0.6201,2.3008,-1.5417,1.0220,0.8220,True,prescan_batch_0005.csv
1750,88cb9d3f-0703-455c-a951-8d04b2bb66a2.json,0,Cabinet.010,48,0.4699,0.6199,-5.2742,1.2048,0.9800,0.7800,True,prescan_batch_0003.csv
1751,fd90dff8-c4c7-444e-99a5-121388a02afc.json,0,Cabinet.013,48,0.4698,0.6198,-3.9150,2.9125,0.9800,0.7800,True,prescan_batch_0006.csv
1752,4e477be8-59b9-454f-a9c6-e3343faf1d2c.json,0,Cabinet.011,48,0.4697,0.6197,-1.3225,-3.9173,0.9800,0.7800,True,prescan_batch_0002.csv
1753,7f881e49-e02f-4524-b58c-ad6ff07d569e.json,0,Cabinet.011,48,0.4697,0.6197,4.3642,-4.2052,0.9800,0.7800,True,prescan_batch_0003.csv
1755,838bdb43-9217-4b8b-a6ea-340a256cca0e.json,0,Cabinet.001,48,0.4694,0.6194,4.1444,-4.1578,0.9950,0.7950,True,prescan_batch_0003.csv
1756,f18b38d2-6253-4593-b715-8ad6f55ae549.json,0,Cabinet.033,48,0.4691,0.6191,-5.4272,2.1844,1.0000,0.8000,True,prescan_batch_0006.csv
1757,e7eca112-5af8-463b-8ec4-096dee68334d.json,0,cabinet,48,0.4687,0.6187,-7.5898,2.9975,1.0488,0.8488,True,prescan_batch_0006.csv
1758,91e19c05-929c-416c-99c9-9d5ed3b6393c.json,0,Cabinet.123,48,0.4685,0.6185,6.8308,3.8553,1.0370,0.8370,True,prescan_batch_0003.csv
1770,2311eda9-dcda-45fb-89c3-0c068ed74b9c.json,0,Cabinet.003,48,0.4680,0.6180,1.5371,-0.4698,0.9800,0.7800,True,prescan_batch_0000.csv
1773,73c6b742-1dbf-406a-bda5-e7880efead98.json,0,Cabinet.030,48,0.4678,0.6178,-5.0781,3.0469,1.0000,0.8000,True,prescan_batch_0003.csv
1774,af2e8a6f-d173-482a-a922-23e242acef49.json,0,Cabinet.070,48,0.4678,0.6178,1.7670,-2.5823,1.0000,0.8000,True,prescan_batch_0004.csv
1776,5c650b8f-1b58-4e32-9469-9a3787bf88cc.json,0,Tea Table.008,3,0.4677,0.6177,2.7418,2.1152,1.0224,0.8224,True,prescan_batch_0002.csv
1777,d88c6598-b40e-4ea8-ac07-f4f1d80d7f31.json,0,Tea Table.008,3,0.4677,0.6177,1.0025,0.9994,1.0224,0.8224,True,prescan_batch_0005.csv
1778,d9f80253-8c05-4c78-9464-230008591d38.json,0,Tea Table.008,3,0.4677,0.6177,2.0797,1.6616,1.0224,0.8224,True,prescan_batch_0005.csv
1779,dcdb0e30-12fe-426d-9cfb-f163940668ea.json,0,Cabinet.014,48,0.4677,0.6177,2.8723,2.1332,0.9950,0.7950,True,prescan_batch_0005.csv
1780,e42d2cda-3beb-4996-9bf3-6d2278942239.json,0,Cabinet.012,48,0.4677,0.6177,-0.9183,-4.0951,0.9800,0.7800,True,prescan_batch_0006.csv
1782,91541891-8b2a-40d6-b15e-301ab75337b1.json,0,Cabinet.011,48,0.4674,0.6174,-5.0880,1.6498,0.9800,0.7800,True,prescan_batch_0003.csv
1783,e7fed67a-ded2-424e-93fd-c64e5a35ae8b.json,0,Cabinet.008,48,0.4670,0.6170,0.8098,-3.3255,0.9950,0.7950,True,prescan_batch_0006.csv
1786,13a2bf30-781b-4328-aa2e-47a78ffedfc8.json,0,table.009,36,0.4665,0.6165,-2.9591,-2.0158,1.0212,0.8212,True,prescan_batch_0000.csv
1787,61d3a1f7-cd93-42b1-979f-84da53dfdfcd.json,0,table.008,36,0.4665,0.6165,2.0529,5.3626,1.0212,0.8212,True,prescan_batch_0002.csv
1788,700043bd-15c3-4d12-9536-f75f2abfafa4.json,0,table.011,36,0.4665,0.6165,-0.0998,-1.8383,1.0212,0.8212,True,prescan_batch_0003.csv
1789,9c20cc98-5aca-45b2-be1f-880f6959e5b2.json,0,table.008,36,0.4665,0.6165,3.0738,0.5900,1.0212,0.8212,True,prescan_batch_0004.csv
1790,b0fe48b1-d6b1-4854-ba04-111d22289522.json,0,table.011,36,0.4665,0.6165,3.2554,3.9956,1.0212,0.8212,True,prescan_batch_0004.csv
1791,d37323ad-0553-41e2-99d3-e8ae35ec9ef6.json,0,table.009,36,0.4665,0.6165,-1.3226,2.3487,1.0212,0.8212,True,prescan_batch_0005.csv
1792,e16e222e-f9b3-41eb-983f-b6173f84c35a.json,0,table.013,36,0.4665,0.6165,-0.8758,-1.4521,1.0212,0.8212,True,prescan_batch_0006.csv
1793,eb8a0928-94bb-4434-bf48-07f311399345.json,0,table.009,36,0.4665,0.6165,-1.6695,0.3912,1.0212,0.8212,True,prescan_batch_0006.csv
1794,36e41e39-505b-48f5-ac9c-ae7f3898ef3a.json,0,Cabinet.011,48,0.4662,0.6162,-5.1189,-2.6055,0.9800,0.7800,True,prescan_batch_0001.csv
1795,7a1e44d1-5828-441d-b041-238b1f0cb76b.json,0,Cabinet.129,48,0.4661,0.6161,6.9087,3.8577,1.0000,0.8000,True,prescan_batch_0003.csv
1796,6064cd7d-6922-4b76-bdb6-08f50aea6097.json,0,Cabinet.009,48,0.4660,0.6160,0.5262,-2.4421,0.9800,0.7800,True,prescan_batch_0002.csv
1805,f4b3956a-77ba-4bf2-accf-e6e582f6717c.json,0,Cabinet.013,48,0.4653,0.6153,-1.2105,-5.6464,0.9800,0.7800,True,prescan_batch_0006.csv
1807,cfc0e878-ba80-43f0-9a54-45a4850e4ecd.json,0,Cabinet.009,48,0.4649,0.6149,-2.9327,-5.4371,0.9800,0.7800,True,prescan_batch_0005.csv
1809,a5d1492c-2e00-4992-8375-23efd0389ab3.json,0,Cabinet.089,48,0.4646,0.6146,2.5862,-5.1710,1.0000,0.8000,True,prescan_batch_0004.csv
1812,e9ebe917-5812-429a-9154-913dcacb49ff.json,0,table.012,36,0.4643,0.6143,0.9774,-2.4713,1.0212,0.8212,True,prescan_batch_0006.csv
1813,71b6e531-ed61-4ff3-8816-5f1b0ebbb464.json,0,Cabinet.050,48,0.4632,0.6132,3.2254,0.5506,0.9000,0.7000,True,prescan_batch_0003.csv
1814,bc4abfa8-a703-4b62-9e95-6e82e7e0f96d.json,0,Cabinet.114,48,0.4631,0.6131,-5.1250,-0.9493,1.0370,0.8370,True,prescan_batch_0005.csv
1815,44528e8d-3139-4496-b314-49a4307bc580.json,0,Cabinet.067,48,0.4628,0.6128,0.3772,-2.9060,1.0000,0.8000,True,prescan_batch_0001.csv
1816,6b5927ff-09d5-41bc-9a9d-e3eade0ca7ac.json,0,cabinet.005,48,0.4625,0.6125,-6.0607,0.3135,1.1020,0.9020,True,prescan_batch_0002.csv
1817,5b991136-5594-403a-8c89-af34b8e21cb0.json,0,Cabinet.008,48,0.4618,0.6118,-0.2696,4.5007,0.9950,0.7950,True,prescan_batch_0002.csv
1818,0857b91d-e04a-497a-ac00-7d912e032e99.json,0,Cabinet.059,48,0.4610,0.6110,-5.0659,2.4935,1.0370,0.8370,True,prescan_batch_0000.csv
1819,8b708387-4b58-4cfc-8e23-2339ad15d34a.json,0,Cabinet.045,48,0.4610,0.6110,-6.8810,-3.0863,1.0220,0.8220,True,prescan_batch_0003.csv
1822,6ce404bd-9c24-4a3b-869f-5217310e3741.json,0,Cabinet.079,48,0.4605,0.6105,2.5619,-0.5730,1.0170,0.8170,True,prescan_batch_0002.csv
1823,04f7a09d-08be-4e6f-965d-b655e0f654fe.json,0,Cabinet.003,48,0.4599,0.6099,0.6319,2.2273,0.9800,0.7800,True,prescan_batch_0000.csv
1824,2cb63f1b-2839-4be4-aa39-b19dc377c8fc.json,0,Cabinet.004,48,0.4597,0.6097,4.9368,-0.8352,0.9800,0.7800,True,prescan_batch_0001.csv
1825,fc153156-cd47-431b-bb9b-5f6420f3ffca.json,0,Cabinet.023,48,0.4596,0.6096,1.7099,-1.1531,1.0000,0.8000,True,prescan_batch_0006.csv
1826,5d9ce2ba-db3c-4c78-8c5a-3bdb1d61de88.json,0,Cabinet.004,48,0.4591,0.6091,-4.9651,2.4926,0.9800,0.7800,True,prescan_batch_0002.csv
1827,1a2853ed-7b80-419a-9707-7107959afeff.json,0,Cabinet.010,48,0.4589,0.6089,2.0952,-0.7301,0.9950,0.7950,True,prescan_batch_0000.csv
1828,ba4c65ee-d027-43fe-9542-e1aa9c2b3b1c.json,0,Cabinet.062,48,0.4569,0.6069,-6.3485,2.4989,1.0000,0.8000,True,prescan_batch_0004.csv
1829,c807b9e8-cc51-46f9-9eb3-5573742f106a.json,0,Cabinet.008,48,0.4569,0.6069,6.1258,1.1858,0.9800,0.7800,True,prescan_batch_0005.csv
1830,38eaa188-af70-4d5e-8434-0135c0b477e2.json,0,Cabinet.009,48,0.4566,0.6066,-3.4792,1.4020,0.9800,0.7800,True,prescan_batch_0001.csv
1832,ade53c13-6e71-417d-a489-a9f30116cb9d.json,0,Cabinet.036,48,0.4563,0.6063,-0.1547,-1.8738,1.0370,0.8370,True,prescan_batch_0004.csv
1833,6c6da165-485a-41a8-9870-75cb9f39c017.json,0,Cabinet.004,48,0.4558,0.6058,-1.8996,-1.9296,0.9800,0.7800,True,prescan_batch_0002.csv
1835,ecfd0c00-3442-4962-bc25-270db6214ab7.json,0,Cabinet.032,48,0.4553,0.6053,2.4064,3.5758,1.0000,0.8000,True,prescan_batch_0006.csv
1836,b4c7e5bf-1c64-4047-86f0-1534d8735a0d.json,0,Cabinet.001,48,0.4550,0.6050,2.8238,0.6571,0.9950,0.7950,True,prescan_batch_0004.csv
1837,1cb14b6d-4bb2-4bd1-8792-31e32ceb679a.json,0,Cabinet.012,48,0.4549,0.6049,0.9934,5.7194,0.9800,0.7800,True,prescan_batch_0000.csv
1838,33c06ec4-aaa3-40cf-8498-e8549285ab8d.json,0,Cabinet.009,48,0.4549,0.6049,5.1337,3.4426,0.9800,0.7800,True,prescan_batch_0001.csv
1840,56b06767-5d8d-4a9d-9f2d-148ee5c2c4ae.json,0,Cabinet.091,48,0.4545,0.6045,3.3344,2.1325,1.0000,0.8000,True,prescan_batch_0002.csv
1841,aa864471-da98-4da0-b383-461f994d2531.json,0,Cabinet.030,48,0.4540,0.6040,2.9093,0.7924,1.0370,0.8370,True,prescan_batch_0004.csv
1842,c16ecf1f-acf5-4585-8327-b8baf7eed8e4.json,0,Cabinet.030,48,0.4540,0.6040,2.9932,0.7580,1.0370,0.8370,True,prescan_batch_0005.csv
1843,45901852-d737-4d77-8e67-cf416d449fe2.json,0,Cabinet.085,48,0.4539,0.6039,-4.6638,-1.5310,1.0000,0.8000,True,prescan_batch_0001.csv
1844,b64e1a46-dbb0-4d5c-b504-971cd38dba07.json,0,Cabinet.011,48,0.4537,0.6037,-2.9828,-1.4121,0.9800,0.7800,True,prescan_batch_0004.csv
1846,09909663-6896-4cb8-993e-4417342d8d44.json,0,Cabinet.009,48,0.4530,0.6030,-0.6022,-0.5382,0.9800,0.7800,True,prescan_batch_0000.csv
1847,b3fedd99-d4eb-4a8c-bbb1-46a3d40f8e13.json,0,Cabinet.082,48,0.4522,0.6022,3.9282,-2.3566,1.0000,0.8000,True,prescan_batch_0004.csv
1848,3f6df3ff-611d-4259-a65f-57641b3e993e.json,0,Cabinet.012,48,0.4521,0.6021,-8.1107,1.5856,0.9950,0.7950,True,prescan_batch_0001.csv
1849,217efefa-4ae0-4164-964b-81565ed1f4d9.json,0,table.012,36,0.4517,0.6017,-1.9300,3.0838,0.9406,0.7406,True,prescan_batch_0000.csv
1850,6d6fdc9f-a267-445f-9292-661f6ebeccfe.json,0,table.045,36,0.4517,0.6017,1.4586,1.0615,0.9406,0.7406,True,prescan_batch_0002.csv
1851,a2126d4e-1c3d-466d-8f5a-dc361b4fb722.json,0,table.045,36,0.4517,0.6017,1.4582,1.0615,0.9406,0.7406,True,prescan_batch_0004.csv
1852,ab7e41d0-fc12-46f5-bc64-56b18bca9b15.json,0,Cabinet.012,48,0.4517,0.6017,3.4513,-1.2650,0.9800,0.7800,True,prescan_batch_0004.csv
1854,f3b70889-71b2-4dbe-87df-02ba6788734c.json,0,Cabinet.012,48,0.4507,0.6007,-0.9807,-4.5020,0.9950,0.7950,True,prescan_batch_0006.csv
1856,2a001497-73d9-4172-a89a-90ce19d94ed2.json,0,Cabinet.011,48,0.4501,0.6001,-2.4429,-1.9382,0.9800,0.7800,True,prescan_batch_0001.csv
1857,d5514ff3-afae-4ce4-b98e-5f83bf4172eb.json,0,Cabinet.009,48,0.4501,0.6001,-2.0849,-1.1066,0.9800,0.7800,True,prescan_batch_0005.csv
1858,cc37c4d0-eb48-4927-9685-5cf72c25823d.json,0,Cabinet.004,48,0.4499,0.5999,4.8015,-0.2940,0.9800,0.7800,True,prescan_batch_0005.csv
1859,ce7c6e7d-de5d-42d8-921d-50c2facdab7c.json,0,Cabinet.001,48,0.4497,0.5997,-1.4121,4.3456,0.9950,0.7950,True,prescan_batch_0005.csv
1860,ebead38b-ebb9-4569-a92f-f71668596b7c.json,0,Cabinet.011,48,0.4492,0.5992,-1.7930,-4.4919,0.9800,0.7800,True,prescan_batch_0006.csv
1861,a6f00664-d901-4393-8b77-9b743c5ebf09.json,0,cabinet,48,0.4491,0.5991,3.8489,2.3245,1.0420,0.8420,True,prescan_batch_0004.csv
1862,fbbcd9c7-e432-4058-94df-5861a0f8e889.json,0,Cabinet.045,48,0.4486,0.5986,-0.7360,-1.2111,1.0000,0.8000,True,prescan_batch_0006.csv
1863,be5e905c-cad3-4b8a-8f0b-1c3e93996efc.json,0,Cabinet.003,48,0.4483,0.5983,4.0663,-4.0330,0.9800,0.7800,True,prescan_batch_0005.csv
1865,6be7ef9a-98d9-4d32-8b0c-c0d2b1ca3bbe.json,0,Cabinet.010,48,0.4479,0.5979,-3.4580,-0.4668,0.9800,0.7800,True,prescan_batch_0002.csv
1867,4ba8a28c-b40f-45f8-8329-b13bcb70ff02.json,0,Cabinet.044,48,0.4469,0.5969,1.8577,-2.1827,0.9000,0.7000,True,prescan_batch_0002.csv
1868,356c1ca5-db03-4d93-84a7-b81662902c98.json,0,Cabinet.080,48,0.4468,0.5968,-2.2975,2.1327,1.0000,0.8000,True,prescan_batch_0001.csv
1871,e2ca3b88-0619-4841-81f7-6dd37d684149.json,0,Cabinet.007,48,0.4460,0.5960,-0.8021,-1.2811,0.9800,0.7800,True,prescan_batch_0006.csv
1878,c7f22934-9a25-418c-adaf-4d23a6447d63.json,0,Cabinet.011,48,0.4448,0.5948,-2.2600,1.9936,0.9800,0.7800,True,prescan_batch_0005.csv
1880,22ff7a9f-b05a-445f-9b6d-61fa00adcf09.json,0,Cabinet.003,48,0.4445,0.5945,0.8523,-7.0946,0.9800,0.7800,True,prescan_batch_0000.csv
1881,3f399a35-6dec-4245-8356-dd37726f2d5a.json,0,Cabinet.069,48,0.4445,0.5945,-8.0605,0.6897,1.0000,0.8000,True,prescan_batch_0001.csv
1882,871c17d3-2715-481b-ac9c-77f8ff7ca3ca.json,0,Cabinet.127,48,0.4445,0.5945,-1.2540,-6.2296,2.8000,2.6000,True,prescan_batch_0003.csv
1883,14d51b10-6120-4370-acdb-fe94baaed5a2.json,0,Cabinet.136,48,0.4442,0.5942,4.1237,2.5683,1.0000,0.8000,True,prescan_batch_0000.csv
1889,0032b185-4914-49e5-b973-f82271674308.json,0,Cabinet.010,48,0.4430,0.5930,-6.0820,-7.5231,0.9950,0.7950,True,prescan_batch_0000.csv
1891,3aad7ee0-e494-4a55-b296-d55005b8ebc8.json,0,Cabinet.004,48,0.4430,0.5930,-1.4902,-6.1445,0.9800,0.7800,True,prescan_batch_0001.csv
1893,5688d36e-44d9-4420-9a4a-501418b5f2b8.json,0,Cabinet.013,48,0.4423,0.5923,1.7873,2.7207,0.9800,0.7800,True,prescan_batch_0002.csv
1894,eb4a0c67-758b-4f7a-b1a8-a339d8545e78.json,0,table.009,36,0.4423,0.5923,0.5705,-0.0472,1.3985,1.1985,True,prescan_batch_0006.csv
1895,6c1d8d9b-81e5-4716-9a1e-b200ab102922.json,0,Cabinet.065,48,0.4422,0.5922,-1.1324,3.8059,1.0870,0.8870,True,prescan_batch_0002.csv
1896,c6c726a2-8051-48ee-b099-edd487682340.json,0,Cabinet.040,48,0.4408,0.5908,-0.5403,2.4648,1.0000,0.8000,True,prescan_batch_0005.csv
1897,ea328f5b-1235-4041-9b77-8fc1a7eea639.json,0,Cabinet.010,48,0.4405,0.5905,5.0134,0.5675,0.9950,0.7950,True,prescan_batch_0006.csv
1898,015ed8e0-35dc-41ab-9a9e-b3dbba4ec64a.json,0,Cabinet.016,48,0.4400,0.5900,5.0239,3.3826,0.9700,0.7700,True,prescan_batch_0000.csv
1899,b431cac1-4a5d-4b98-b646-093edc6b55e8.json,0,Cabinet.016,48,0.4400,0.5900,5.0405,3.3754,0.9700,0.7700,True,prescan_batch_0004.csv
1900,0f8fa784-6039-4bbc-a439-8fbfffa3a43a.json,0,Cabinet.015,48,0.4397,0.5897,3.9128,-2.9065,0.9800,0.7800,True,prescan_batch_0000.csv
1901,c6f34873-6b70-4140-8ceb-48078dfe53c9.json,0,Cabinet.059,48,0.4397,0.5897,3.2724,1.1853,1.0350,0.8350,True,prescan_batch_0005.csv
1902,ff7b42d9-0e58-4847-8d47-f793a11cd3bd.json,0,Cabinet.011,48,0.4396,0.5896,0.1900,-1.6179,0.9800,0.7800,True,prescan_batch_0006.csv
1903,05b8982b-6b8c-40e4-880e-07bc7de301b4.json,0,Cabinet.037,48,0.4393,0.5893,5.7265,3.3718,1.0370,0.8370,True,prescan_batch_0000.csv
1904,a9f95562-fcfa-4da6-bd23-d537e751d8b5.json,0,Cabinet.028,48,0.4393,0.5893,-1.0462,-1.0274,1.0220,0.8220,True,prescan_batch_0004.csv
1907,53db8493-091d-439b-b73c-18156bafe3bd.json,0,Cabinet.015,48,0.4389,0.5889,3.4266,-3.1553,0.9800,0.7800,True,prescan_batch_0002.csv
1908,54b8104f-05e8-49a4-a8df-004a3ed42064.json,0,Cabinet.015,48,0.4389,0.5889,3.8634,1.5563,0.9800,0.7800,True,prescan_batch_0002.csv
1909,2c55e5c8-0ec5-4f98-b0cc-1c6dd0418815.json,0,Cabinet.050,48,0.4387,0.5887,-1.7068,-0.5730,1.0220,0.8220,True,prescan_batch_0001.csv
1910,a4589734-7087-4f17-8f52-a7d7797ff175.json,0,Cabinet.003,48,0.4385,0.5885,3.6896,-1.7515,0.9800,0.7800,True,prescan_batch_0004.csv
1911,ccb101be-f9ff-49f5-9bcc-6f012149ba13.json,0,Cabinet.076,48,0.4383,0.5883,-6.4699,3.8262,1.0220,0.8220,True,prescan_batch_0005.csv
1912,2e3dc383-7463-471b-a083-5c74edc8cc8b.json,0,Cabinet.008,48,0.4382,0.5882,-3.8773,-5.4810,0.9950,0.7950,True,prescan_batch_0001.csv
1913,aa68313f-ad9c-4f85-94d6-456824df7fda.json,0,Cabinet.011,48,0.4378,0.5878,0.4326,1.6795,0.9800,0.7800,True,prescan_batch_0004.csv
1914,35602a52-6ddc-4137-ab5e-45296190513c.json,0,Cabinet.004,48,0.4375,0.5875,0.9967,-0.1581,0.9800,0.7800,True,prescan_batch_0001.csv
1915,88e59754-af7c-44d0-bd64-0a958a919cc5.json,0,Cabinet.014,48,0.4371,0.5871,1.3659,3.9666,0.9800,0.7800,True,prescan_batch_0003.csv
1916,1356d896-5300-4be9-aa8c-84b71b07d407.json,0,Cabinet.008,48,0.4369,0.5869,3.6010,1.0896,0.9800,0.7800,True,prescan_batch_0000.csv
1917,bc0350c2-881a-454b-bc7f-1b18d51d548c.json,0,Cabinet.060,48,0.4363,0.5863,2.4505,-1.5586,1.0000,0.8000,True,prescan_batch_0005.csv
1921,6a2b8eab-9d8b-4efa-9823-7089483c9faa.json,0,Cabinet.003,48,0.4354,0.5854,5.1466,3.0844,0.9800,0.7800,True,prescan_batch_0002.csv
1922,a9d64d89-ea72-46da-8b1f-b66dedcb82f9.json,0,Cabinet.012,48,0.4352,0.5852,0.3110,2.5489,0.9950,0.7950,True,prescan_batch_0004.csv
1926,76815557-7eb8-4328-bcbb-bc4fb45d2253.json,0,Cabinet.011,48,0.4335,0.5835,-1.2868,-3.7534,0.9800,0.7800,True,prescan_batch_0003.csv
1927,6ae193c4-4fe1-42e8-b2dd-38ded31b7f12.json,0,Cabinet.004,48,0.4333,0.5833,2.1356,-2.0925,0.9800,0.7800,True,prescan_batch_0002.csv
1929,0d1cc664-0f78-44f4-b6dc-3871e09decab.json,0,Cabinet.012,48,0.4329,0.5829,-1.4802,-6.2986,0.9800,0.7800,True,prescan_batch_0000.csv
1931,6dd08157-3609-4a98-856e-2afc73369fbc.json,0,Cabinet.011,48,0.4325,0.5825,-1.4946,1.9524,0.9800,0.7800,True,prescan_batch_0002.csv
1934,28b11be7-f793-4502-ae7d-3d1ae81eb8c7.json,0,Cabinet.127,48,0.4314,0.5814,-1.1710,-6.2167,2.8000,2.6000,True,prescan_batch_0001.csv
1936,d4a8cfa5-defc-4e34-9ea8-fa5640b9a017.json,0,Desk.014,81,0.4314,0.5814,2.9956,1.2832,0.9746,0.7746,True,prescan_batch_0005.csv
1938,530bcdea-b936-41ad-888c-18d6c7d8fd33.json,0,Cabinet.012,48,0.4309,0.5809,2.1251,-1.6003,0.9800,0.7800,True,prescan_batch_0002.csv
1939,11eb078d-7eee-4c82-a748-34a7e2c6c7f4.json,0,Cabinet.003,48,0.4307,0.5807,-0.9536,0.6378,0.9800,0.7800,True,prescan_batch_0000.csv
1940,5668edb2-684c-4802-82a1-57557fb617b0.json,0,Cabinet.071,48,0.4306,0.5806,0.1026,3.6323,1.0000,0.8000,True,prescan_batch_0002.csv
1941,01aa1db0-b73a-4270-807c-1b73268aac3b.json,0,Cabinet.057,48,0.4304,0.5804,-3.6960,0.9509,1.0001,0.8001,True,prescan_batch_0000.csv
1942,2a6d5f03-79ed-4fde-83c4-1548ef7082d0.json,0,Cabinet.012,48,0.4303,0.5803,5.0983,2.2947,1.0360,0.8360,True,prescan_batch_0001.csv
1953,758337f9-590b-4b4d-9397-17f273f96289.json,0,Cabinet.011,48,0.4285,0.5785,2.1439,0.3690,0.9800,0.7800,True,prescan_batch_0003.csv
1954,3a0265cf-f63d-4f8d-b167-751cd9bedeb2.json,0,Cabinet.077,48,0.4284,0.5784,3.3535,1.7182,1.0370,0.8370,True,prescan_batch_0001.csv
1955,57b05d11-5406-46fa-b900-10aa390200b8.json,0,Cabinet.065,48,0.4282,0.5782,-2.3430,-2.7318,1.0000,0.8000,True,prescan_batch_0002.csv
1957,af2d9603-c0c1-492d-b80b-e7805aae3038.json,0,Cabinet.013,48,0.4279,0.5779,4.0402,1.9877,0.9800,0.7800,True,prescan_batch_0004.csv
1961,fd9ec869-05a9-4f85-8478-d3932abde306.json,0,Cabinet.004,48,0.4265,0.5765,4.1768,-4.1863,0.9800,0.7800,True,prescan_batch_0006.csv
1962,72f75ed4-ab5e-466e-ab6a-7672b31ceb93.json,0,Cabinet.055,48,0.4263,0.5763,5.1665,1.2535,1.0000,0.8000,True,prescan_batch_0003.csv
1963,b1b053a9-b268-4f62-a06d-b9b9325c5092.json,0,Cabinet.074,48,0.4263,0.5763,2.6215,-1.5119,1.0000,0.8000,True,prescan_batch_0004.csv
1964,3b47f40d-c402-41b7-9f43-bd0572c2f72b.json,0,Cabinet.007,48,0.4260,0.5760,-0.8881,-1.3131,0.9800,0.7800,True,prescan_batch_0001.csv
1965,c5c99bbd-e9d2-40ff-b46c-43ed48e08864.json,0,Cabinet.003,48,0.4260,0.5760,-5.6861,1.6905,0.9800,0.7800,True,prescan_batch_0005.csv
1966,ff48ced7-689e-4292-a199-47435e73e3fa.json,0,Cabinet.112,48,0.4258,0.5758,3.1649,-1.1188,1.0220,0.8220,True,prescan_batch_0006.csv
1967,1283c8a5-b589-48a8-a6c9-486791da56ff.json,0,table.014,36,0.4256,0.5756,-5.0614,5.2020,0.9658,0.7658,True,prescan_batch_0000.csv
1968,7fe08405-d4de-48f9-9435-ba3c18de84b6.json,0,table.010,36,0.4256,0.5756,-1.8379,2.6951,0.9658,0.7658,True,prescan_batch_0003.csv
1969,bbf5f0c3-25b9-4288-afa1-f2545fab15ba.json,0,table.054,36,0.4256,0.5756,-1.6370,-1.4966,0.9658,0.7658,True,prescan_batch_0005.csv
1970,e473a3f5-cdae-4ca1-8c91-6c7aa9f3270e.json,0,Cabinet.040,48,0.4255,0.5755,-4.4320,3.5275,1.0220,0.8220,True,prescan_batch_0006.csv
1972,8270c12f-973b-42ef-ace3-ce6e331d122e.json,0,Cabinet.013,48,0.4250,0.5750,6.2183,-0.7020,0.9800,0.7800,True,prescan_batch_0003.csv
1974,3e2a08c1-5a26-453c-bc8f-a6058ddd6952.json,0,Cabinet.003,48,0.4245,0.5745,4.5505,0.0418,0.9800,0.7800,True,prescan_batch_0001.csv
1975,adec71fc-bda9-43cb-8158-e70b7a16df8d.json,0,Cabinet.003,48,0.4245,0.5745,3.4853,-1.3316,0.9800,0.7800,True,prescan_batch_0004.csv
1976,d25c96c5-d328-48d1-84f8-ea4ee5207a72.json,0,Cabinet.003,48,0.4245,0.5745,4.3399,-1.0366,0.9800,0.7800,True,prescan_batch_0005.csv
1977,6995dbb7-6399-4d3e-b8e1-89d5b309c5aa.json,0,Cabinet.004,48,0.4239,0.5739,4.5671,-3.8106,0.9800,0.7800,True,prescan_batch_0002.csv
1978,9ba61fbc-ec92-4421-932b-68f5adb9b08e.json,0,Cabinet.003,48,0.4239,0.5739,4.3178,-0.8376,0.9800,0.7800,True,prescan_batch_0004.csv
1979,47f0a907-5b60-4511-82c4-9f56aa4e1010.json,0,Cabinet.003,48,0.4237,0.5737,4.5624,-5.3960,1.0300,0.8300,True,prescan_batch_0001.csv
1981,0f7d04b8-9de9-4e07-9a44-0cdb8b2703f4.json,0,Cabinet.012,48,0.4236,0.5736,2.8988,-5.4315,0.9800,0.7800,True,prescan_batch_0000.csv
1982,caaf690b-c16f-45ba-88f1-45cafd0a2a9b.json,0,Cabinet.120,48,0.4235,0.5735,-4.7695,-3.6987,1.0370,0.8370,True,prescan_batch_0005.csv
1983,0be0e89a-9965-4f38-8dbb-ea220f2f5fc1.json,0,Cabinet.003,48,0.4233,0.5733,-0.4597,-0.6196,0.9800,0.7800,True,prescan_batch_0000.csv
1985,f16b70be-bcb5-4845-8b84-82b2e5b9b3cc.json,0,Cabinet.008,48,0.4226,0.5726,-3.0850,2.7717,0.9950,0.7950,True,prescan_batch_0006.csv
1987,9b8b8318-45e8-4518-ba42-6512352c5ca1.json,0,Cabinet.008,48,0.4220,0.5720,-0.3509,-0.6002,0.9950,0.7950,True,prescan_batch_0004.csv
1988,1870ac5e-aa92-4d22-955f-814c8a6cc29b.json,0,Cabinet.080,48,0.4219,0.5719,-1.8783,2.1084,1.0000,0.8000,True,prescan_batch_0000.csv
1990,0ed12a92-fdda-4476-a267-e076b77646c5.json,0,Cabinet.085,48,0.4217,0.5717,2.6374,-3.4693,1.0000,0.8000,True,prescan_batch_0000.csv
1992,35a3b63f-83c0-4bdd-aef5-4f7c5df8c5d7.json,0,Cabinet.051,48,0.4213,0.5713,3.8492,3.6037,0.9220,0.7220,True,prescan_batch_0001.csv
1993,d7f58cb3-294b-4406-8220-be5438da8611.json,0,Cabinet.114,48,0.4213,0.5713,-4.9277,-3.8638,1.0220,0.8220,True,prescan_batch_0005.csv
1996,1cc0fd55-1c5a-4885-a2de-f30c6d387353.json,0,Cabinet.004,48,0.4186,0.5686,-1.4434,-4.1296,0.9800,0.7800,True,prescan_batch_0000.csv
1999,cb300b0a-3072-44a1-9f4d-dd75497ab9c5.json,0,Cabinet.011,48,0.4179,0.5679,-4.1498,1.2939,0.9800,0.7800,True,prescan_batch_0005.csv
2003,103d8063-fb69-4029-a3e5-a3ded8ca728d.json,0,Cabinet.014,48,0.4172,0.5672,-4.4850,0.3307,0.9800,0.7800,True,prescan_batch_0000.csv
2005,94c64091-a056-49b0-9c6d-a928ab68992b.json,0,Cabinet.116,48,0.4170,0.5670,-6.7409,2.7410,1.0220,0.8220,True,prescan_batch_0003.csv
2008,2f154734-415d-49ef-acc5-060292c9531f.json,0,Cabinet.146,48,0.4163,0.5663,2.6466,-2.0040,1.0000,0.8000,True,prescan_batch_0001.csv
2009,96ef296c-dfa6-4905-8d84-4f8d706a7ad7.json,0,Cabinet.011,48,0.4161,0.5661,-0.4707,0.3067,0.9800,0.7800,True,prescan_batch_0004.csv
2010,cf8e0fce-dd8d-4b15-aadd-16120567d4b7.json,0,Cabinet.054,48,0.4159,0.5659,29.6027,0.9702,1.0220,0.8220,True,prescan_batch_0005.csv
2011,0832d1de-528e-4d78-9177-1a96e38ad499.json,0,Cabinet.046,48,0.4157,0.5657,3.0718,-1.3405,1.0000,0.8000,True,prescan_batch_0000.csv
2012,10f4788c-4603-45aa-a063-7375ca6ee9a4.json,0,Cabinet.062,48,0.4157,0.5657,-2.2020,-0.0950,1.0000,0.8000,True,prescan_batch_0000.csv
2013,595304a6-d670-40cd-b62c-29f3eb4b40db.json,0,Cabinet.074,48,0.4157,0.5657,-4.1586,-5.1368,1.0000,0.8000,True,prescan_batch_0002.csv
2014,739119a4-f787-4f1e-a7ef-f72d5f36785b.json,0,Cabinet.280,48,0.4157,0.5657,-2.2610,0.7571,1.0000,0.8000,True,prescan_batch_0003.csv
2015,87634209-cf00-41fe-adb1-8b8f39d8b598.json,0,Cabinet.052,48,0.4157,0.5657,0.2112,-3.6677,1.0000,0.8000,True,prescan_batch_0003.csv
2016,8aa48f09-0a0f-441c-b19c-6795de7e346b.json,0,Cabinet.044,48,0.4157,0.5657,4.0341,-1.9112,1.0000,0.8000,True,prescan_batch_0003.csv
2017,acd6f194-3b7c-4a12-9f5f-95af94061449.json,0,Cabinet.057,48,0.4157,0.5657,-2.3181,-2.4321,1.0000,0.8000,True,prescan_batch_0004.csv
2018,cbdc6e88-6835-4306-8020-e03b90f3279f.json,0,Cabinet.088,48,0.4157,0.5657,-5.0810,4.8083,1.0000,0.8000,True,prescan_batch_0005.csv
2019,e3a0e731-a4d9-40d7-945e-408100ebd00a.json,0,Cabinet.047,48,0.4157,0.5657,-2.7692,2.1217,1.0000,0.8000,True,prescan_batch_0006.csv
2020,3a3f479b-3fc5-4bf5-a60b-637492422f45.json,0,Cabinet.012,48,0.4152,0.5652,4.3322,-0.5449,0.9800,0.7800,True,prescan_batch_0001.csv
2021,e2c21ee1-02d6-400e-86ec-cd4c39505f68.json,0,Cabinet.014,48,0.4148,0.5648,-0.3814,-3.8437,0.9800,0.7800,True,prescan_batch_0006.csv
2022,54f911eb-26a7-410f-b212-185745f55515.json,0,Cabinet.008,48,0.4147,0.5647,-2.0774,-4.1167,0.9950,0.7950,True,prescan_batch_0002.csv
2025,b314c05a-3481-46ac-9d27-cc9bb42268e2.json,0,Cabinet.205,48,0.4133,0.5633,3.7407,-2.0132,1.0220,0.8220,True,prescan_batch_0004.csv
2026,5a5372e5-d820-434d-885d-710887b2b0ee.json,0,Cabinet.015,48,0.4129,0.5629,2.4857,3.8399,0.9800,0.7800,True,prescan_batch_0002.csv
2027,12c54720-32c2-4634-8eac-1e2b129c2991.json,0,Cabinet.010,48,0.4127,0.5627,-1.6402,-0.9951,0.9800,0.7800,True,prescan_batch_0000.csv
2029,6d9daf45-d1ee-4749-9659-57e80d84a76f.json,0,Cabinet.011,48,0.4126,0.5626,2.1411,-2.4423,0.9800,0.7800,True,prescan_batch_0002.csv
2030,d457c7cc-1cf6-4380-9cbf-ea8d5dad1f0c.json,0,Cabinet.011,48,0.4121,0.5621,-1.8645,-3.6669,0.9800,0.7800,True,prescan_batch_0005.csv
2031,0363cf51-5e28-4b32-8a3b-68726d8da273.json,0,Cabinet.010,48,0.4119,0.5619,-0.8022,3.6951,0.9950,0.7950,True,prescan_batch_0000.csv
2032,0ff98ee4-0807-4300-b557-14236497bdf4.json,0,Cabinet.010,48,0.4119,0.5619,-1.4188,-0.7985,0.9950,0.7950,True,prescan_batch_0000.csv
2033,17c88eb5-0b0d-4c01-8135-51bd3e7b7ce5.json,0,Cabinet.081,48,0.4119,0.5619,5.3361,1.0682,0.9370,0.7370,True,prescan_batch_0000.csv
2034,181e05b4-9db5-4c2b-8761-70ef7f2ebdd8.json,0,Cabinet.076,48,0.4119,0.5619,3.4990,-2.2718,1.0370,0.8370,True,prescan_batch_0000.csv
2035,2479eff0-7d6e-4657-8de9-f0f9358f342a.json,0,Cabinet.014,48,0.4119,0.5619,2.3188,4.4322,0.9950,0.7950,True,prescan_batch_0001.csv
2036,257c8ee4-5e27-4da9-b54c-48a476bedb5b.json,0,Cabinet.179,48,0.4119,0.5619,-3.6509,2.5912,1.0370,0.8370,True,prescan_batch_0001.csv
2037,2a4d6f1a-5f28-4cba-8895-a0221e4f3dee.json,0,Cabinet.018,48,0.4119,0.5619,-1.3512,-0.9925,0.9950,0.7950,True,prescan_batch_0001.csv
2038,2f2433ee-e2cc-416e-8127-f5abd01550b2.json,0,Cabinet.010,48,0.4119,0.5619,-0.5752,2.7548,0.9950,0.7950,True,prescan_batch_0001.csv
2039,33d1a77a-47d4-49ba-b682-61a47eff9c3c.json,0,Cabinet.018,48,0.4119,0.5619,5.1835,3.0968,0.9950,0.7950,True,prescan_batch_0001.csv
2040,3e73871a-0b33-44cb-99ab-6a76a7d6e12d.json,0,Cabinet.044,48,0.4119,0.5619,4.3120,1.5932,1.0370,0.8370,True,prescan_batch_0001.csv
2041,49466f25-64de-4266-a0e4-2b4584b9f039.json,0,Cabinet.001,48,0.4119,0.5619,3.9012,2.2318,0.9950,0.7950,True,prescan_batch_0001.csv
2042,49ca58ed-60ba-4fa4-b59f-975c0de13dbd.json,0,Cabinet.010,48,0.4119,0.5619,-3.8610,3.0744,0.9950,0.7950,True,prescan_batch_0001.csv
2043,4beeca8b-268c-4ba7-b13b-c23300a73f33.json,0,Cabinet.042,48,0.4119,0.5619,0.2630,1.9817,1.0370,0.8370,True,prescan_batch_0002.csv
2044,66ec97ae-5863-4444-9492-6856cf9ea710.json,0,Cabinet.010,48,0.4119,0.5619,1.5847,4.8209,0.9950,0.7950,True,prescan_batch_0002.csv
2045,6d2dacee-dbfa-4c95-8465-c0184969823d.json,0,Cabinet.001,48,0.4119,0.5619,4.9017,3.8039,0.9950,0.7950,True,prescan_batch_0002.csv
2046,7428bdf6-d829-47a9-8493-248e398c4420.json,0,Cabinet.060,48,0.4119,0.5619,-6.5145,2.5859,1.0370,0.8370,True,prescan_batch_0003.csv
2047,74b77e1c-57dd-42d8-b041-52425d2ef136.json,0,Cabinet.042,48,0.4119,0.5619,-6.4007,1.9557,1.0370,0.8370,True,prescan_batch_0003.csv
2048,78aa7bd5-d98a-4e86-b342-7a00beadb426.json,0,Cabinet.008,48,0.4119,0.5619,-5.2782,2.5568,0.9950,0.7950,True,prescan_batch_0003.csv
2049,805a5f6e-096f-4db3-bfb0-07484b965621.json,0,Cabinet.079,48,0.4119,0.5619,-3.1515,-2.7043,1.0308,0.8308,True,prescan_batch_0003.csv
2050,8a0bf953-7c86-4589-8f88-84a1a45a9077.json,0,Cabinet.019,48,0.4119,0.5619,-8.3709,-0.0174,1.0370,0.8370,True,prescan_batch_0003.csv
2051,95b30752-9ed7-495d-a230-9632baeb0bdf.json,0,Cabinet.101,48,0.4119,0.5619,4.0891,-2.7025,1.0370,0.8370,True,prescan_batch_0003.csv
2052,9b3a3877-b8b4-42d7-bdb9-6ed62116dc64.json,0,Cabinet.012,48,0.4119,0.5619,1.4656,4.4256,0.9950,0.7950,True,prescan_batch_0004.csv
2053,a169bc10-8221-4121-9815-5ae46a4d3d8e.json,0,Cabinet.001,48,0.4119,0.5619,-3.7053,3.1536,0.9950,0.7950,True,prescan_batch_0004.csv
2054,b9e0dff9-03dd-4c4a-a00f-0b04b45d8df4.json,0,Cabinet.001,48,0.4119,0.5619,1.8671,4.4063,0.9950,0.7950,True,prescan_batch_0004.csv
2055,bd45e442-2961-4143-8968-0fc05edb610f.json,0,Cabinet.088,48,0.4119,0.5619,-3.3545,4.6402,1.0370,0.8370,True,prescan_batch_0005.csv
2056,c1575512-d8f9-4d74-a8d3-fdd840f0d9a9.json,0,Cabinet.012,48,0.4119,0.5619,4.5973,3.2736,0.9950,0.7950,True,prescan_batch_0005.csv
2057,c3e8a559-c0ed-46ab-a702-3fb148d9d228.json,0,Cabinet.008,48,0.4119,0.5619,-0.3431,1.9014,0.9950,0.7950,True,prescan_batch_0005.csv
2058,d41842f0-2b32-4230-9e19-40691b375b7a.json,0,Cabinet.028,48,0.4119,0.5619,2.8352,3.8629,0.9950,0.7950,True,prescan_batch_0005.csv
2059,d4d465b0-e4fd-40b6-9ead-0a1c3d03036a.json,0,Cabinet.001,48,0.4119,0.5619,0.8121,4.7856,0.9950,0.7950,True,prescan_batch_0005.csv
2060,d6bb4731-c25f-4f2b-abbf-cea2982d2485.json,0,Cabinet.010,48,0.4119,0.5619,3.6948,3.7855,0.9950,0.7950,True,prescan_batch_0005.csv
2061,d8dfd6e8-21e5-4f18-a38c-c99a003d1bf0.json,0,Cabinet.090,48,0.4119,0.5619,-1.6433,-10.3854,1.0370,0.8370,True,prescan_batch_0005.csv
2062,dd8f6a27-45d9-4d66-8867-64804e842a37.json,0,Cabinet.010,48,0.4119,0.5619,4.4472,3.7563,0.9950,0.7950,True,prescan_batch_0005.csv
2063,e475ec55-ca9b-4908-ba97-1fd593042a06.json,0,Cabinet.001,48,0.4119,0.5619,-2.4075,-2.3079,0.9950,0.7950,True,prescan_batch_0006.csv
2064,e64176c6-724a-471a-bd2c-81fc36504a59.json,0,Cabinet.132,48,0.4119,0.5619,-2.4383,2.0632,1.1300,0.9300,True,prescan_batch_0006.csv
2065,e836a041-71fd-4fd4-9aa5-84cbc37b69dd.json,0,Cabinet.010,48,0.4119,0.5619,-0.1569,-1.2107,0.9950,0.7950,True,prescan_batch_0006.csv
2066,eca62dc1-f5a9-4b74-a568-420fc7e66d68.json,0,Cabinet.010,48,0.4119,0.5619,0.3540,-0.6639,0.9950,0.7950,True,prescan_batch_0006.csv
2067,f1b8b50c-14ed-4bb0-a04c-a8ecb2b2aadf.json,0,Cabinet.175,48,0.4119,0.5619,-4.8501,4.1113,1.0370,0.8370,True,prescan_batch_0006.csv
2068,f96977b7-b5cb-40a5-b7a6-419e32afaf41.json,0,Cabinet.060,48,0.4119,0.5619,-6.4277,2.6090,1.0370,0.8370,True,prescan_batch_0006.csv
2070,6757aaa0-e830-48cf-81d3-f670f19aa9c5.json,0,Cabinet.037,48,0.4117,0.5617,-3.1987,1.8829,1.0000,0.8000,True,prescan_batch_0002.csv
2074,5ad33e93-7c6b-4c7d-b0a1-93edeed0d5ad.json,0,Cabinet.075,48,0.4113,0.5613,-0.6788,-3.9606,1.0000,0.8000,True,prescan_batch_0002.csv
2075,e8ce997f-c442-43c0-96d6-196dbb8606bc.json,0,Cabinet.062,48,0.4109,0.5609,4.5326,-0.7478,1.0150,0.8150,True,prescan_batch_0006.csv
2076,865779a5-dd00-450c-8dc6-0045ad7ed660.json,0,Cabinet.004,48,0.4104,0.5604,-0.8457,-1.1779,0.9800,0.7800,True,prescan_batch_0003.csv
2077,173d8bac-a580-4cfc-9138-2a27aa020f52.json,0,Cabinet.003,48,0.4103,0.5603,4.3047,0.3308,0.9800,0.7800,True,prescan_batch_0000.csv
2078,4704fc8f-c4e8-4a68-92f6-5abdc54d327d.json,0,Cabinet.026,48,0.4103,0.5603,-5.0596,-1.7395,1.0300,0.8300,True,prescan_batch_0001.csv
2079,7cda1ed0-e923-4ace-bbfa-b9b5238d190e.json,0,Cabinet.010,48,0.4103,0.5603,-1.0793,1.1360,0.9950,0.7950,True,prescan_batch_0003.csv
2080,3c44be55-28a1-4e89-93a9-5de2828aeabf.json,0,Cabinet.004,48,0.4102,0.5602,4.3047,-0.6300,0.9800,0.7800,True,prescan_batch_0001.csv
2081,5f86c744-15af-4c99-80ef-b3608aadbf1b.json,0,Cabinet.004,48,0.4102,0.5602,-1.8425,-2.6118,0.9800,0.7800,True,prescan_batch_0002.csv
2082,b793e647-631a-4776-872a-ca3f02999931.json,0,Cabinet.056,48,0.4102,0.5602,-1.2194,1.6773,1.0000,0.8000,True,prescan_batch_0004.csv
2083,0d7ded41-b1f0-4696-b8d4-4a97933d269c.json,0,Cabinet.010,48,0.4101,0.5601,-2.1660,3.3849,0.9950,0.7950,True,prescan_batch_0000.csv
2085,1d076f8c-e01d-4a2e-96f9-7676001a0d8c.json,0,Tea Table.008,3,0.4092,0.5592,3.6147,-1.6468,0.9639,0.7639,True,prescan_batch_0000.csv
2086,27789614-b688-4a3d-a01b-d6b15ebe292c.json,0,Cabinet.012,48,0.4090,0.5590,-2.3929,-0.7904,0.9800,0.7800,True,prescan_batch_0001.csv
2087,14c7b2f7-cfe9-43a0-9dbd-fd65c33454ca.json,0,Cabinet.077,48,0.4088,0.5588,-0.6864,-0.5721,1.0000,0.8000,True,prescan_batch_0000.csv
2089,38363d0e-7fc5-415e-aad1-248515d01ac5.json,0,Cabinet.003,48,0.4085,0.5585,2.8120,-2.2644,0.9800,0.7800,True,prescan_batch_0001.csv
2090,211b121a-ce2c-4ea5-831e-2f8caff14cab.json,0,Cabinet.012,48,0.4079,0.5579,0.7249,0.2010,0.9800,0.7800,True,prescan_batch_0000.csv
2091,ee842e19-157e-40e6-97aa-5586a153a78e.json,0,Cabinet.090,48,0.4079,0.5579,-5.1177,0.6174,1.0370,0.8370,True,prescan_batch_0006.csv
2092,7c2e62e7-ab51-4900-bfdc-1932415fb295.json,0,Cabinet.001,48,0.4073,0.5573,2.8692,3.1877,0.9950,0.7950,True,prescan_batch_0003.csv
2093,72cfe763-f119-4fb0-a697-5a56cf3b8289.json,0,Cabinet.107,48,0.4072,0.5572,5.4039,2.4229,1.0370,0.8370,True,prescan_batch_0003.csv
2094,8bbc7e4d-1963-491c-80c7-95c6c4caa6a3.json,0,Cabinet.079,48,0.4072,0.5572,-1.4955,-1.2984,1.0220,0.8220,True,prescan_batch_0003.csv
2095,8cb25305-b65d-46b7-bf85-34604674d5ab.json,0,Cabinet.003,48,0.4068,0.5568,-0.9811,0.2750,0.9800,0.7800,True,prescan_batch_0003.csv
2096,4628a44d-dd17-493d-b75b-7a7f03c2c954.json,0,Cabinet.012,48,0.4066,0.5566,0.7965,-3.2401,0.9800,0.7800,True,prescan_batch_0001.csv
2097,f7a3bd11-edb2-41ee-b15c-79730eba86b1.json,0,Cabinet.017,48,0.4060,0.5560,-0.6615,-2.1808,0.9800,0.7800,True,prescan_batch_0006.csv
2098,55d056ca-b357-4db4-b3d6-ebe64ce90821.json,0,Cabinet.074,48,0.4059,0.5559,-4.3138,-0.8453,1.0370,0.8370,True,prescan_batch_0002.csv
2100,4f76dc57-0c61-4c96-882f-1cab431c5b92.json,0,Cabinet.011,48,0.4058,0.5558,0.1476,-1.4294,0.9800,0.7800,True,prescan_batch_0002.csv
2103,f9ec2dc6-6ce7-4efb-b1f8-6275c8a282e7.json,0,Cabinet.004,48,0.4038,0.5538,-0.4015,-2.5127,0.9800,0.7800,True,prescan_batch_0006.csv
2106,3f3d9b08-0047-4e38-9c18-6a77a30d7f95.json,0,Cabinet.009,48,0.4031,0.5531,-1.6886,-4.8726,0.9800,0.7800,True,prescan_batch_0001.csv
2107,44784952-bd45-4df7-a65f-542e162016ac.json,0,Cabinet.065,48,0.4027,0.5527,2.2303,1.7251,1.0370,0.8370,True,prescan_batch_0001.csv
2108,5346b2c0-e86e-480a-93d8-ad31e5b07856.json,0,Cabinet.054,48,0.4024,0.5524,2.3705,-2.9256,1.0000,0.8000,True,prescan_batch_0002.csv
2109,9f25ebc8-56e8-4632-b669-db96d83b9915.json,0,Cabinet.011,48,0.4022,0.5522,-7.9686,-2.9229,0.9800,0.7800,True,prescan_batch_0004.csv
2110,94432a43-c802-44b9-a2cf-31f4e317e89d.json,0,Cabinet.138,48,0.4021,0.5521,-5.6930,-2.7757,0.9000,0.7000,True,prescan_batch_0003.csv
2112,917d2b6f-a607-4a67-bc6d-dc8952bc2c1a.json,0,Cabinet.011,48,0.4019,0.5519,-0.8516,0.8972,0.9800,0.7800,True,prescan_batch_0003.csv
2115,5f2dff8c-5d2a-4e1e-bd2b-8e4d78a5ad29.json,0,Cabinet.096,48,0.4014,0.5514,-0.9602,3.9334,1.0370,0.8370,True,prescan_batch_0002.csv
2116,46962cd9-1433-4c4a-ad4e-3a700ed010c0.json,0,Cabinet.001,48,0.4013,0.5513,0.7871,-4.7200,1.0370,0.8370,True,prescan_batch_0001.csv
2120,0ab03928-28d4-4dfe-883e-63047de7cc9c.json,0,Cabinet.141,48,0.3993,0.5493,-4.4439,1.2355,0.6680,0.4680,True,prescan_batch_0000.csv
2121,6845a1ea-b5b7-496c-bbf4-0ba36d9a115b.json,0,Cabinet.011,48,0.3993,0.5493,2.2387,-2.1788,0.9800,0.7800,True,prescan_batch_0002.csv
2123,728e0c2c-98f5-49dd-8947-7f1a37c8887f.json,0,Cabinet.051,48,0.3990,0.5490,0.3555,-1.6067,1.0370,0.8370,True,prescan_batch_0003.csv
2124,5300b059-7b34-450e-8eec-f9de1b5e030e.json,0,cabinet.001,48,0.3988,0.5488,5.8889,-4.5810,0.7342,0.5342,True,prescan_batch_0002.csv
2127,47ed8915-d698-4d0b-9537-41f6d16e5065.json,0,Cabinet.088,48,0.3978,0.5478,-5.1031,3.6309,1.0000,0.8000,True,prescan_batch_0001.csv
2128,8ff00421-e666-4b9a-8397-d6d867aae2c3.json,0,Cabinet.004,48,0.3975,0.5475,4.0381,1.2488,0.9800,0.7800,True,prescan_batch_0003.csv
2129,1bfc5736-dd6a-45d1-af77-48c4e9c80146.json,0,Cabinet.068,48,0.3972,0.5472,3.2791,2.7518,1.0370,0.8370,True,prescan_batch_0000.csv
2130,1b2b1023-3a1e-4540-b246-f6b57961df6d.json,0,Cabinet.004,48,0.3970,0.5470,-2.4229,0.0409,0.9800,0.7800,True,prescan_batch_0000.csv
2132,de01b3cf-cf60-49b5-aa31-3180baa012ea.json,0,Cabinet.076,48,0.3957,0.5457,-3.3533,-0.8353,1.0000,0.8000,True,prescan_batch_0005.csv
2133,74caffb1-fe68-46ca-9d2a-117cff22a72d.json,0,table.003,36,0.3955,0.5455,-0.4947,-4.5211,0.5455,0.3455,True,prescan_batch_0003.csv
2134,d65ffaee-7fb8-4163-8a5f-594ca4daefc6.json,0,table.002,36,0.3955,0.5455,-3.0823,-0.8409,0.5455,0.3455,True,prescan_batch_0005.csv
2135,e8935429-7f9b-4a4b-bc21-58c0b0d82198.json,0,table.001,36,0.3955,0.5455,-2.2070,-2.5882,0.5455,0.3455,True,prescan_batch_0006.csv
2136,fef6bb89-52cd-413c-8ad2-bbd1f5377a6f.json,0,table.001,36,0.3955,0.5455,-2.7018,-2.6438,0.5455,0.3455,True,prescan_batch_0006.csv
2137,89630235-284d-49c1-8258-65af4e749633.json,0,Cabinet.092,48,0.3948,0.5448,-5.0515,4.4439,1.0220,0.8220,True,prescan_batch_0003.csv
2138,0bd3f9c4-e58b-496e-aac4-513ba8074485.json,0,Cabinet.082,48,0.3946,0.5446,3.9312,-2.3076,1.0000,0.8000,True,prescan_batch_0000.csv
2139,f0f07050-6651-4075-b2b2-5922d677247e.json,0,Cabinet.010,48,0.3946,0.5446,0.6130,-3.6172,0.9950,0.7950,True,prescan_batch_0006.csv
2140,f50e31b6-7aba-4d78-8847-1822f568fa3e.json,0,Cabinet.077,48,0.3945,0.5445,0.4451,-2.4392,1.0000,0.8000,True,prescan_batch_0006.csv
2141,1f4f219e-ca0c-447c-bced-727d90cbc653.json,0,table.005,36,0.3936,0.5436,-1.8507,0.6313,0.8431,0.6431,True,prescan_batch_0000.csv
2143,794c22b8-0dca-4ce5-b1aa-f4235950fe43.json,0,Cabinet.001,48,0.3933,0.5433,4.7519,9.0420,0.9950,0.7950,True,prescan_batch_0003.csv
2144,c9b4f975-0f17-4718-bf05-a05a450a3c48.json,0,Tea Table.006,3,0.3932,0.5432,-0.6865,-3.6086,0.9511,0.7511,True,prescan_batch_0005.csv
2146,64cce374-230b-4fe2-8240-69f81c8cfb33.json,0,Cabinet.076,48,0.3927,0.5427,2.4897,1.3201,0.9000,0.7000,True,prescan_batch_0002.csv
2147,0018b6c8-c3b6-4fb8-a640-4b9b0b763254.json,0,Cabinet.002,48,0.3926,0.5426,-0.2911,2.7918,0.9881,0.7881,True,prescan_batch_0000.csv
2148,beaf5f3e-9c4e-4fa7-aab9-3f6ee87b881d.json,0,Cabinet.096,48,0.3915,0.5415,1.9205,-1.5464,1.0370,0.8370,True,prescan_batch_0005.csv
2150,b46dbf0e-d419-43a8-94df-cec760d1180d.json,0,Cabinet.016,48,0.3914,0.5414,5.1528,3.3578,0.9700,0.7700,True,prescan_batch_0004.csv
2151,50e882e5-3052-4180-8182-bbe548f966d0.json,0,Cabinet.077,48,0.3913,0.5413,0.4419,-2.2721,1.0000,0.8000,True,prescan_batch_0002.csv
2152,d58219e4-e1d2-4bbd-bb79-3af6aec38e6f.json,0,Cabinet.011,48,0.3907,0.5407,3.9154,-2.1445,0.9800,0.7800,True,prescan_batch_0005.csv
2153,9984c540-8ac6-498f-94f1-e11deebd507b.json,0,Cabinet.009,48,0.3904,0.5404,-2.0309,2.3796,0.9800,0.7800,True,prescan_batch_0004.csv
2155,488fbe38-3594-4a1d-a6a2-e3ee6ace70f2.json,0,Cabinet.107,48,0.3887,0.5387,0.2061,-1.4908,1.0000,0.8000,True,prescan_batch_0001.csv
2158,d9c6db25-1f85-4ef3-8900-e5fbe1dae53a.json,0,Cabinet.010,48,0.3876,0.5376,2.1160,-0.1308,0.9950,0.7950,True,prescan_batch_0005.csv
2159,6203bc69-8ceb-4177-af17-2f925ef1c5dd.json,0,Cabinet.087,48,0.3873,0.5373,2.7843,1.8109,1.0370,0.8370,True,prescan_batch_0002.csv
2160,7ce1b115-e4a6-447a-8b03-297abda4ab5c.json,0,Cabinet.084,48,0.3866,0.5366,0.8033,-4.0676,1.0500,0.8500,True,prescan_batch_0003.csv
2161,0b4e78c9-ea06-4101-9d7b-dc927887b198.json,0,table.005,36,0.3865,0.5365,3.5805,1.6383,0.8622,0.6622,True,prescan_batch_0000.csv
2163,324e817c-96c3-43c0-a96d-70b8c8a35f6f.json,0,table.002,36,0.3863,0.5363,-4.4512,5.3656,0.9356,0.7356,True,prescan_batch_0001.csv
2164,876631f3-8f59-4a3b-bae1-8da99beff4c5.json,0,Cabinet.011,48,0.3856,0.5356,-1.4110,-5.4959,0.9800,0.7800,True,prescan_batch_0003.csv
2165,83a534ea-f8e4-4443-9b52-aee0e7ad3fde.json,0,Cabinet.013,48,0.3855,0.5355,3.1090,1.1287,0.9800,0.7800,True,prescan_batch_0003.csv
2166,a826f9e0-54d6-472e-92cc-e9b053526c74.json,0,Cabinet.074,48,0.3854,0.5354,-2.2054,0.9694,0.9920,0.7920,True,prescan_batch_0004.csv
2167,ebd41253-638e-4273-80b7-971625b5144a.json,0,Cabinet.080,48,0.3849,0.5349,4.4728,-4.3051,1.0370,0.8370,True,prescan_batch_0006.csv
2169,dbdf84ea-3a94-4c7b-b0bc-f6ca6fd2a62a.json,0,Cabinet.001,48,0.3846,0.5346,5.2187,9.0334,0.9950,0.7950,True,prescan_batch_0005.csv
2170,225aa50d-aac7-4eb5-8a24-800a80d27d50.json,0,Cabinet.010,48,0.3844,0.5344,-0.7544,0.2868,0.9800,0.7800,True,prescan_batch_0000.csv
2174,22650acd-f32c-47f2-b7fd-4b341f2d4c58.json,0,Cabinet.010,48,0.3839,0.5339,-4.7177,1.8477,0.9800,0.7800,True,prescan_batch_0000.csv
2175,5af00898-7d6f-4552-afc5-aa645227a641.json,0,Cabinet.068,48,0.3838,0.5338,-4.4745,-3.0358,1.0220,0.8220,True,prescan_batch_0002.csv
2176,2acc13d9-5afd-4dce-81d7-be9eaa50f4d0.json,0,Cabinet.014,48,0.3837,0.5337,3.6027,-4.0944,0.9800,0.7800,True,prescan_batch_0001.csv
2177,abff889c-d595-436c-bdcd-a9ae9a9f785c.json,0,Cabinet.078,48,0.3829,0.5329,0.4338,-2.4708,1.0000,0.8000,True,prescan_batch_0004.csv
2178,51d0c115-66a5-43b8-9fca-1daa703a22a6.json,0,Cabinet.002,48,0.3825,0.5325,-3.6591,0.2270,1.0220,0.8220,True,prescan_batch_0002.csv
2179,f9d46be6-78b3-43bd-94fc-c4294ba65e28.json,0,Cabinet.013,48,0.3825,0.5325,4.5226,-4.3108,1.0300,0.8300,True,prescan_batch_0006.csv
2180,8d102c5d-8974-45f1-9f51-a0c032eed817.json,0,Cabinet.003,48,0.3821,0.5321,1.7291,-3.4764,0.9800,0.7800,True,prescan_batch_0003.csv
2181,38989644-ba58-47b8-abad-1bd9d4271fe9.json,0,Cabinet.001,48,0.3820,0.5320,1.3595,4.3710,0.9950,0.7950,True,prescan_batch_0001.csv
2182,9761d289-a3fb-4a71-93ea-0a9bd8b728b8.json,0,Cabinet.011,48,0.3818,0.5318,1.0190,-1.4262,0.9800,0.7800,True,prescan_batch_0004.csv
2183,291a73b2-97b3-4089-8f0c-6751ac724bb2.json,0,Cabinet.007,48,0.3813,0.5313,0.5186,-1.3979,0.9800,0.7800,True,prescan_batch_0001.csv
2184,7743dd76-d1bd-4d7f-b5c5-47e5de858396.json,0,Cabinet.012,48,0.3813,0.5313,1.2671,4.2790,0.9800,0.7800,True,prescan_batch_0003.csv
2185,fe3731be-633d-487d-a502-63a3c0ebfbc7.json,0,Cabinet.018,48,0.3810,0.5310,0.7588,-6.2458,0.9950,0.7950,True,prescan_batch_0006.csv
2186,728a612a-4987-4364-acb9-bcd407aac177.json,0,Cabinet.008,48,0.3804,0.5304,0.9158,-0.6770,0.9950,0.7950,True,prescan_batch_0003.csv
2187,2c213709-c572-4f58-92c8-d2a42199314a.json,0,cabinet.002,48,0.3790,0.5290,5.3372,-4.0674,0.9695,0.7695,True,prescan_batch_0001.csv
2189,bddfd555-21fa-42a3-adb9-7182f9a3f969.json,0,Cabinet.014,48,0.3784,0.5284,-1.0758,-2.0550,0.9800,0.7800,True,prescan_batch_0005.csv
2190,8555557f-34b5-485a-a0f1-db9ee2580959.json,0,Cabinet.104,48,0.3783,0.5283,-4.4918,-1.5689,1.0300,0.8300,True,prescan_batch_0003.csv
2193,26771dc0-2868-4ef9-833f-36d046a91df9.json,0,Cabinet.016,48,0.3779,0.5279,5.0549,3.6209,0.9700,0.7700,True,prescan_batch_0001.csv
2194,7ddfd41d-9e6d-47e0-bd67-eb12580ae322.json,0,Cabinet.016,48,0.3779,0.5279,5.1550,3.3683,0.9700,0.7700,True,prescan_batch_0003.csv
2195,d2250a94-d049-49ff-b6d3-71d93737f6eb.json,0,Cabinet.070,48,0.3779,0.5279,6.1189,5.4171,0.9500,0.7500,True,prescan_batch_0005.csv
2196,f9e77a4d-3881-4ce6-aa67-01c19ea1402e.json,0,Cabinet.016,48,0.3779,0.5279,5.1611,3.3590,0.9700,0.7700,True,prescan_batch_0006.csv
2197,fceb377a-1b0a-4714-8ad5-783e2946b86c.json,0,Cabinet.016,48,0.3779,0.5279,5.3356,3.3616,0.9700,0.7700,True,prescan_batch_0006.csv
2198,dfb54c79-6d74-454e-8bce-a6898527daba.json,0,Cabinet.006,48,0.3778,0.5278,0.3151,1.3478,0.9950,0.7950,True,prescan_batch_0005.csv
2201,e581fd60-87f5-4ba0-9d45-58d6bf6fd3c3.json,0,Cabinet.049,48,0.3766,0.5266,8.9126,1.3058,1.0000,0.8000,True,prescan_batch_0006.csv
2203,577c772f-369a-46ae-85ed-bf392426180f.json,0,Corner/Side Table.002,72,0.3761,0.5261,1.2396,-1.4184,1.2527,1.0527,True,prescan_batch_0002.csv
2204,c002075b-7091-4599-b829-ca4c2cb874e1.json,0,Cabinet.008,48,0.3760,0.5260,-4.1144,-1.3335,0.9950,0.7950,True,prescan_batch_0005.csv
2205,578810bc-9d89-4852-921f-fb51ca7fbc53.json,0,Cabinet.054,48,0.3759,0.5259,-2.8154,-2.4316,1.0000,0.8000,True,prescan_batch_0002.csv
2206,c71f45dd-e8b6-4214-996a-c3359126bdc4.json,0,Cabinet.013,48,0.3758,0.5258,4.5160,-3.7635,0.9800,0.7800,True,prescan_batch_0005.csv
2207,13e786b0-fa44-4b6c-92bd-6ef20d20b2a2.json,0,Cabinet.008,48,0.3754,0.5254,-0.1586,-2.5933,0.9950,0.7950,True,prescan_batch_0000.csv
2211,4efedd5d-31d9-46c2-8c26-94ebdd7c0187.json,0,Cabinet.014,48,0.3748,0.5248,-2.5510,-2.2918,0.9800,0.7800,True,prescan_batch_0002.csv
2213,d2c4b642-e01f-4e0f-a0d9-d77071aaac00.json,0,Cabinet.083,48,0.3745,0.5245,4.5725,-2.3575,1.0220,0.8220,True,prescan_batch_0005.csv
2214,b51cb287-3d8d-46b8-82a9-fce66485ac4b.json,0,Cabinet.048,48,0.3743,0.5243,-0.7046,1.1711,1.0000,0.8000,True,prescan_batch_0004.csv
2215,19937077-943b-4751-ac40-4eb60941a9e1.json,0,Cabinet.023,48,0.3742,0.5242,1.7156,-1.5283,1.0000,0.8000,True,prescan_batch_0000.csv
2216,3c7b86d5-3af6-4748-b9a1-cf45b85b1d1b.json,0,Cabinet.006,48,0.3735,0.5235,-4.8930,2.0007,0.9950,0.7950,True,prescan_batch_0001.csv
2217,d0dc53f6-d204-41e4-ba0d-90d791e13074.json,0,Cabinet.010,48,0.3732,0.5232,4.1667,-3.2531,0.9950,0.7950,True,prescan_batch_0005.csv
2219,0251ca05-b1cb-42ed-85b3-9cbc724ac967.json,0,Cabinet.022,48,0.3727,0.5227,2.3887,-10.2642,1.0360,0.8360,True,prescan_batch_0000.csv
2220,23a610d9-5d67-40c3-b2e4-b3c0a289a678.json,0,Cabinet.032,48,0.3722,0.5222,3.2501,0.6668,1.0000,0.8000,True,prescan_batch_0000.csv
2222,78b48ded-6abb-476c-825a-19751792fab1.json,0,Tea Table.006,3,0.3721,0.5221,-2.6774,0.3164,0.9559,0.7559,True,prescan_batch_0003.csv
2223,2cfba055-1bf9-49ee-a012-e7729b2e3c7f.json,0,Cabinet.325,48,0.3715,0.5215,0.5934,-0.8208,0.9500,0.7500,True,prescan_batch_0001.csv
2224,3be4d516-8479-4e89-b5b5-f19ede2006a8.json,0,Cabinet.011,48,0.3711,0.5211,-2.2481,-3.2372,0.9800,0.7800,True,prescan_batch_0001.csv
2225,50183bbb-6bbf-4dcc-9222-814d9670748d.json,0,Cabinet.086,48,0.3711,0.5211,3.3512,-6.7147,1.0000,0.8000,True,prescan_batch_0002.csv
2227,69f51600-f8b7-4445-815f-55b87172c756.json,0,Cabinet.011,48,0.3706,0.5206,4.0793,-3.2358,0.9800,0.7800,True,prescan_batch_0002.csv
2228,c879334b-3498-4b77-bedb-97a6b0f63790.json,0,Cabinet.046,48,0.3706,0.5206,4.4453,1.5639,1.0000,0.8000,True,prescan_batch_0005.csv
2230,ce0a5b4d-de74-4e8a-aae5-5dab76a314b7.json,0,Cabinet.009,48,0.3699,0.5199,3.5370,2.0826,0.9800,0.7800,True,prescan_batch_0005.csv
2231,06782800-ab9b-45dc-b3ac-7069eeb7f5cf.json,0,Cabinet.089,48,0.3698,0.5198,3.2765,2.9903,1.0220,0.8220,True,prescan_batch_0000.csv
2232,071527d1-4cb5-47a9-abd0-b1d83bd3e286.json,0,Cabinet.011,48,0.3698,0.5198,-1.0510,1.1246,0.9800,0.7800,True,prescan_batch_0000.csv
2233,15bed03e-d66d-4da2-8b8f-7dacde3d3d8b.json,0,Cabinet.066,48,0.3698,0.5198,-0.3601,5.0675,1.0220,0.8220,True,prescan_batch_0000.csv
2234,1cf94f82-50bc-4805-94d5-a8b52b66be31.json,0,Cabinet.009,48,0.3698,0.5198,-4.6222,3.9923,0.9800,0.7800,True,prescan_batch_0000.csv
2235,4d94c89f-b5fa-4649-aff1-5ae51ce0e63a.json,0,Cabinet.011,48,0.3698,0.5198,-0.8754,4.0298,0.9800,0.7800,True,prescan_batch_0002.csv
2236,6a50a50b-b1a9-4755-8785-3cca0c80a2ad.json,0,Cabinet.024,48,0.3698,0.5198,-8.8423,-3.8527,1.0220,0.8220,True,prescan_batch_0002.csv
2237,7b5eeb04-1392-4e97-b773-45e964e0698f.json,0,Cabinet.014,48,0.3698,0.5198,-1.3118,0.7220,0.9800,0.7800,True,prescan_batch_0003.csv
2238,844ff647-c8fa-4a02-8d10-052f7edcd3d3.json,0,Cabinet.024,48,0.3698,0.5198,-9.3720,-3.8092,1.0220,0.8220,True,prescan_batch_0003.csv
2239,a43cd3b3-f6cb-481e-ad16-ab97dfdb0530.json,0,Cabinet.053,48,0.3698,0.5198,3.4180,1.3738,1.0220,0.8220,True,prescan_batch_0004.csv
2240,abbcc79a-b1f7-4b3d-b50c-113423592207.json,0,Cabinet.060,48,0.3698,0.5198,0.0445,4.0123,0.9350,0.7350,True,prescan_batch_0004.csv
2241,b5d5ec24-9934-4ea8-a805-c85659ebb74f.json,0,Cabinet.093,48,0.3698,0.5198,1.8751,2.4694,1.0220,0.8220,True,prescan_batch_0004.csv
2242,b645510d-a5e0-4503-a45c-9183d4866094.json,0,Cabinet.086,48,0.3698,0.5198,-5.4228,1.5793,1.0220,0.8220,True,prescan_batch_0004.csv
2243,bbd2506e-e099-42c7-a950-97854ebf2931.json,0,Cabinet.003,48,0.3698,0.5198,0.1407,0.4755,0.9800,0.7800,True,prescan_batch_0005.csv
2244,be9ef449-fc77-4210-83b9-ac818af242d9.json,0,Cabinet.003,48,0.3698,0.5198,2.9471,4.3999,0.9800,0.7800,True,prescan_batch_0005.csv
2245,c32619bf-0a1f-4a3f-b935-32016af6f80e.json,0,Cabinet.009,48,0.3698,0.5198,-5.6357,1.2002,0.9800,0.7800,True,prescan_batch_0005.csv
2246,d145b098-8ec8-4ea2-891b-f7deaf3edbb1.json,0,Cabinet.003,48,0.3698,0.5198,5.0930,3.7684,0.9800,0.7800,True,prescan_batch_0005.csv
2247,d7ce6c7f-3e4b-44d6-ae3f-7b3e27d6a493.json,0,Cabinet.031,48,0.3698,0.5198,5.6108,2.3024,1.0220,0.8220,True,prescan_batch_0005.csv
2248,251b8664-fea5-4ca2-89cd-30c81dde8f72.json,0,Cabinet.010,48,0.3692,0.5192,1.6290,-1.5617,0.9950,0.7950,True,prescan_batch_0001.csv
2251,4ae3d49f-5e7a-4de8-b5d6-5bfd00bf6303.json,0,Cabinet.076,48,0.3679,0.5179,9.7500,-2.5252,1.0220,0.8220,True,prescan_batch_0001.csv
2252,16190659-dff5-4ef7-a96f-eb2b71f88a2a.json,0,Cabinet.011,48,0.3678,0.5178,3.2664,-2.1491,0.9800,0.7800,True,prescan_batch_0000.csv
2254,23f42f25-fdc1-4897-8905-c60a4545e404.json,0,Cabinet.065,48,0.3660,0.5160,3.2489,2.5953,1.0220,0.8220,True,prescan_batch_0001.csv
2255,b6fbd17c-7013-4fed-802f-e7075cce8329.json,0,Cabinet.008,48,0.3660,0.5160,0.6663,-1.4243,0.9950,0.7950,True,prescan_batch_0004.csv
2256,2f02d9e6-8490-47a6-bcdb-2f2f99ac8294.json,0,Cabinet.059,48,0.3657,0.5157,-0.0264,-2.2646,1.0000,0.8000,True,prescan_batch_0001.csv
2257,c69e0c9d-9bec-44ec-9ced-73935534013a.json,0,Cabinet.011,48,0.3654,0.5154,-3.1087,0.2339,0.9800,0.7800,True,prescan_batch_0005.csv
2259,bb5491f0-2af5-4bf5-b7fd-562d24539f96.json,0,Cabinet.029,48,0.3652,0.5152,4.0946,0.0887,1.0000,0.8000,True,prescan_batch_0004.csv
2260,68e20f2b-e004-4767-9eac-6d3e4d63ee80.json,0,Cabinet.011,48,0.3650,0.5150,3.3611,-1.4570,0.9800,0.7800,True,prescan_batch_0002.csv
2261,f389cf45-34e6-48bb-8f32-46210e8e72a5.json,0,Cabinet.098,48,0.3646,0.5146,-2.8588,2.0872,1.0000,0.8000,True,prescan_batch_0006.csv
2264,0af309fd-4a34-4aa2-bbe9-610edadf747e.json,0,Cabinet.001,48,0.3634,0.5134,0.6499,-1.9901,0.9950,0.7950,True,prescan_batch_0000.csv
2265,2882c0c9-cf09-446e-83b3-9c0fe19601f5.json,0,Cabinet.012,48,0.3633,0.5133,4.1731,-3.4263,0.9800,0.7800,True,prescan_batch_0001.csv
2266,24caaf37-afd3-4cc9-84b5-f27e9cf84d8a.json,0,Cabinet.001,48,0.3630,0.5130,0.7234,-1.8436,0.9950,0.7950,True,prescan_batch_0001.csv
2267,c7160900-af33-4167-8b8d-474be9a129e6.json,0,Cabinet.008,48,0.3630,0.5130,-0.8848,0.2568,0.9950,0.7950,True,prescan_batch_0005.csv
2268,ed05055f-ae9c-44fb-a595-1f70fd80c229.json,0,table.001,36,0.3630,0.5130,-3.4741,0.5629,0.6048,0.4048,True,prescan_batch_0006.csv
2269,b6c9ce9f-dd5f-44b8-acae-3ec22110856b.json,0,Cabinet.105,48,0.3627,0.5127,5.7380,3.4932,1.0000,0.8000,True,prescan_batch_0004.csv
2270,0220ea0d-1475-477e-b88e-ed571e3deed1.json,0,Cabinet.088,48,0.3626,0.5126,10.2985,-4.4600,1.0001,0.8001,True,prescan_batch_0000.csv
2272,697cf467-5e79-422e-b826-0bec8321dc85.json,0,Cabinet.009,48,0.3620,0.5120,0.0110,-1.8511,0.9800,0.7800,True,prescan_batch_0002.csv
2279,968c739c-ef9e-4cac-b654-86f29f05ef63.json,0,Cabinet.040,48,0.3617,0.5117,-0.2993,4.1142,1.0000,0.8000,True,prescan_batch_0003.csv
2287,a6e62321-e397-4cde-8f6c-5452425dab64.json,0,Tea Table.008,3,0.3608,0.5108,0.1957,4.0573,1.1766,0.9766,True,prescan_batch_0004.csv
2288,fd316eb3-89a8-48d2-8607-07ca6d9dedd9.json,0,Tea Table.008,3,0.3608,0.5108,-3.2450,-1.2994,1.1766,0.9766,True,prescan_batch_0006.csv
2289,ca6b2909-f007-4599-aee5-1c9c51550cc2.json,0,Cabinet.013,48,0.3606,0.5106,-0.1318,-3.8158,0.9800,0.7800,True,prescan_batch_0005.csv
2290,7d0ab4db-488a-441b-8977-86aafadbbba3.json,0,Cabinet.061,48,0.3604,0.5104,3.3398,-2.8977,0.9220,0.7220,True,prescan_batch_0003.csv
2291,b07f78cb-0e98-45ac-8848-41d8167a7406.json,0,Cabinet.080,48,0.3602,0.5102,4.8458,-2.3434,1.0370,0.8370,True,prescan_batch_0004.csv
2292,9b230a13-efcf-48e4-bd86-ee4be7de093b.json,0,Cabinet.021,48,0.3599,0.5099,-0.8486,3.7853,1.0000,0.8000,True,prescan_batch_0004.csv
2293,fefb59b1-a1ed-42d8-ab19-95808008e573.json,0,Cabinet.036,48,0.3596,0.5096,3.8990,-1.2684,1.0370,0.8370,True,prescan_batch_0006.csv
2294,00de1e24-ab10-4aef-bb72-130ca18d017c.json,0,Cabinet.083,48,0.3592,0.5092,5.5589,-2.3424,1.0220,0.8220,True,prescan_batch_0000.csv
2296,18609b83-ea23-4c34-afb5-d69506ff4606.json,0,Cabinet.036,48,0.3581,0.5081,5.6241,2.3316,1.0220,0.8220,True,prescan_batch_0000.csv
2297,4faa308f-bf1c-4759-be56-b4ab6f31f63a.json,0,Cabinet.003,48,0.3575,0.5075,0.4809,-1.1048,1.0000,0.8000,True,prescan_batch_0002.csv
2299,dc511faf-7e89-4b51-8476-57dfedd9a8bc.json,0,Cabinet.026,48,0.3570,0.5070,3.1298,-6.8405,0.9800,0.7800,True,prescan_batch_0005.csv
2300,ada38237-cee3-477f-9bbb-45cb29f29d4c.json,0,Cabinet.069,48,0.3569,0.5069,7.3685,1.9362,1.0000,0.8000,True,prescan_batch_0004.csv
2303,06c66458-43ea-462b-b6f2-10be1abfdea3.json,0,Cabinet.070,48,0.3564,0.5064,6.8559,1.9341,1.0220,0.8220,True,prescan_batch_0000.csv
2304,073019d0-0c5d-4c78-9aa0-6d420bec0a33.json,0,Cabinet.023,48,0.3564,0.5064,-0.5784,-3.8064,1.0001,0.8001,True,prescan_batch_0000.csv
2305,6de860f5-8cca-498d-830c-7e9b301a43bd.json,0,Cabinet.017,48,0.3559,0.5059,6.3793,1.2488,0.9800,0.7800,True,prescan_batch_0002.csv
2306,2a28ddb9-f126-4480-a098-de099efdc87a.json,0,Cabinet.082,48,0.3557,0.5057,-3.3090,-0.7168,1.8650,1.6650,True,prescan_batch_0001.csv
2307,31c76e1b-92f5-402a-8685-63a845bc6c6c.json,0,Cabinet.014,48,0.3553,0.5053,-3.6814,-1.6031,0.9950,0.7950,True,prescan_batch_0001.csv
2309,80a1dad3-492a-4c8d-af9c-b33690528220.json,0,Cabinet.048,48,0.3549,0.5049,-1.5435,1.2642,1.0370,0.8370,True,prescan_batch_0003.csv
2310,39629e24-b405-420b-8fb0-72cef0238f70.json,0,Cabinet.012,48,0.3545,0.5045,-2.2339,-2.6419,0.9800,0.7800,True,prescan_batch_0001.csv
2311,a3fd852d-8626-4d0e-91c0-79270e3a99f9.json,0,Cabinet.003,48,0.3542,0.5042,-4.3749,-4.5835,0.9800,0.7800,True,prescan_batch_0004.csv
2312,2fe35e65-12fe-4cef-a2ab-e77718407d40.json,0,Cabinet.010,48,0.3541,0.5041,-2.0517,-1.3798,0.9800,0.7800,True,prescan_batch_0001.csv
2314,6ed345e5-a38e-4ac4-90fd-f31dff832fc7.json,0,table.001,36,0.3533,0.5033,-0.2970,3.6723,1.0351,0.8351,True,prescan_batch_0002.csv
2315,a6f978f5-9504-49fa-bf46-4243c99e5c95.json,0,Tea Table.007,3,0.3527,0.5027,2.2370,-2.3806,1.1685,0.9685,True,prescan_batch_0004.csv
2319,59a66d75-9b75-41e1-b7be-1acab85a4ad0.json,0,Cabinet.008,48,0.3501,0.5001,2.8063,-1.9838,0.9950,0.7950,True,prescan_batch_0002.csv
2320,9cb510e5-dee8-4965-bb10-2e9dd749c942.json,0,Cabinet.065,48,0.3500,0.5000,-4.0741,-3.3638,2.3000,2.1000,True,prescan_batch_0004.csv
2321,b4d8801b-aac0-4051-b973-e84b0114a621.json,0,Cabinet.009,48,0.3499,0.4999,2.8553,2.6362,0.9800,0.7800,True,prescan_batch_0004.csv
2322,bfdec636-7f20-41f6-94c2-b110479f7123.json,0,Cabinet.003,48,0.3495,0.4995,3.0523,-3.2694,0.9800,0.7800,True,prescan_batch_0005.csv
2323,def02b2c-2ec1-40cf-95d3-f3e095c8043e.json,0,Cabinet.058,48,0.3494,0.4994,-2.8803,-3.7876,1.0220,0.8220,True,prescan_batch_0005.csv
2324,be37ae8e-a3aa-4202-a812-9be187c941b5.json,0,Cabinet.004,48,0.3491,0.4991,-1.3750,-4.1180,0.9800,0.7800,True,prescan_batch_0005.csv
2326,01ba1742-4fa5-4d1e-8ba4-2f807fe6b283.json,0,Cabinet.011,48,0.3485,0.4985,-3.2303,-4.3471,0.9800,0.7800,True,prescan_batch_0000.csv
2327,5a2857c7-b831-4e4a-b56c-24bea08a9aaa.json,0,Cabinet.008,48,0.3484,0.4984,-1.2226,-0.2810,0.9950,0.7950,True,prescan_batch_0002.csv
2328,a34c7f5c-ce25-48c7-b6fc-7b347b98b30b.json,0,Cabinet.010,48,0.3484,0.4984,-0.4726,-1.3210,0.9950,0.7950,True,prescan_batch_0004.csv
2334,a94a1d56-0246-4dd5-904b-8f721214b91f.json,0,Cabinet.012,48,0.3471,0.4971,4.4023,-0.0035,0.9950,0.7950,True,prescan_batch_0004.csv
2335,5bdb0b90-f92c-4893-b1bf-b0d2957818ac.json,0,Cabinet.030,48,0.3470,0.4970,-3.8193,0.1776,1.0000,0.8000,True,prescan_batch_0002.csv
2343,d6bd0000-bdbe-487c-b1b4-cb57cff99d89.json,0,Cabinet.010,48,0.3459,0.4959,0.7229,1.4879,0.9950,0.7950,True,prescan_batch_0005.csv
2344,860933c2-ed2b-47c9-89de-38a6ce81e8aa.json,0,Cabinet.023,48,0.3458,0.4958,-0.6695,-4.3953,1.0001,0.8001,True,prescan_batch_0003.csv
2346,b76b3b9e-1709-49eb-a5cc-8e5b76da6939.json,0,Cabinet.012,48,0.3452,0.4952,3.3320,-2.0437,0.9800,0.7800,True,prescan_batch_0004.csv
2347,c05880a2-1426-4f4f-947a-cb0c2b43b913.json,0,Cabinet.011,48,0.3448,0.4948,3.0576,-6.9410,0.9800,0.7800,True,prescan_batch_0005.csv
2349,0ed2f341-9ad9-441d-a33c-ace6a9f741b4.json,0,Cabinet.023,48,0.3430,0.4930,-1.1714,-5.8281,1.0370,0.8370,True,prescan_batch_0000.csv
2352,8f982981-17ea-45a8-a840-2fa4a569c62d.json,0,table.002,36,0.3426,0.4926,-1.7248,-2.2211,0.4926,0.2926,True,prescan_batch_0003.csv
2356,b0a8d6bf-9a2a-4a9f-bdeb-a08fcc6bea11.json,0,Cabinet.011,48,0.3418,0.4918,3.7599,-3.2790,0.9800,0.7800,True,prescan_batch_0004.csv
2359,b416088e-7eaf-489a-b979-c09c064bddce.json,0,Cabinet.013,48,0.3411,0.4911,-5.1390,-2.0593,0.9800,0.7800,True,prescan_batch_0004.csv
2361,731f15a2-adb8-40d5-ba2f-0d32707bc60b.json,0,Cabinet.114,48,0.3409,0.4909,-5.5825,4.4002,1.0000,0.8000,True,prescan_batch_0003.csv
2362,292d569e-d219-4460-957d-4652a488aaa9.json,0,Cabinet.013,48,0.3401,0.4901,-4.2005,-1.3295,0.9800,0.7800,True,prescan_batch_0001.csv
2364,f091233d-1a13-4a73-b1dd-f244780c76eb.json,0,Cabinet.014,48,0.3400,0.4900,-3.1049,-3.5737,0.9800,0.7800,True,prescan_batch_0006.csv
2368,1fe4f7fe-f058-4b5d-9303-cd2cf2d37260.json,0,Cabinet.030,48,0.3395,0.4895,1.6746,1.8709,1.0000,0.8000,True,prescan_batch_0000.csv
2376,101b32a2-50e6-4768-a470-50c003db4535.json,0,Cabinet.090,48,0.3366,0.4866,-1.2948,-1.6882,1.0220,0.8220,True,prescan_batch_0000.csv
2377,60cce170-55c9-4ced-a4e1-79bf96444224.json,0,Cabinet.014,48,0.3366,0.4866,1.6083,-0.1568,0.9950,0.7950,True,prescan_batch_0002.csv
2378,bc73f551-6c2a-458b-a202-29f700d9316b.json,0,Cabinet.003,48,0.3366,0.4866,-3.7852,-3.0323,0.9800,0.7800,True,prescan_batch_0005.csv
2380,89727628-f457-4916-8fa6-c24eb5b72a3d.json,0,cabinet.001,48,0.3354,0.4854,0.3789,3.8371,1.5384,1.3384,True,prescan_batch_0003.csv
2381,e172a11a-28f8-4474-a7f3-4d28c198cf35.json,0,Cabinet.057,48,0.3354,0.4854,8.8123,3.1966,1.7720,1.5720,True,prescan_batch_0006.csv
2383,21c389a2-c6a8-4056-8000-790936e7aa53.json,0,Cabinet.060,48,0.3346,0.4846,-2.0988,0.4756,1.0370,0.8370,True,prescan_batch_0000.csv
2384,4c2eb1df-64de-4320-aad6-f26c0ac97646.json,0,Cabinet.026,48,0.3346,0.4846,4.8173,1.3941,1.0370,0.8370,True,prescan_batch_0002.csv
2385,8e6f8c6f-a9ac-43a2-946f-18bdc645432c.json,0,Cabinet.001,48,0.3346,0.4846,0.0036,0.8216,0.9950,0.7950,True,prescan_batch_0003.csv
2386,6d23e6ae-d566-4dbf-ad54-083abdb5e74a.json,0,Cabinet.099,48,0.3345,0.4845,5.9211,-0.1163,1.0000,0.8000,True,prescan_batch_0002.csv
2387,651c37ce-c0cd-47c6-843f-3aa192235e39.json,0,Cabinet.003,48,0.3337,0.4837,-1.5091,-3.8447,0.9800,0.7800,True,prescan_batch_0002.csv
2396,a2aef70d-01b9-4855-a26f-96120ab73f15.json,0,Cabinet.023,48,0.3313,0.4813,2.4171,-10.2573,1.4040,1.2040,True,prescan_batch_0004.csv
2397,be05ec39-347e-4e1c-a75c-494d679eb8aa.json,0,Cabinet.012,48,0.3312,0.4812,-3.2695,1.7196,0.9800,0.7800,True,prescan_batch_0005.csv
2399,d19b8b80-a9af-477a-bf3f-41cd20cf840b.json,0,Cabinet.007,48,0.3310,0.4810,-1.6649,-0.9286,0.9800,0.7800,True,prescan_batch_0005.csv
2400,d049cff2-9506-4189-a2e8-42b4754cf671.json,0,Cabinet.045,48,0.3308,0.4808,6.8920,1.8398,1.0000,0.8000,True,prescan_batch_0005.csv
2401,5be20617-7ee8-472d-bf62-b3912a32c45d.json,0,Cabinet.086,48,0.3305,0.4805,4.7601,-2.8015,1.0220,0.8220,True,prescan_batch_0002.csv
2402,86b8d631-2312-4e2f-82f7-de19d29a5f39.json,0,Cabinet.015,48,0.3302,0.4802,-3.6937,-1.2086,0.9800,0.7800,True,prescan_batch_0003.csv
2404,3deec4df-5cbc-436b-a264-f97c25dddc62.json,0,Cabinet.009,48,0.3293,0.4793,4.3728,-1.2143,0.9800,0.7800,True,prescan_batch_0001.csv
2405,374305fa-c4ea-4d78-8321-4e1414d2535d.json,0,Cabinet.052,48,0.3290,0.4790,0.7098,0.8302,1.0370,0.8370,True,prescan_batch_0001.csv
2406,ba26a1d1-5808-4ace-9233-36b629e17a63.json,0,Cabinet.011,48,0.3289,0.4789,-4.2544,-4.6032,0.9800,0.7800,True,prescan_batch_0004.csv
2407,93e4d5d6-5508-4ac2-bbe4-6e31c66163c2.json,0,Cabinet.010,48,0.3286,0.4786,-1.5149,-0.9262,0.9800,0.7800,True,prescan_batch_0003.csv
2409,ecbff5e1-39fd-4a37-acd1-e836f987a981.json,0,Cabinet.008,48,0.3283,0.4783,-2.2947,2.0581,0.9950,0.7950,True,prescan_batch_0006.csv
2411,8e41bf97-c27a-4f1c-9208-1a31f9611d5f.json,0,Cabinet.013,48,0.3265,0.4765,4.6889,-0.0081,0.9800,0.7800,True,prescan_batch_0003.csv
2412,9bf58256-675c-40d8-a685-e1496d9b84a7.json,0,Cabinet.003,48,0.3263,0.4763,-3.2647,1.2033,0.9800,0.7800,True,prescan_batch_0004.csv
2414,d6bc1b0a-d7aa-48d0-bba5-5aed5eaa539d.json,0,Cabinet.067,48,0.3261,0.4761,2.2634,-1.0778,1.0220,0.8220,True,prescan_batch_0005.csv
2415,48b752c5-ee7f-4571-a3a8-2c1df74b2aea.json,0,table.002,36,0.3260,0.4760,13.0135,2.5893,1.2527,1.0527,True,prescan_batch_0001.csv
2417,3935a020-6a26-4e14-ba45-39062fc8aed0.json,0,Cabinet.003,48,0.3255,0.4755,-0.5097,-0.5319,1.0000,0.8000,True,prescan_batch_0001.csv
2418,255628e7-aaa4-470e-aae8-cc6bdfc3652c.json,0,Cabinet.003,48,0.3246,0.4746,-2.5632,-1.6244,0.9800,0.7800,True,prescan_batch_0001.csv
2419,38d90d55-8add-4c08-b054-4fe57e4768e5.json,0,Cabinet.004,48,0.3246,0.4746,-3.0791,-3.5182,0.9800,0.7800,True,prescan_batch_0001.csv
2420,57cb9c1c-82b6-4708-9514-472c1a05b919.json,0,Cabinet.012,48,0.3246,0.4746,-2.1027,-0.7341,0.9800,0.7800,True,prescan_batch_0002.csv
2421,9faff3f5-2f29-4312-bf2f-712557fe9fe7.json,0,Cabinet.003,48,0.3246,0.4746,0.1183,-3.9528,0.9800,0.7800,True,prescan_batch_0004.csv
2422,d532808e-59b6-4222-8e09-13fe41bdf133.json,0,Cabinet.007,48,0.3246,0.4746,-1.5655,-0.9735,0.9800,0.7800,True,prescan_batch_0005.csv
2423,f1a605ec-155d-48fd-ac89-d54c3ebdbfb6.json,0,Cabinet.013,48,0.3246,0.4746,-4.5962,0.5795,0.9800,0.7800,True,prescan_batch_0006.csv
2424,5e60dc5c-7541-46ee-ba0f-6524fe05a00a.json,0,Cabinet.008,48,0.3244,0.4744,-1.9264,-0.9445,0.9950,0.7950,True,prescan_batch_0002.csv
2426,7953c350-d2e9-4cdd-8f7e-b73b938331e0.json,0,Cabinet.008,48,0.3239,0.4739,-1.0720,-0.9485,0.9950,0.7950,True,prescan_batch_0003.csv
2428,a2f42535-1c03-4e16-a6f5-a148cb5ec54a.json,0,Cabinet.030,48,0.3236,0.4736,-4.9489,3.0234,1.0000,0.8000,True,prescan_batch_0004.csv
2430,107179df-064b-4134-b988-82a44d664444.json,0,Cabinet.012,48,0.3226,0.4726,1.8855,-1.0828,0.9800,0.7800,True,prescan_batch_0000.csv
2431,ef5860ab-d989-4605-93b1-5127126696c6.json,0,Cabinet.001,48,0.3223,0.4723,3.9875,-3.9117,0.9950,0.7950,True,prescan_batch_0006.csv
2432,243de1c0-04f4-430a-97bf-49459cff18bf.json,0,Cabinet.074,48,0.3220,0.4720,0.8064,-0.4749,1.0370,0.8370,True,prescan_batch_0001.csv
2433,3782eee0-b0fe-452e-aefe-55bd5e96237e.json,0,Cabinet.008,48,0.3220,0.4720,2.1249,-3.8871,0.9950,0.7950,True,prescan_batch_0001.csv
2434,45e7004e-bcb4-4f00-b475-4771e68d28da.json,0,Cabinet.035,48,0.3220,0.4720,-18.0794,-4.0478,1.0370,0.8370,True,prescan_batch_0001.csv
2435,7e61cbde-bf28-4e5f-8595-867906134d5a.json,0,Cabinet.071,48,0.3220,0.4720,2.2357,-2.9935,1.0370,0.8370,True,prescan_batch_0003.csv
2436,8478b032-a360-4549-80dc-1409a87f4a2b.json,0,Cabinet.035,48,0.3220,0.4720,3.0263,-3.0595,1.0370,0.8370,True,prescan_batch_0003.csv
2437,8effb2a7-1b2a-49e3-9ae7-676a5a4007d2.json,0,Cabinet.006,48,0.3220,0.4720,3.5766,-2.3284,0.9950,0.7950,True,prescan_batch_0003.csv
2438,aa6d487c-ed0f-49be-bb94-3b8c13af391b.json,0,Cabinet.313,48,0.3220,0.4720,2.0510,3.2855,1.0370,0.8370,True,prescan_batch_0004.csv
2439,e6e919bb-01bf-4003-a676-5276ce19e2b9.json,0,Cabinet.246,48,0.3220,0.4720,-1.8704,-1.9518,1.4040,1.2040,True,prescan_batch_0006.csv
2440,fc8c70a8-34ee-41d7-b54f-022c75d117e0.json,0,cabinet,48,0.3220,0.4720,3.5670,-1.3475,0.9291,0.7291,True,prescan_batch_0006.csv
2441,fb90b296-f1cd-4741-a3a1-c626dabc6e68.json,0,Cabinet.001,48,0.3213,0.4713,-1.5171,-2.9634,0.9950,0.7950,True,prescan_batch_0006.csv
2444,6a4ced47-7756-4637-82a8-5dc2283fba09.json,0,Cabinet.053,48,0.3209,0.4709,0.8779,0.7627,1.0220,0.8220,True,prescan_batch_0002.csv
2446,f485b373-bf78-4417-9ff7-54d25478d312.json,0,Cabinet.066,48,0.3207,0.4707,0.3420,-2.9015,1.0000,0.8000,True,prescan_batch_0006.csv
2448,9819d7d9-5d08-48aa-b496-45bb26b0f5a3.json,0,Cabinet.016,48,0.3203,0.4703,5.2087,3.6156,0.9700,0.7700,True,prescan_batch_0004.csv
2449,a7449906-43ae-4a5c-871a-51db33ae4608.json,0,Cabinet.012,48,0.3199,0.4699,-2.1081,-3.4276,0.9800,0.7800,True,prescan_batch_0004.csv
2452,356e8e40-f891-48e8-a393-aee1a9412275.json,0,Cabinet.057,48,0.3190,0.4690,-2.9607,-2.6735,1.0000,0.8000,True,prescan_batch_0001.csv
2453,c053acfe-10e0-4485-9b4b-4ff12aca4d49.json,0,Cabinet.066,48,0.3186,0.4686,-2.3475,0.0039,2.2820,2.0820,True,prescan_batch_0005.csv
2454,50e738a6-b80c-4ce3-a2b1-51515535afc3.json,0,Cabinet.010,48,0.3181,0.4681,-1.3220,-2.9818,0.9800,0.7800,True,prescan_batch_0002.csv
2456,b47b44ad-3c33-4589-9fa7-450c9c1dbcf5.json,0,table.004,36,0.3180,0.4680,-3.2016,-1.3007,1.2527,1.0527,True,prescan_batch_0004.csv
2457,a74cbd87-e6cf-4df8-9007-1134ec1f5459.json,0,table.003,36,0.3174,0.4674,4.0151,1.6996,0.9597,0.7597,True,prescan_batch_0004.csv
2459,545a2079-3533-45e3-8893-4bd9b90cbf10.json,0,Cabinet.016,48,0.3170,0.4670,5.2074,3.6241,0.9700,0.7700,True,prescan_batch_0002.csv
2461,1abad012-4556-4db7-8215-ef87f7dcf340.json,0,Cabinet.093,48,0.3168,0.4668,5.2058,4.2942,1.0000,0.8000,True,prescan_batch_0000.csv
2462,91f3b7a3-6b66-452f-b674-8b5b6f80ec1d.json,0,Cabinet.042,48,0.3168,0.4668,0.7161,0.4209,1.0000,0.8000,True,prescan_batch_0003.csv
2465,174948c4-2519-4d82-bb1b-7784330d2fed.json,0,Cabinet.014,48,0.3157,0.4657,3.8955,0.5761,0.9950,0.7950,True,prescan_batch_0000.csv
2466,eaa1c03f-cd76-4ecb-abcc-0e66fa5a2c07.json,0,Cabinet.034,48,0.3156,0.4656,1.7524,1.3141,1.0370,0.8370,True,prescan_batch_0006.csv
2467,801829a3-7355-4383-a3ce-41876ef1d358.json,0,Cabinet.050,48,0.3155,0.4655,0.1143,0.4130,1.0370,0.8370,True,prescan_batch_0003.csv
2468,b063aa6e-7b2f-4f85-a9b3-3987c6def44a.json,0,Cabinet.021,48,0.3152,0.4652,3.5506,-0.8779,0.9800,0.7800,True,prescan_batch_0004.csv
2469,c0525323-5f95-48b6-9a62-5a0d55a0c10e.json,0,Cabinet.008,48,0.3149,0.4649,4.3711,-0.2873,0.9950,0.7950,True,prescan_batch_0005.csv
2470,7b267b1a-9a3a-4255-9ccd-fdc353a0edc0.json,0,Cabinet.012,48,0.3145,0.4645,3.4124,-1.1302,0.9800,0.7800,True,prescan_batch_0003.csv
2472,a9e9dd50-3f47-4b02-8a23-c968a112369d.json,0,table.005,36,0.3126,0.4626,3.6317,2.9636,1.1524,0.9524,True,prescan_batch_0004.csv
2478,b5d7a81d-cccf-4502-acd9-4a3dd893ddc7.json,0,table,36,0.3111,0.4611,1.4313,2.1202,1.2527,1.0527,True,prescan_batch_0004.csv
2484,1cdf715f-663f-4fe1-9307-edd66e5312cd.json,0,Cabinet.007,48,0.3096,0.4596,-1.2725,-5.4637,0.9800,0.7800,True,prescan_batch_0000.csv
2485,1c815e3d-b8bc-42fa-944e-8278b7cd9acb.json,0,Cabinet.016,48,0.3092,0.4592,5.2043,3.4783,0.9700,0.7700,True,prescan_batch_0000.csv
2486,219a8aab-25f7-4ea0-a9d2-345fd362ad9b.json,0,Desk.004,81,0.3090,0.4590,4.7922,2.4988,1.1488,0.9488,True,prescan_batch_0000.csv
2489,06543b99-4fe3-4be8-be81-f62a83bbee97.json,0,Cabinet.063,48,0.3080,0.4580,-3.4389,3.6817,1.0000,0.8000,True,prescan_batch_0000.csv
2490,7195f29f-49b9-4ef5-9ff4-6466559318fa.json,0,Cabinet.066,48,0.3080,0.4580,5.3652,-1.3818,0.9850,0.7850,True,prescan_batch_0003.csv
2491,ad50e9bd-4511-4b68-b348-c472c719440d.json,0,Cabinet.095,48,0.3080,0.4580,3.1380,3.8877,1.0000,0.8000,True,prescan_batch_0004.csv
2492,bb8583bf-ee94-4667-9981-63faf7a91234.json,0,Cabinet.086,48,0.3080,0.4580,-3.0314,-5.3721,1.0000,0.8000,True,prescan_batch_0004.csv
2495,ef2e95fa-9458-47f8-9779-c3a3c644d670.json,0,cabinet,48,0.3076,0.4576,0.7286,-0.3208,1.0541,0.8541,True,prescan_batch_0006.csv
2496,1ee30586-b6e2-4165-a2a3-7fafa7bc3284.json,0,Cabinet.016,48,0.3075,0.4575,5.0410,3.4660,0.9700,0.7700,True,prescan_batch_0000.csv
2509,51375fc5-dd6a-4e5b-bd10-be734156418f.json,0,table.007,36,0.3047,0.4547,3.1272,3.6271,1.1524,0.9524,True,prescan_batch_0002.csv
2514,4c2c82a1-1589-4326-be92-03187ba0b459.json,0,Cabinet.011,48,0.3026,0.4526,-3.0929,3.2342,0.9800,0.7800,True,prescan_batch_0002.csv
2515,e1bfc1be-b96b-43a3-9485-01a1ff78d9da.json,0,Cabinet.016,48,0.3022,0.4522,5.2016,3.6414,0.9700,0.7700,True,prescan_batch_0006.csv
2517,641eaf99-ec77-40a6-bef8-2ff72ef2b1d1.json,0,Cabinet.066,48,0.3021,0.4521,1.1321,1.9918,1.0370,0.8370,True,prescan_batch_0002.csv
2519,5a4c9099-cf8f-4439-96ee-43736096617a.json,0,Cabinet.035,48,0.3017,0.4517,-22.4586,-0.4515,3.9500,3.7500,True,prescan_batch_0002.csv
2521,007c0c17-cd85-400a-bdf0-80f0e1eefe2d.json,0,Cabinet.091,48,0.3012,0.4512,2.5513,4.0329,1.0000,0.8000,True,prescan_batch_0000.csv
